seller_id,seller_state,total_revenue,total_orders,revenue_rank,order_rank,revenue_pct
4869f7a5dfa277a7dca6462dcf3b52b2,SP,226987.93,1124,1,9,1.72
53243585a1d6dc2643021fd1853d8905,BA,217940.44,348,2,40,1.65
4a3ca9315b744ce9f8e9374361493884,SP,196882.12,1772,3,2,1.49
fa1c13f2614d7b5c4749cbc52fecda94,SP,190917.14,578,4,19,1.44
7c67e1448b00f6e969d365cea6b010ab,SP,186570.05,973,5,11,1.41
7e93a43ef30c4f03f38b393420bc753a,SP,165981.49,319,6,48,1.26
da8622b14eb17ae2831f4ac5b9dab84a,SP,159816.87,1311,7,5,1.21
7a67c85e85bb2ce8582c35f2203ad736,SP,139658.69,1145,8,7,1.06
1025f0e2d44d7041d6cf58b6550e0bfa,SP,138208.56,910,9,13,1.05
955fee9216a65b617aa5c0531780ce60,SP,131836.71,1261,10,6,1
46dc3b2cc0980fb8ec44634e21d2718e,RJ,122811.38,503,11,25,0.93
6560211a19b47992c3666cc44a7e94c0,SP,120702.83,1819,12,1,0.91
620c87c171fb2a6dd6e8bb4dec959fc6,RJ,112461.5,722,13,14,0.85
7d13fca15225358621be4086e1eb0964,SP,112436.18,558,14,20,0.85
5dceca129747e92ff8ef7a997dc4f8ca,SP,111126.73,322,15,47,0.84
1f50f920176fa81dab994f9023523100,SP,106655.71,1399,16,4,0.81
cc419e0650a3c5ba77189a1882b7556a,SP,101090.96,1651,17,3,0.76
a1043bafd471dff536d0c462352beb48,MG,99309.23,702,18,15,0.75
3d871de0142ce09b7081e2b9d1733cb1,SP,93407.4,1064,19,10,0.71
edb1ef5e36e0c8cd84eb3c9b003e486d,RJ,79144.9,165,20,108,0.6
ccc4bbb5f32a6ab2b7066a4130f114e3,PR,72926.72,184,21,97,0.55
f7ba60f8c3f99e7ee4042fdef03b70c4,SP,68070,218,22,74,0.51
fe2032dab1a61af8794248c8196565c9,SP,65689.71,293,23,57,0.5
8581055ce74af1daba164fdbd55a40de,SP,64011.22,380,24,37,0.48
cca3071e3e9bb7d12640c9fbe2301306,SP,63035.16,699,25,16,0.48
04308b1ee57b6625f47df1d56f00eedf,SC,58991.8,92,26,227,0.45
522620dcb18a6b31cd7bdf73665113a9,PR,56690.49,172,27,101,0.43
de722cd6dad950a92b7d4f82673f8833,PE,55126.3,337,28,42,0.42
37be5a7c751166fbc5f8ccba4119e043,SP,54735.55,269,29,59,0.41
17e34d8224d27a541263c4c64b11a56b,SP,54440.28,247,30,66,0.41
7ddcbb64b5bc1ef36ca8c151f6ec77df,SP,54435.66,325,31,45,0.41
25c5c91f63607446a97b143d2d535d31,MG,54208.78,156,32,121,0.41
218d46b86c1881d022bce9c68a7d4b15,SP,53710.3,382,33,36,0.41
ceaec5548eefc6e23e6607c5435102e7,SP,51478.18,198,34,87,0.39
f5a590cf36251cf1162ea35bef76fe84,SP,51232.78,113,35,183,0.39
e882b2a25a10b9c057cc49695f222c19,RJ,51057.54,57,36,373,0.39
2bf6a2c1e71bbd29a4ad64e6d3c3629f,RJ,50628.9,30,37,612,0.38
f8db351d8c4c4c22c6835c19a46f01b0,SP,50082.6,659,38,17,0.38
b2ba3715d723d245138f291a6fe42594,SP,49302.18,324,39,46,0.37
17f51e7198701186712e53a39c564617,SP,48019,56,40,380,0.36
8160255418d5aaa7dbdc9f4c64ebda44,SP,46368.39,380,41,37,0.35
966cb4760537b1404caedd472cc610a5,SP,45928.26,67,42,315,0.35
77530e9772f57a62c906e1c21538ab82,PR,45676.6,312,43,51,0.35
4e922959ae960d389249c378d1c939f5,SP,45338.42,412,44,29,0.34
850f4f8af5ea87287ac68de36e29107f,SP,45285.37,186,45,96,0.34
c826c40d7b19f62a09e2d7c5e7295ee2,SP,44653.04,346,46,41,0.34
b33e7c55446eabf8fe1a42d037ac7d6d,SP,44215.17,149,47,130,0.33
ba90964cff9b9e0e6f32b23b82465f7b,SP,44212.5,38,48,518,0.33
eeb6de78f79159600292e314a77cbd18,SC,43510.84,82,49,262,0.33
c3cfdc648177fdbbbb35635a37472c53,PR,43048.18,278,50,58,0.33
4d6d651bd7684af3fffabd5f08d12e5a,SP,42999,363,51,39,0.33
b839e41795b7f3ad94cc2014a52f6796,SP,42829,33,52,572,0.32
e9779976487b77c6d4ac45f75ec7afe9,SP,42229.69,645,53,18,0.32
17a053fcb14bd219540cbde0df490be0,SP,40353.24,124,54,165,0.31
d91fb3b7d041e83b64a00a3edfb37e4f,SP,39926.39,524,55,22,0.3
834f3294fba9f932f56edc879193f925,SP,39907.5,66,56,320,0.3
391fc6631aebcf3004804e51b40bcf1e,SP,39475.3,521,57,23,0.3
712e6ed8aa4aa1fa65dab41fed5737e4,SC,39385,77,58,279,0.3
634964b17796e64304cadf1ad3050fb7,RJ,39114.1,265,59,60,0.3
2eb70248d66e0e3ef83659f71b244378,SP,38990.72,187,60,94,0.29
7142540dd4c91e2237acb7e911c4eba2,SP,37181.94,316,61,49,0.28
7178f9f4dd81dcef02f62acdf8151e01,SC,36795.4,202,62,84,0.28
ea8482cd71df3c1969d7b9473ff13abc,SP,36696.76,1132,63,8,0.28
59417c56835dd8e2e72f91f809cd4092,SP,36459,18,64,833,0.28
c70c1b0d8ca86052f45a432a38b73958,SP,36289.15,260,65,62,0.27
06a2c3af7b3aee5d69171b0e14f0ee87,MA,36097.98,389,66,34,0.27
c3867b4666c7d76867627c2f7fb22e21,SP,34666.9,228,67,71,0.26
7299e27ed73d2ad986de7f7c77d919fa,MG,34107.44,335,68,43,0.26
e9bc59e7b60fc3063eb2290deda4cced,PR,33543.69,209,69,80,0.25
1835b56ce799e6a4dc4eddc053f04066,SP,33005.32,417,70,28,0.25
5c243662ce92d84573bfaff24c3e3700,SP,32862.02,98,71,211,0.25
dbc22125167c298ef99da25668e1011f,MG,32829.12,394,72,32,0.25
9c0e69c7bf2619675bbadf47b43f655a,SP,32720.4,151,73,127,0.25
2528513dd95219a6013d4d05176e391a,SP,32660.2,160,74,115,0.25
76d5af76d0271110f9af36c92573f765,SP,31944.6,128,75,156,0.24
70eea00b476a314817cefde4aad4f89a,SP,31424.75,106,76,196,0.24
0241d4d5d36f10f80c644447315af0bd,PR,31397.7,238,77,69,0.24
88460e8ebdecbfecb5f9601833981930,PR,31320.4,246,78,67,0.24
7681ef142fd2c19048da7430856b5588,SP,31211.81,58,79,369,0.24
87142160b41353c4e5fca2360caf6f92,RS,31095.98,305,80,53,0.24
855668e0971d4dfd7bef1b6a4133b41b,SP,30849.22,300,81,56,0.23
e59aa562b9f8076dd550fcddf0e73491,PR,30716.3,69,82,305,0.23
70a12e78e608ac31179aea7f8422044b,SP,29963.53,312,83,51,0.23
53e4c6e0f4312d4d2107a8c9cddf45cd,SP,29587.77,463,84,27,0.22
d23019c84ffae2d5ef2270367b8605fc,PR,29205.1,39,85,506,0.22
1554a68530182680ad5c8b042c3ab563,MG,28979.64,246,86,67,0.22
900ba814c251a692506d7834c1218441,SP,28833.03,86,87,249,0.22
0b90b6df587eb83608a64ea8b390cf07,PR,28492.76,163,88,110,0.22
59b22a78efb79a4797979612b885db36,MG,27184.5,125,89,162,0.21
d1c281d3ae149232351cd8c8cc885f0d,SP,26833.61,214,90,77,0.2
b32be1695eb7ec5f10f72d9610a12527,RS,26575,44,91,458,0.2
12b9676b00f60f3b700e83af21824c0e,RS,26376,133,92,148,0.2
a3a38f4affed601eb87a97788c949667,SC,26294.62,251,93,65,0.2
7e1fb0a3ebfb01ffb3a7dae98bf3238d,SP,26169.53,155,94,124,0.2
de23c3b98a88888289c6f5cc1209054a,SP,25933.67,161,95,111,0.2
9f505651f4a6abe901a56cdc21508025,SP,25912.84,393,96,33,0.2
16090f2ca825584b5a147ab24aa30c86,SP,25579.16,398,97,31,0.19
b94cc9f10ddc85e4ba73a6f7974e7101,RJ,25346.1,39,98,506,0.19
a416b6a846a11724393025641d4edd5e,SP,24930.24,157,99,119,0.19
c003204e1ab016dfa150abc119207b24,SP,24904.29,195,100,90,0.19
1c68394e931a64f90ea236c5ea590300,PR,24832.75,142,101,138,0.19
f62d7bb4a613ec758a03342d46b580b2,MG,24665,32,102,585,0.19
1900267e848ceeba8fa32d80c1a5f5a8,SP,24639.57,406,103,30,0.19
001cca7ae9ae17fb1caed9dfb1094831,ES,24487.03,195,104,90,0.19
b37c4c02bda3161a7546a4e6d222d5b2,SP,24075,4,105,1767,0.18
dc4a0fc896dc34b0d5bfec8438291c80,SP,23655.98,225,106,73,0.18
2b3e4a2a3ea8e01938cabda2a3e5cc79,SP,23629.15,52,107,403,0.18
40db9e9aa57f7bb151bcda6b0f9bdbb7,PE,23168,12,108,1048,0.18
612170e34b97004b3ba37eae81836b4c,RS,23065.02,107,109,194,0.17
7b0df942f46435babab05d49b744b2c4,SP,22600.63,32,110,585,0.17
1a3df491d1c4f1589fc2b934ada68bf2,SC,22472.4,160,111,115,0.17
710e3548e02bc1d2831dfc4f1b5b14d4,PR,22369.25,131,112,152,0.17
744dac408745240a2c2528fb1b6028f3,PR,22322.6,78,113,276,0.17
7ad32824caee82087b3e2e5f33b1bf32,SP,22018.1,147,114,134,0.17
ff69aa92bb6b1bf9b8b7a51c2ed9cf8b,SP,21940.8,20,115,786,0.17
f45122a9ab94eb4f3f8953578bc0c560,SP,21764.68,184,116,97,0.16
897060da8b9a21f655304d50fd935913,SP,21740.51,304,117,54,0.16
06e5eefc71ec47ae763c5c6f8db7064f,RS,21648.67,90,118,237,0.16
b1b3948701c5c72445495bd161b83a4c,SP,21519.5,14,119,974,0.16
8444e55c1f13cd5c179851e5ca5ebd00,MG,21480.96,92,120,227,0.16
05ff92fedb5be47920fea08e501238b9,RS,21235.98,57,121,373,0.16
8f2ce03f928b567e3d56181ae20ae952,SP,21213.2,151,122,127,0.16
59fb871bf6f4522a87ba567b42dafecf,SP,21178.6,123,123,167,0.16
d2374cbcbb3ca4ab1086534108cc3ab7,SP,20926.02,514,124,24,0.16
00ee68308b45bc5e2660cd833c3f81cc,SP,20260,135,125,146,0.15
48162d548f5b1b11b9d29d1e01f75a61,SP,20109.39,66,126,320,0.15
729f06993dac8e860d4f02d7088ca48a,SP,19885.18,94,127,219,0.15
004c9cd9d87a3c30c522c48c4fc07416,SP,19569.73,156,128,121,0.15
bfd27a966d91cfaafdb25d076585f0da,SP,19225,114,129,181,0.15
dc317f341ab0e22f39acbd9dbf9b4a1f,RS,18988.4,55,130,387,0.14
96493fab2fbb13a14d0c0e8772eef5c3,SP,18969,63,131,335,0.14
f457c46070d02cadd8a68551231220dd,PR,18798.3,195,132,90,0.14
0dd184061fb0eaa7ca37932c68ab91c5,SP,18446.92,161,133,111,0.14
44073f8b7e41514de3b7815dd0237f4f,DF,18380.64,142,134,138,0.14
d650b663c3b5f6fb392b6326366efa9a,SP,18335.9,57,135,373,0.14
cd68562d3f44870c08922d380acae552,SP,18119.7,122,136,169,0.14
527801b552d0077ffd170872eb49683b,SP,17942.8,90,137,237,0.14
821fb029fc6e495ca4f08a35d51e53a5,SP,17851.62,24,138,705,0.14
a888faf2d1baececa6baf9c3d603ee1f,PR,17564.8,53,139,397,0.13
9de4643a8dbde634fe55621059d92273,SC,17560.34,72,140,300,0.13
c72de06d72748d1a0dfb2125be43ba63,BA,17522,21,141,760,0.13
165fc07beebdcb6190fba8a06db2a449,PR,17481.4,50,142,414,0.13
94144541854e298c2d976cb893b81343,RS,17286.28,68,143,311,0.13
8b321bb669392f5163d04c59e235e066,SP,17262.94,930,144,12,0.13
1e8b33f18b4f7598d87f5cbee2282cc2,SP,17233.56,122,145,169,0.13
0c8380b62e38e8a1e6adbeba7eb9688c,MG,17228.99,180,146,99,0.13
54a1852d1b8f10312c55e906355666ee,SP,17056.46,198,147,87,0.13
abe42c5d03695b4257b5c6cbf4e6784e,RJ,17000,49,148,426,0.13
76d64c4aca3a7baf218bf93ef7fa768d,PR,16911.8,64,149,330,0.13
c3acdfac4e3e97ff87529454fbc03642,SP,16788,12,150,1048,0.13
8ae520247981aa06bc94abddf5f46d34,SC,16320.99,65,151,327,0.12
41b39e28db005d9731d9d485a83b4c38,SP,16306.75,187,152,94,0.12
4a3ccda38b2129705f3fb522db62ca31,SP,16169.09,64,153,330,0.12
ef0ace09169ac090589d85746e3e036f,RJ,16105.4,128,154,156,0.12
1f1bb1f0859883505541bdd6606193e5,SP,16040.84,27,155,659,0.12
7aa4334be125fcdd2ba64b3180029f14,SP,16012.95,214,156,77,0.12
fa40cc5b934574b62717c68f3d678b6d,SP,15900.48,304,157,54,0.12
86ccac0b835037332a596a33b6949ee1,SC,15894.34,178,158,100,0.12
4b9750c8ad28220fe6702d4ecb7c898f,SP,15815.4,217,159,75,0.12
d921b68bf747894be13a97ae52b0f386,MG,15645.8,77,160,279,0.12
6061155addc1e54b4cfb51c1c2a32ad8,SP,15633.4,28,161,644,0.12
0adac9fbd9a2b63cccaac4f8756c1ca8,SP,15557.6,106,162,196,0.12
2a5b78b41cd05baeac8df54c6606b92c,MG,15554.28,46,163,440,0.12
c33847515fa6305ce6feb1e818569f13,SC,15519.85,114,164,181,0.12
229c3efbfb0ea2058de4ccdfbc3d784a,MG,15479,118,165,176,0.12
e5a38146df062edaf55c38afa99e42dc,SP,15270.89,120,166,174,0.12
c847e075301870dd144a116762eaff9a,MG,15248.8,41,167,488,0.12
85d9eb9ddc5d00ca9336a2219c97bb13,MG,15107.24,499,168,26,0.11
213b25e6f54661939f11710a6fddb871,SP,15105.95,152,169,126,0.11
f9244d45189d3a3605499abddeade7d5,SP,15081.44,20,170,786,0.11
e2a1ac9bf33e5549a2a4f834e70df2f8,SP,14999.45,5,171,1629,0.11
2a84855fd20af891be03bc5924d2b453,MG,14989,155,172,124,0.11
01fdefa7697d26ad920e9e0346d4bd1b,PR,14802.53,128,173,156,0.11
79ebd9a61bac3eaf882805ed4ecfa12a,PR,14783.09,133,174,148,0.11
080199a181c46c657dc5aa235411be3b,SP,14504.2,79,175,272,0.11
4c2b230173bb36f9b240f2b8ac11786e,SP,14474.57,258,176,63,0.11
a5cba26a62b8b4d0145b68b841e62e7f,PR,14438.84,53,177,397,0.11
1b4c3a6f53068f0b6944d2d005c9fc89,SC,14420.5,111,178,186,0.11
5cf13accae3222c70a9cac40818ae839,MG,14293.3,148,179,132,0.11
66922902710d126a0e7d26b0e3805106,MG,14267.3,150,180,129,0.11
8e6d7754bc7e0f22c96d255ebda59eba,SP,14107.38,84,181,257,0.11
aba1721a889e04decc910aa13b768ef4,SP,14103.3,83,182,260,0.11
f08a5b9dd6767129688d001acafc21e5,RS,14069.63,11,183,1111,0.11
c6bda72e4dbf5c5866b13cb1810c6d03,SP,14059.38,59,184,364,0.11
2e90cb1677d35cfe24eef47d441b7c87,SP,13894.71,127,185,159,0.11
3b15288545f8928d3e65a8f949a28291,SP,13764.82,101,186,205,0.1
b8bc237ba3788b23da09c0f1f3a3288c,SC,13685.71,45,187,449,0.1
d94a40fd42351c259927028d163af842,MG,13674.8,100,188,209,0.1
a6bd7d1ccdac48c6b33b28596b7eb122,PB,13669.11,15,189,939,0.1
610f72e407cdd7caaa2f8167b0163fd8,SP,13585.16,16,190,902,0.1
ce248b21cb2adc36282ede306b7660e5,SC,13560.19,64,191,330,0.1
6039e27294dc75811c0d8a39069f52c0,SP,13500.8,63,192,335,0.1
6d66611d7c44cc30ce351abc49a68421,SP,13428.6,164,193,109,0.1
34d1ca11b242c0fee2c834ae8d788566,MG,13422.24,40,194,498,0.1
289cdb325fb7e7f891c38608bf9e0962,SP,13410.55,109,195,188,0.1
a3e9a2c700480d9bb01fba070ba80a0e,SP,13371.8,129,196,154,0.1
a673821011d0cec28146ea42f5ab767f,SP,13366,125,197,162,0.1
240b9776d844d37535668549a396af32,RJ,13332.09,35,198,546,0.1
1f9ab4708f3056ede07124aad39a2554,SP,13312.93,76,199,287,0.1
8cc6a0e5738e61a87b03c78b2ba9db4b,MG,13272.7,23,200,718,0.1
d05ae8f7a5bd1d2a690a44cd079e4e27,RJ,13244,77,201,279,0.1
0b35c634521043bf4b47e21547b99ab5,PR,13235.65,50,202,414,0.1
669ae81880e08f269a64487cfb287169,SC,13133.87,161,203,111,0.1
05f51e13da97139648b8125c31e5f51b,MG,13100.31,57,204,373,0.1
440dd6ab244315c632130ecfb63827b1,SP,13089,91,205,231,0.1
d50d79cb34e38265a8649c383dcffd48,SP,13012.42,70,206,303,0.1
c31eff8334d6b3047ed34bebd4d62c36,SP,12991.61,120,207,174,0.1
431af27f296bc6519d890aa5a05fdb11,SP,12974.6,116,208,177,0.1
6edacfd9f9074789dad6d62ba7950b9c,SP,12966.4,205,209,82,0.1
9e6229250fedbe05838fef417b74e7fb,SP,12962.3,73,210,297,0.1
039e6ad9dae79614493083e241147386,SP,12925,5,211,1629,0.1
e24fc9fcd865784fb25705606fe3dfe7,SP,12768,51,212,407,0.1
ed4acab38528488b65a9a9c603ff024a,SP,12759.45,32,213,585,0.1
00fc707aaaad2d31347cf883cd2dfe10,PR,12684.9,103,214,203,0.1
530ec6109d11eaaf87999465c6afee01,PR,12682.11,94,215,219,0.1
75d34ebb1bd0bd7dde40dd507b8169c3,BA,12656.33,57,216,373,0.1
99eaacc9e6046db1c82b163c5f84869f,SP,12642.28,63,217,335,0.1
b372ee768ed69e46ca8cdbd267aa7a38,SP,12630,63,218,335,0.1
cfb1a033743668a192316f3c6d1d2671,SP,12609.54,143,219,136,0.1
1ca7077d890b907f89be8c954a02686a,SP,12474.64,108,220,190,0.09
ad97a199236354e53fcd91a5a913e9a2,SC,12446.85,16,221,902,0.09
ac3508719a1d8f5b7614b798f70af136,RS,12446.14,101,222,205,0.09
2b1a40c1daabc6ca280c4b815c101841,MG,12342.6,22,223,736,0.09
d6b1ce66b035a475f00c017792ff9769,SP,12277.4,92,224,227,0.09
fbc14c0cf93505ef89f64665ffa4a7b5,SP,12227.82,18,225,833,0.09
6e386f64c84e482f0b9abf960797ee1b,SP,12209.3,29,226,628,0.09
056b4ada5bbc2c50cc7842547dda6b51,RJ,12203.4,64,227,330,0.09
c66dccfb3f109511246da627dd5a2498,SP,12182.55,44,228,458,0.09
2e1c9f22be269ef4643f826c9e650a52,SP,12170.24,161,229,111,0.09
c8b0e2b0a7095e5d8219575d5e7e1181,SP,12170.21,84,230,257,0.09
66e0557ecc2b4dbea057e93f215f68d8,SP,12141,30,231,612,0.09
87b740daf17b5d1be335a64164ec6842,SP,12099.89,11,232,1111,0.09
2138ccb85b11a4ec1e37afbd1c8eda1f,SP,12089.22,388,233,35,0.09
7202e2ba20579a9bd1acb29e61fe71f6,SP,12085.7,51,234,407,0.09
70c27847eca8195c983ed7e798c56743,RJ,12077.52,77,235,279,0.09
ff063b022a9a0aab91bad2c9088760b7,SP,12076.5,94,236,219,0.09
a7f13822ceb966b076af67121f87b063,SP,12017.69,73,237,297,0.09
8b8cfc8305aa441e4239358c9f6f2485,PR,11892,15,238,939,0.09
701938c450705b8ae65fc923b70f35c7,SP,11879.29,74,239,291,0.09
7901646fdd36a55f564ffaf2dbccaaf7,RJ,11857.08,22,240,736,0.09
09f952a5f58d2285b0372551ae8f9b01,SP,11821.5,50,241,414,0.09
48436dade18ac8b2bce089ec2a041202,SP,11821.11,134,242,147,0.09
adbc26658d6c7b4b6219f9d934598091,PR,11806.4,88,243,243,0.09
72c5da29406b4234927b81855e7b64f6,SP,11798.69,31,244,595,0.09
128639473a139ac0f3e5f5ade55873a5,PR,11795.85,527,245,21,0.09
ce7d1888639e6fb06b2749cbfdac1ff7,MG,11793.89,78,246,276,0.09
e8b3a3a38279a82f0e5d006d5e5b7d2c,PR,11762.4,80,247,269,0.09
bba3293d6f5d5af2f415e004e8b93ae3,SP,11702.1,17,248,863,0.09
e26901d5ab434ce92fd9b5c256820a4e,SP,11601.5,197,249,89,0.09
25e6ffe976bd75618accfe16cefcbd0d,SP,11552.62,106,250,196,0.09
c4d51195486dc781531876a7d00453d8,SP,11468.98,17,251,863,0.09
d1b65fc7debc3361ea86b5f14c68d2e2,SP,11413.17,39,252,506,0.09
b4f8921fcc4ff77b66bea6dda43dcd51,RS,11395.05,18,253,833,0.09
0be8ff43f22e456b4e0371b2245e4d01,SP,11336,156,254,121,0.09
c60b801f2d52c7f7f91de00870882a75,SP,11296.5,39,255,506,0.09
5d378b73ab7dd6f0418d743e5dcb0bd1,SP,11254,6,256,1515,0.09
1d8dbc4f32378d715c717c1c1fc57bae,PR,11205.99,91,257,231,0.08
6cd68b3ed6d59aaa9fece558ad360c0a,MG,11188.57,149,258,130,0.08
cab85505710c7cb9b720bceb52b01cee,SP,11124.6,201,259,85,0.08
80e6699fe29150b372a0c8a1ebf7dcc8,PR,11119.66,96,260,215,0.08
ccb83a794700270fde70898fe9ff368b,SC,11062,12,261,1048,0.08
5a8e7d5003a1f221f9e1d6e411de7c23,SP,11042.1,137,262,142,0.08
8d956fec2e4337affcb520f56fd8cbfd,SP,10988.2,210,263,79,0.08
95e03ca3d4146e4011985981aeb959b9,RJ,10865.16,172,264,101,0.08
7ea5bfa6c340f58f8e71fc1f0412b0d6,MG,10838.41,96,265,215,0.08
813348c996469b40f2e028d5429d3495,SP,10813.53,172,266,101,0.08
82e0a475a88cc9595229d8029273f045,SP,10748.02,41,267,488,0.08
23d7c96d4a1160db1c726b248601b25a,SP,10658.24,50,268,414,0.08
c9c7905cffc4ef9ff9f113554423e671,SP,10657.18,127,269,159,0.08
dd2bdf855a9172734fbc3744021ae9b9,MG,10607,105,270,200,0.08
0ea22c1cfbdc755f86b9b54b39c16043,MG,10592.1,234,271,70,0.08
c864036feaab8c1659f65ea4faebe1da,PR,10454.2,58,272,369,0.08
6973a06f484aacf400ece213dbf3d946,SP,10418.72,89,273,239,0.08
54965bbe3e4f07ae045b90b0b8541f52,PR,10351.7,73,274,297,0.08
ea566164622c6b439516ab18062c42cd,SP,10309.42,50,275,414,0.08
33a6f4b1e7cdc205511e76ba1b6e0186,SP,10295.01,105,276,200,0.08
f262cbc1c910c83959f849465454ddd3,SP,10199.86,189,277,93,0.08
1c5e4e49b9079480255b49d50aac1aa9,SP,10173.11,12,278,1048,0.08
b499c00f28f4b7069ff6550af8c1348a,SP,10162.18,147,279,134,0.08
c510bc1718f0f2961eaa42a23330681a,SP,10141,12,280,1048,0.08
9d5a9018aee56acb367ba9c3f05d1d6a,GO,10119.98,66,281,320,0.08
7b1222c3624aa89b9558b50a2594188c,SP,10103.52,22,282,736,0.08
5882820ef11c4c068eea0677a7a879b4,RS,9925.5,14,283,974,0.08
0df3984f9dfb3d49ac6366acbd3bbb85,MG,9891.49,86,284,249,0.07
9d4db00d65d7760644ac0c14edb5fd86,SP,9845.71,97,285,213,0.07
06532f10282704ef4c69168b914b77be,PR,9827.95,7,286,1416,0.07
5343d0649eca2a983820bfe93fc4d17e,SP,9819.02,70,287,303,0.07
f3b80352b986ab4d1057a4b724be19d0,DF,9815.1,86,288,249,0.07
5058e8c1e82653974541e83690655b4a,SP,9812.83,62,289,344,0.07
bd23da7354813347129d751591d1a6e2,SP,9704.6,86,290,249,0.07
17ca9b9e9b9ef8fdb529001b49ebb50f,MG,9649.86,115,291,179,0.07
e96498ed8daaa3e9c23f7a62da76591c,SP,9619.09,34,292,563,0.07
e7df4cd29ab5abab70fb0783ddb53987,SP,9608.7,23,293,718,0.07
cf8ab1616079e2793aa29d524df01bb1,SP,9594,6,294,1515,0.07
b2ac621f0d0322434d04a12b078b9369,PR,9575.5,30,295,612,0.07
ef506c96320abeedfb894c34db06f478,SP,9556.5,316,296,49,0.07
1c129092bf23f28a5930387c980c0dfc,SP,9528.62,200,297,86,0.07
4830e40640734fc1c52cd21127c341d4,SP,9490.5,204,298,83,0.07
3db66a856d18a9cba7c9241fc5221c50,MG,9478.3,94,299,219,0.07
ce27a3cc3c8cc1ea79d11e561e9bebb6,SP,9465.45,122,300,169,0.07
01cf7e3d21494c41fb86034f2e714fa1,PR,9439.56,59,301,364,0.07
a00824eb9093d40e589b940ec45c4eb0,SP,9399.97,3,302,1919,0.07
3c487ae8f8d7542beff5788e2e0aea83,DF,9385.7,30,303,612,0.07
31344c16881c08a8a72c6d2eb29918c1,MG,9365.8,42,304,478,0.07
05feb94f19d094d4b0f9281f0b1d4c99,SP,9353,6,305,1515,0.07
aaed1309374718fdd995ee4c58c9dfcd,SC,9345.45,104,306,202,0.07
270297ead4c65a6cd2593960d2af6b21,SP,9344.4,17,307,863,0.07
81a1104df0f08b59c68aa5b03cfe398e,PR,9320.98,72,308,300,0.07
7b07b3c7487f0ea825fc6df75abd658b,SP,9259.47,91,309,231,0.07
ca3bd7cd9f149df75950150d010fe4a2,SP,9253.47,68,310,311,0.07
aafe36600ce604f205b86b5084d3d767,SC,9251.4,129,311,154,0.07
d71d863e5ef30d94e440c11be17dcd8f,SP,9246.9,23,312,718,0.07
7040e82f899a04d1b434b795a43b4617,SP,9213.7,208,313,81,0.07
cb8bcce248bb1fb274ba762d8b971456,MG,9152.4,66,314,320,0.07
dd7ddc04e1b6c2c614352b383efe2d36,SP,9148.61,121,315,173,0.07
6c12e40690c335dbc2f68a4134d30dc1,PR,9139.2,16,316,902,0.07
0db783cfcd3b73998abc6e10e59a102f,SP,9077.4,132,317,151,0.07
06df0c10d34e459d9672bc77388742eb,PR,9070,26,318,674,0.07
048c2757535328e0d7dac690ad3c0aae,SP,9065.08,50,319,414,0.07
5b8154610ebb21fb90eb587365e673df,SP,9048.05,37,320,527,0.07
624f4ece8da4aafb77699233d480f8ef,SP,9046,52,321,403,0.07
4e7c18b98d84e05cbae3ff0ff03846c2,SP,9038.9,81,322,266,0.07
8b28d096634035667e8263d57ba3368c,SP,9025.3,139,323,140,0.07
403aa86912527d730337ffcb0fb096ab,MG,8959.89,11,324,1111,0.07
066a6914e1ebf3ea95a216c73a986b91,PR,8956.38,66,325,320,0.07
f27e33c6d29b5138fa9967bcd445b6d5,SP,8888.3,93,326,224,0.07
32b8764b4ef628b53608fc34011fcc13,SC,8884,36,327,535,0.07
5f2684dab12e59f83bef73ae57724e45,SP,8870.97,67,328,315,0.07
d03698c2efd04a549382afa6623e27fb,BA,8865.47,18,329,833,0.07
f80edd2c5aaa505cc4b0a3b219abf4b8,SP,8855.5,116,330,177,0.07
8e8a7ce9f2f970dc00e2acf6f6e199f6,RJ,8821,63,331,335,0.07
af4a0e4cfe1d9c26b6712b1be25a72e5,MG,8757.98,21,332,760,0.07
9b013e03b2ab786505a1d3b5c0756754,SP,8714.55,170,333,106,0.07
6d803cb79cc31c41c4c789a75933b3c7,SP,8711.4,58,334,369,0.07
1da3aeb70d7989d1e6d9b0e887f97c23,SP,8691.56,261,335,61,0.07
b1a81260566c1bac3114a6d124413f27,RS,8684.69,51,336,407,0.07
562fc2f2c2863ab7e79a9e4388a58a14,SP,8659.25,255,337,64,0.07
a49928bcdf77c55c6d6e05e09a9b4ca5,SP,8646.9,96,338,215,0.07
17306570e772e7718c92a562d33f5f1d,SP,8640,27,339,659,0.07
fffd5413c0700ac820c7069d66d98c89,SP,8535,57,340,373,0.06
6c7d50c24b3ccd2fd83b44d8bb34e073,SP,8445.96,112,341,184,0.06
259f7b5e6e482c230e5bfaa670b6bb8f,SP,8393.14,136,342,143,0.06
054694fa03fe82cec4b7551487331d74,SP,8286.1,20,343,786,0.06
db2956745b3a8e9f3785c99f34b5d25e,SP,8261,45,344,449,0.06
b92e3c8f9738272ff7c59e111e108d7c,MG,8231.09,62,345,344,0.06
cbd996ad3c1b7dc71fd0e5f5df9087e2,SP,8217.5,160,346,115,0.06
397c4d0c005b6f41f90098ac724e28cb,SP,8177,5,347,1629,0.06
4371b634e0efc0e22b09b52907d9d469,SP,8168,101,348,205,0.06
67883baaae6134ee81b271a542613728,SP,8167.9,19,349,805,0.06
86bb7c4b535e49a541baf3266b1c95b1,SP,8162.4,16,350,902,0.06
fdb9095204a334cd8872252ffec6f2db,SP,8156,46,351,440,0.06
52d76513f0c4d97f3b99570e2c94ee31,RS,8153.1,19,352,805,0.06
33a17d60c64393351ebf1ef860f4e0f2,RS,8152.48,43,353,470,0.06
93dc87703c046b603023e75222018b45,MG,8149.35,33,354,572,0.06
784ba75dd9d20200c4caed3d7a77141a,SP,8142.33,19,355,805,0.06
4bfc7a4a1cf8d4d2121c27422d9e50b5,SP,8124.4,26,356,674,0.06
8fb791022c1fc8909664f48ab7dc636d,SP,8119.95,5,357,1629,0.06
7d456afc660226829370f3173d14520c,SP,8118.25,55,358,387,0.06
6c177e38df6d3f34182b1f1d427231bf,PR,8112.89,53,359,397,0.06
6bd69102ab48df500790a8cecfc285c2,SP,8070,5,360,1629,0.06
fcb5ace8bcc92f75707dc0f01a27d269,SP,8009.35,59,361,364,0.06
b1fc4f64df5a0e8b6913ab38803c57a9,RJ,7994.74,107,362,194,0.06
903037660cf848a717166eb7a06d616e,SP,7935.18,44,363,458,0.06
5656537e588803a555b8eb41f07a944b,DF,7931.26,171,364,105,0.06
3078096983cf766a32a06257648502d1,SP,7910.84,56,365,380,0.06
972d0f9cf61b499a4812cf0bfa3ad3c4,SC,7910.42,81,366,266,0.06
750303a20e9c56b2a6bc45cdce0b897d,GO,7876,53,367,397,0.06
bbf9ad41dca6603e614efcdad7aab8c4,CE,7846,14,368,974,0.06
725c32fa80c2faacc4fc88450d27314e,SP,7838.88,89,369,239,0.06
8476243f92442881ddd5b578975cf115,RS,7838,12,370,1048,0.06
2dee2ce60de9709b1a24083217181a1f,MT,7784.5,54,371,393,0.06
b18dc380845b24038cfc48006478f099,SP,7753.96,43,372,470,0.06
7bac63f6603d382cc8d0832eb6c100a8,SP,7751.95,19,373,805,0.06
5b925e1d006e9476d738aa200751b73b,SP,7748.5,63,374,335,0.06
6fd52c528dcb38be2eea044946b811f8,SP,7743.02,67,375,315,0.06
257e61d3251fb5efb9daadddbc2cf7ca,PR,7729,12,376,1048,0.06
ebd2d60905fb58271facef5596b620d3,SP,7713.02,82,377,262,0.06
3bb548e3cb7f70f28e3f11ee9dce0e59,PR,7690.02,46,378,440,0.06
2089a6d640999f9b9141ac719b2af596,SP,7676.02,41,379,488,0.06
08633c14ef2db992c11f840f04fad4cd,SP,7644.3,74,380,291,0.06
73a63f72308aa20a46f4b1632018f196,PR,7640.8,27,381,659,0.06
4e17c65a516f69d023a2ae78b84f28d6,SP,7639.26,61,382,353,0.06
52f976b17ea7f2f087f56dcc419328f6,PR,7630,6,383,1515,0.06
9596c870880d900012f2e8e6e30d06d7,MG,7625.35,21,384,760,0.06
0432ead42b6c8a0bdf68154add917fdf,SP,7574.4,82,385,262,0.06
42bde9fef835393bb8a8849cb6b7f245,DF,7574,34,386,563,0.06
8a432f4e5b471f8da497d7dc517666e2,SP,7555,95,387,218,0.06
e5a3438891c0bfdb9394643f95273d8e,SP,7549.96,216,388,76,0.06
058fd0aa2bfdb2274e05e1ae971dabb6,SP,7549.9,60,389,361,0.06
7008613ea464bad5cb9b83456e1e6a8f,SC,7538.7,123,390,167,0.06
640e21a7d01df7614a3b4923e990d40c,SP,7528.89,115,391,179,0.06
c26a2be5b53b7db6b276280da212a779,RJ,7482,13,392,1012,0.06
062ce95fa2ad4dfaedfc79260130565f,RS,7479.1,54,393,393,0.06
bd0389da23d89b726abf911cccc54596,DF,7472.16,87,394,245,0.06
a420f60ff1aa9acc80d0e42959f2b313,SP,7443.3,67,395,315,0.06
7a241947449cc45dbfda4f9d0798d9d0,MG,7434.66,56,396,380,0.06
0bae85eb84b9fb3bd773911e89288d54,SP,7433.56,136,397,143,0.06
18a349e75d307f4b4cc646a691ed4216,SP,7425.21,109,398,188,0.06
512d298ac2a96d1931b6bd30aa21f61d,RJ,7401.94,11,399,1111,0.06
e0a366315b1b726b6c7832d664c0f530,SP,7400.09,43,400,470,0.06
d51e0a403fe2e689ece6c73359d96e12,SP,7380,18,401,833,0.06
f25e239052084705e17a982bc600ab2a,SP,7380,8,401,1322,0.06
b410bdd36d5db7a65dcd42b7ead933b8,GO,7368.9,42,403,478,0.06
381c83fdca332ea6afd896da20bf6e4a,PR,7355.8,46,404,440,0.06
a2e874074c877c5a05abae80ad6e488f,SP,7355,40,405,498,0.06
961dff0a659b4561334372337dd897d9,RJ,7297,3,406,1919,0.06
b347677812ea483b0f528eaf8cbc09b7,PR,7288.99,21,407,760,0.06
4aba391bc3b88717ce08eb11e44937b2,BA,7286.88,27,408,659,0.06
aced59e9b31ef866a94f9e7f29d8d418,SP,7268.5,61,409,353,0.05
e333046ce6517bd8bb510291d44f0130,SP,7268,68,410,311,0.05
0873d9f8f36123f8d910f4760e788cfb,SP,7265.59,6,411,1515,0.05
8648b1e89e9b349e32d3741b30ec737e,SP,7228.75,93,412,224,0.05
6a51fc556dab5f766ced6fbc860bc613,SP,7217.87,24,413,705,0.05
cee48807215b30a12ca2ca10ffb5f250,SP,7212.23,39,414,506,0.05
d624126b9206f595fb3fbb6ba03b28a8,PR,7198.8,23,415,718,0.05
ade45994b717ccee333492330fbf037b,PR,7196,10,416,1177,0.05
dbb9b48c841a0e39e21f98e1a6b2ec3e,SP,7186.85,108,417,190,0.05
cc63f0dd2acba93ffed4fe9f8e0321fa,SP,7096.71,55,418,387,0.05
febab0275244b9a49a623f0bd613ca2f,SP,7094.82,106,419,196,0.05
54065e9aef7e9e9c2dc23b7594db021a,RJ,7079,12,420,1048,0.05
87e24fc7052259b1f7f607d61c10d8be,SP,7073.59,7,421,1416,0.05
d13e50eaa47b4cbe9eb81465865d8cfc,SP,7073.05,66,422,320,0.05
014c0679dd340a0e338872e7ec85666a,MG,7058,14,423,974,0.05
7722b1df1b0e383e000397b2c11e3e19,SP,7046.6,133,424,148,0.05
f1fd5ab1181f827ffad998c1a5de7d74,PR,7045.99,15,425,939,0.05
dd55f1bb788714a40e7954c3be6df745,SP,7041.76,35,426,546,0.05
679769a98cfcc6da877c8486ff1c13f3,MG,7029,21,427,760,0.05
6fa9202c10491e472dffd59a3e82b2a3,SP,7014.24,3,428,1919,0.05
b8630e1121437d41cb08e3c749c2c2e2,RJ,6988,12,429,1048,0.05
d98eec89afa3380e14463da2aabaea72,RS,6968.53,168,430,107,0.05
30829ded4523ab9224b93bc49a62c95f,RS,6911.71,18,431,833,0.05
d9bd94811c3338dceb4181f3dbc0c73e,SP,6911.02,54,432,393,0.05
36a968b544695394e4e9d7572688598f,SP,6864.47,148,433,132,0.05
b3b17aab11f273023a5f22ca52e1eb70,PR,6850,7,434,1416,0.05
58f1a6197ed863543e0136bdedb3fce2,MG,6833,44,435,458,0.05
5b67882648febfb6e1225e6ad7164f6b,PR,6813.48,27,436,659,0.05
33dd941c27854f7625b968cc6195a552,ES,6787.5,5,437,1629,0.05
40d54b51e962dbe09cabbcfd33298dee,SP,6785.56,30,438,612,0.05
ff1fb4c404b2efe68b03350a8dc24122,SP,6771,46,439,440,0.05
54219883e72aad869adfb2a54b7bfa0f,SP,6750,5,440,1629,0.05
e3b4998c7a498169dc7bce44e6bb6277,SP,6735,1,441,2436,0.05
3340ef1913fb70d28420f6ceb685c339,PR,6731.15,32,442,585,0.05
455c5640e8c5bd1b2ee85c0158f85727,SC,6729.5,8,443,1322,0.05
80ceebb4ee9b31afb6c6a916a574a1e2,PR,6729,1,444,2436,0.05
abe021b01ba992245271b9aa422032df,PR,6720,2,445,2130,0.05
31ae0774c17fabd06ff707cc5bde005f,SP,6719.85,11,446,1111,0.05
ececbfcff9804a2d6b40f589df8eef2b,SP,6714.15,97,447,213,0.05
fa1a9dec3a9940c072684a46728bf1fc,SC,6674,55,448,387,0.05
1127b7f2594683f2510f1c2c834a486b,SP,6669.7,110,449,187,0.05
33c51922b6e3c16b24a8f28e5833c99d,PR,6657.87,18,450,833,0.05
b4ffb71f0cb1b1c3d63fad021ecf93e1,SP,6635.69,143,451,136,0.05
5670f4db5b62c43d542e1b2d56b0cf7c,SP,6630.09,22,452,736,0.05
63b464dbf392c7b80d12d932fa7cafed,SP,6622,36,453,535,0.05
609e1a9a6c2539919b8205cf7c4e6ff0,SC,6595.23,87,454,245,0.05
83e197e95a1bbabc8c75e883ed016c47,RJ,6574.19,46,455,440,0.05
aac29b1b99776be73c3049939652091d,MG,6563.66,94,456,219,0.05
5d0363b33554b373851fc1622e4d5f3c,SP,6548.79,93,457,224,0.05
11305281b50fff20ae8bb473f8e11876,MG,6528.7,35,458,546,0.05
751bdc4d83a466c7206cd42e8f426b03,SP,6520.96,51,459,407,0.05
ee27a8f15b1dded4d213a468ba4eb391,GO,6499,1,460,2436,0.05
e5e33c0d8e7e002f398f5dc4cbbb338f,SP,6494.9,26,461,674,0.05
282f23a9769b2690c5dda22e316f9941,MG,6464.28,98,462,211,0.05
516e7738bd8f735ac19a010ee5450d8d,RJ,6463.19,74,463,291,0.05
4c03b9dd4c11ee2cb35c96c49efc9420,SP,6458.6,48,464,428,0.05
92eb0f42c21942b6552362b9b114707d,SP,6416.41,334,465,44,0.05
7dc8c42cc750eeafea6c85712ffee9bf,SP,6409.68,41,466,488,0.05
376a891762bbdecbc02b4b6adec3fdda,GO,6406.23,57,467,373,0.05
34056b8b55c1775a22af2331670a799c,SP,6398.7,77,468,279,0.05
dbdd0ec73a4817971d962698f2fea022,CE,6384,16,469,902,0.05
4b5f66b7adcf57f1ecc0d3c07dd6b177,PR,6381.78,23,470,718,0.05
02f623a8eb246f3c5f7c2f96462654e6,SP,6378,44,471,458,0.05
ff4ea69c2a729e83e63c7579e4ef8170,SP,6368,8,472,1322,0.05
57e632711dec9ec14ca7546769483e7e,SC,6350.06,62,473,344,0.05
1da366cade6d8276e7d8beea7af5d4bf,MG,6348.59,42,474,478,0.05
989becdce12ebc39863c2bceab6f3ca1,PR,6302.9,15,475,939,0.05
bd4889b5e9133b35b66e42a8665cea5c,SP,6271.9,36,476,535,0.05
6b243f80ed07b10f0e8aa0f21a205f3c,PR,6260.1,79,477,272,0.05
ea67327e24487bdfac5fbfa37ea124df,SP,6250.18,32,478,585,0.05
670c26e0f1bf8d0576271d5cfaec6d2b,PR,6250.1,77,479,279,0.05
2528744c5ef5d955adc318720a94d2e7,SP,6245,5,480,1629,0.05
eb3071b9f0b0ddaa2df5ea130f09f26b,SP,6230,9,481,1239,0.05
dee656f0f566ed1aa85bd137c943f08f,SP,6212.08,92,482,227,0.05
dfc5fb7259bb2b599ca565e6e9448f0f,SP,6124.63,33,483,572,0.05
8a32e327fe2c1b3511609d81aaf9f042,SP,6101.12,126,484,161,0.05
f12ff17ad8bbf01ec5c33b17e506649b,SP,6101,28,485,644,0.05
d6b664fa0667064c6d76394e7848d790,SP,6080,6,486,1515,0.05
bacb1f0ed56ad24198f5810d2b3fe9a5,SP,6078.05,38,487,518,0.05
6f892e20a171e98efe17fdb971ff319b,SP,6049,41,488,488,0.05
ad781527c93d00d89a11eecd9dcad7c1,SP,6039.63,38,489,518,0.05
2c9e548be18521d1c43cde1c582c6de8,SP,6013.56,124,490,165,0.05
ba143b05f0110f0dc71ad71b4466ce92,SP,5998.7,83,491,260,0.05
9baf5cb77970f539089d09a38bcec5c3,SP,5989.68,31,492,595,0.05
f4c4daa86e30c7e5a553a8d518ac03a5,PR,5984.31,18,493,833,0.05
bba74270a87732727b5a3b4fd9ac1c39,MG,5964.6,35,494,546,0.05
37515688008a7a40ac93e3b2e4ab203f,SP,5954.1,227,495,72,0.05
26d8a1c7c75d513045798992ead43aa2,PR,5937.13,34,496,563,0.04
8e6cc767478edae941d9bd9eb778d77a,MG,5929.35,100,497,209,0.04
6a8b085f816a1f75f92dbac6eb545f8f,SP,5884.17,125,498,162,0.04
0691148aee60ca47977c187804f935ae,PR,5868.51,47,499,437,0.04
f84a00e60c73a49e7e851c9bdca3a5bb,RJ,5849.24,88,500,243,0.04
688756f717c462a206ad854c5027a64a,SP,5837.67,81,501,266,0.04
2fdde51ad3e12f297da656d4fbd5d0b5,SC,5803,9,502,1239,0.04
02d35243ea2e497335cd0f076b45675d,RN,5794,14,503,974,0.04
0bf0150d5b9d60d9cd2906003332f085,SP,5774.6,39,504,506,0.04
05d2173d43ea568aa0540eba70d2ca76,MG,5759.66,62,505,344,0.04
f46490624488d3ff7ce78613913a7711,SP,5690.95,80,506,269,0.04
a63bfbaa882c8f4542891b4e2246cc7f,RJ,5682,6,507,1515,0.04
91f848e9f4be368f4318775aac733370,SP,5668.61,60,508,361,0.04
52ac6f920b7280e4c6d30dd94de6259b,PR,5657.3,6,509,1515,0.04
9616352088dcf83a7c06637f4ebf1c80,PR,5643.1,91,510,231,0.04
8c16d1f32a54d92897cc437244442e1b,SC,5642.6,108,511,190,0.04
e8b4225284fbb02d16f200513f1f395d,SP,5638.62,30,512,612,0.04
080102cd0a76b09e0dcf55fcacc60e05,MG,5612.65,122,513,169,0.04
d63c73efd41eb002280e7ec831424edb,SP,5598,2,514,2130,0.04
b14db04aa7881970e83ffa9426897925,SP,5595.9,78,515,276,0.04
f181738b150df1f37cb0bd72e705b193,SP,5529.7,36,516,535,0.04
04aa0a1c5ce6b222003403a3e11c3cc0,SP,5518,11,517,1111,0.04
cc3d14116804f7209f3884f6367f1152,PR,5477.8,27,518,659,0.04
94e93ce877be27a515118dbfd2c2be41,SP,5436.58,29,519,628,0.04
575df70bde3f9f2b30bf8d2e9910d725,SP,5410.05,27,520,659,0.04
3f0e48d209018b466fcd3bb4ccfeb520,PR,5399,9,521,1239,0.04
c4af86330efa7a2620772227d2d670c9,SP,5396,4,522,1767,0.04
e2aee0892199b1d92530e371abd825bf,PR,5392.77,36,523,535,0.04
3ade81dab5a172b88e1871c28ae05260,SP,5383.6,28,524,644,0.04
23c38debaffe4a25a30fdbd9b586a13f,SP,5382.18,41,525,488,0.04
83deb69e889cf80f82be1dc6d5f2d486,SC,5363.01,40,526,498,0.04
2a261b5b644fa05f4f2700eb93544f2c,SP,5355,51,527,407,0.04
817245bcc3badd82bbd222e0366951a6,SP,5345.6,28,528,644,0.04
e62b2d6ac10570a035a30bafcf01d263,SP,5340.39,62,529,344,0.04
916c9de0b5ad957346eeeb12f332687e,PR,5336.5,22,530,736,0.04
a4b6b9b992b46e9ef863637af96e04bc,SC,5293,6,531,1515,0.04
b6d44737c043328708f6749c2dbe50bd,SP,5284.6,61,532,353,0.04
e06f09ec0a4aca210779cf1cfc63cf19,SP,5279.49,29,533,628,0.04
02ecc2a19303f05e59ce133fd923fff7,SP,5264.19,21,534,760,0.04
e9c6969d40e6a3d2d0f90013165c2b98,SP,5239.98,10,535,1177,0.04
5bffbafbb22daf6d3bfc216a46db8708,RJ,5239.7,21,536,760,0.04
4d0041cdbe51b4617d95c70b19decc74,MG,5235.2,8,537,1322,0.04
3be634553519fb6536a03e1358e9fdc7,SP,5231.02,80,538,269,0.04
f67efa3f0b6761102a7f8c6b7b571f5d,PR,5188.68,31,539,595,0.04
f680f85bee2d253556ac91be391d2c82,SP,5183.92,45,540,449,0.04
5b179e9e8cc7ab6fd113a46ca584da81,SP,5173.5,34,541,563,0.04
822bad9bc42b51213ba522fe87b7ab5d,SC,5160,18,542,833,0.04
709e16e2b25c7474d980076c6bfc4806,SP,5151.9,60,543,361,0.04
d566c37fa119d5e66c4e9052e83ee4ea,SP,5145.7,65,544,327,0.04
fad44952713764836814be105382aee5,RJ,5129,32,545,585,0.04
4917cee8d902e13428c3ec4b1ca6f315,SC,5103.9,31,546,595,0.04
45ba18c210d42734ec52c0c1c574e9ee,SP,5099.44,35,547,546,0.04
b39d7fe263ef469605dbb32608aee0af,SP,5063.2,43,548,470,0.04
67bf6941ba2f1fa1d02c375766bc3e53,PR,5062,15,549,939,0.04
0cbcee27c791afa0cdcb08587a2013a8,MG,5054.15,37,550,527,0.04
e067ad2c1c0b48758eb1b5228bcf7a68,SP,5042.55,54,551,393,0.04
afe0067131b73e40875c9b6c10bd2e21,MG,5040.5,45,552,449,0.04
3df020b72d3d44b3af9d110fa3940b65,SP,5039.9,55,553,387,0.04
e0878efa0e0b7e5313ac0b43bc04c081,PR,5025.4,26,554,674,0.04
099095b050cfe8eb1ddff5317587e96e,SP,5003.84,16,555,902,0.04
4bf2f4ee540798a61f9636d12cd9cc80,SP,4995.56,29,556,628,0.04
f84fa566034f5e8e880a07ec624c56af,SP,4993.91,89,557,239,0.04
835f0f7810c76831d6c7d24c7a646d4d,SP,4990.2,42,558,478,0.04
45213867cefbf2cd4c6177e10216a951,SP,4955.42,14,559,974,0.04
9674754b5a0cb32b638cec001178f799,SP,4941.73,84,560,257,0.04
dbd66278cbfe1aa1000f90a217ca4695,SP,4928.9,85,561,254,0.04
e9d99831abad74458942f21e16f33f92,SP,4922.48,130,562,153,0.04
3ab971ce71839580d2ae5b4e40fe8044,SP,4917,35,563,546,0.04
9df5750209b83567ec144eb299d7d634,RS,4917,11,563,1111,0.04
503c1de08ae81a2d86f17951b204db55,SP,4906.99,22,565,736,0.04
1bb2bdb95f4841f1bba2c0d2cd83d3c9,SP,4905.76,79,566,272,0.04
f789d2c4f2c2eb38fc4373e7a4b35264,MG,4864.24,44,567,458,0.04
0d85bbda9889ce1f7e63778d24f346eb,MG,4845.2,51,568,407,0.04
f7496d659ca9fdaf323c0aae84176632,SP,4837.67,25,569,690,0.04
1336efc61c316ddf92c899eb817f7cae,SP,4837.31,74,570,291,0.04
ce69a8021d18961dd2a40269b7c2c293,PR,4818,19,571,805,0.04
abcd2cb37d46c2c8fb1bf071c859fc5b,MT,4817.32,44,572,458,0.04
8f580d36c1e9d6fbce95283403c7d447,SP,4813.25,8,573,1322,0.04
c12b92bf1c350f3e6bf88d3596219c86,SP,4808.78,17,574,863,0.04
f6122bc84774df1b372bdb3bb88ddb9f,SP,4799.87,3,575,1919,0.04
2a7dc43cecabf23403078e2188437d1d,SP,4795.91,52,576,403,0.04
fcdd820084f17e9982427971e4e9d47f,SP,4783.99,16,577,902,0.04
cfa5ab0e4d3fc212fd0b3410e7081c62,MG,4780.81,15,578,939,0.04
c35affa65afd250151285c5917fc1c8a,SP,4779.92,8,579,1322,0.04
dfa0c4c6229ab200a4a1336b4d7128ff,SC,4777.1,77,580,279,0.04
acce39e832338debb07b02385cde5967,MG,4748.1,44,581,458,0.04
30a2f535bb48308f991d0b9ad4a8c4bb,SP,4731.3,71,582,302,0.04
0307f7565ff85b299b6e5ef162b1b1a9,SP,4711.9,6,583,1515,0.04
ad420dd0c4f92f8af951ac24b86d0cf5,MG,4705.29,42,584,478,0.04
582d4f8675b945722eda7c0cb61ba4c7,SP,4702.96,59,585,364,0.04
968268a686aa05d1f529fb07dff08130,SP,4677.29,12,586,1048,0.04
8931a84a914b3fe9b1ddaa4d704947ca,SP,4668.3,29,587,628,0.04
b2479f944e1b90cf8a5de1bbfde284d6,SP,4666.53,101,588,205,0.04
1a932caad4f9d804097d7f8e615baed1,SP,4661,20,589,786,0.04
7e3f87d16fb353f408d467e74fbd8014,SP,4653.09,91,590,231,0.04
0176f73cc1195f367f7b32db1e5b3aa8,SP,4643.2,37,591,527,0.04
ef990a83bbea832f36ebe81376335aa8,SC,4642.59,43,592,470,0.04
537eb890efff034a88679788b647c564,RJ,4617.9,158,593,118,0.03
a3dd39f583bc80bd8c5901c95878921e,BA,4607.81,34,594,563,0.03
9add47bf45ce8e8c7db6b9cf670b1e09,PR,4606.44,41,595,488,0.03
06579cb253ecd5a3a12a9e6eb6bf8f47,SP,4587.4,61,596,353,0.03
31da954dc0855f2495c6310f70a2f931,SP,4583,29,597,628,0.03
4c498c7345e89aebad651544829beca0,SP,4570.27,47,598,437,0.03
2addf05f476d0637864454e93ba673d5,DF,4552,12,599,1048,0.03
c68fb906c8f4b4b946d8386bfa6e5467,SP,4541.16,45,600,449,0.03
1fe5540d7c1c37a595fefbacd5570d9e,RJ,4537.6,20,601,786,0.03
37dd29b36c458d82f74a953c40c43645,SP,4536.99,7,602,1416,0.03
13fa2a6c6b9d0f43cb588d7c82117a12,SP,4528,9,603,1239,0.03
c840d3fdbba0790404fdae73d253b253,PR,4522.28,9,604,1239,0.03
45d33f715e24d15a6ccf5c17b3a23e3c,SP,4518.49,56,605,380,0.03
180c3376aff0e43dd5788709df48a843,SP,4513,5,606,1629,0.03
b561927807645834b59ef0d16ba55a24,SP,4501.99,85,607,254,0.03
55d3daac7c404d59e51c2aa2f4dc5a23,SP,4480.6,21,608,760,0.03
b4a476fbd28de64b1e347abf9089366a,SP,4479.04,30,609,612,0.03
e81e1f9c3e762e620f3fb60a51499e16,SC,4465.99,17,610,863,0.03
8bd0f31cf0a614c658f6763bd02dea69,SP,4455.34,33,611,572,0.03
b90e891671cffd9557f33a97dc523645,PR,4449,34,612,563,0.03
bbad7e518d7af88a0897397ffdca1979,SP,4426.32,68,613,311,0.03
d379f449f2a3b271bc01c0782020f705,MG,4423.06,28,614,644,0.03
0ef83d7d83ed97cd2a0049ac8be5f88a,PR,4421.01,48,615,428,0.03
fc906263ca5083d09dce42fe02247800,MG,4417.9,112,616,184,0.03
f021c962aaba8ef6eb527a9c2c8394d1,SC,4398.5,5,617,1629,0.03
beadbee30901a7f61d031b6b686095ad,SP,4373.98,64,618,330,0.03
15aac934c58d886785ac1b17953ea898,ES,4353.9,25,619,690,0.03
eed78ac17f7f795a19a709745f00cd4e,SP,4349.5,22,620,736,0.03
a3f0b55de503387383c7b1de3ad7f678,PR,4348.4,24,621,705,0.03
c500367424994318b9e779ff1ae9a330,SP,4346.4,9,622,1239,0.03
2ff97219cb8622eaf3cd89b7d9c09824,SP,4339.1,87,623,245,0.03
834f8533b2ecb6598dd004ff3de7203a,SP,4324.35,41,624,488,0.03
9803a40e82e45418ab7fb84091af5231,GO,4278.75,11,625,1111,0.03
282c7480173bb9c01dd41cc739fec010,SP,4274.2,5,626,1629,0.03
cc5a78bbad32776dc4e3af205218368c,MG,4269.18,33,627,572,0.03
1fdc574883ef3b33ad41562d93f3a74a,SP,4251,18,628,833,0.03
43f8c9950d11ecd03a0304a49e010da6,SP,4249.59,41,629,488,0.03
9b1585752613ec342d03bbab9997ec48,RJ,4248.98,3,630,1919,0.03
3c03b12bab54d8b37d79d914bfdb1aa0,RJ,4236.34,37,631,527,0.03
8a130737016f838139d31878787a39c9,SP,4222.03,56,632,380,0.03
6288c69c4ce638e59925e59193f98b16,SP,4196.8,20,633,786,0.03
23613d49c3ac2bd302259e55c06c050c,SP,4193.1,69,634,305,0.03
8bb48dc19fccaa8613b6229bf7f452a2,SP,4190.72,82,635,262,0.03
b19f3ca2ea475913750f25a5c37c8d8f,MG,4174.16,19,636,805,0.03
5c030029b5916fed0986310385ec9009,SC,4164.4,7,637,1416,0.03
bccf933e006e9b94a6184af782963e77,SP,4162.74,45,638,449,0.03
f76a3b1349b6df1ee875d1f3fa4340f0,SP,4160.79,24,639,705,0.03
8b9d6eec4a7eb7d0f9d579ce0b38324d,RJ,4159.55,48,640,428,0.03
cd6efc47efaabf134f8bdb654e10b4f1,RJ,4158.55,31,641,595,0.03
6fc26fe110feebd80a433e1f012a84f9,SP,4150.87,35,642,546,0.03
65febd49fd28ec955651299159b1f527,SP,4136.71,33,643,572,0.03
cac4c8e7b1ca6252d8f20b2fc1a2e4af,SP,4128.19,74,644,291,0.03
681fce914360217db47784ae28905a96,PR,4127.33,23,645,718,0.03
d66c305afaec317ebee552073a674429,MG,4126.59,38,646,518,0.03
98dac6635aee4995d501a3972e047414,SP,4115.75,89,647,239,0.03
e883aa812c37a7413226856f4579fe91,SP,4097.1,26,648,674,0.03
2a167ca73899c85001a837d8fb4962f6,SP,4097,2,649,2130,0.03
42b729f859728f5079499127a9c2ef37,SP,4096.96,103,650,203,0.03
99002261c568a84cce14d43fcffb43ea,MT,4088,36,651,535,0.03
6b3bd31ad8fcda4b2635ec9f3ff2ecdf,RJ,4063.9,35,652,546,0.03
f35b3c613c4f7b2275f4185d0a3c59ec,SP,4047.25,9,653,1239,0.03
715bbd5ba4e6b74cb0d2f29eb45058b0,SP,4043.3,62,654,344,0.03
382229d1e840115ffe3dbf5ff460e417,RJ,4037.06,45,655,449,0.03
e70053bf73d1b5863932e53a9fa47496,SP,4025,7,656,1416,0.03
3c7c4a49ec3c6550809089c6a2ca9370,SP,4002.75,139,657,140,0.03
55a5b51f93f2b70ea513f5a047b0262a,MG,4002.3,39,658,506,0.03
6ec1a01e866584bb679eb9b098345919,SP,3998.91,30,659,612,0.03
951e8cef368f09bb3f3d03c00ca4702c,SP,3993.31,62,660,344,0.03
6b333a05bf188ef3e1f1662a86bd9855,DF,3990.91,12,661,1048,0.03
bede56095ba33c42038fb85f707b8a42,SP,3973.9,2,662,2130,0.03
50c9975695009e5e6473912e83a6d1da,MG,3964.4,50,663,414,0.03
ec8879960bd2221d5c32f8e12f7da711,SP,3957.5,35,664,546,0.03
bf3c6d2a28b2b5501e6c15448982dcc9,SP,3956.5,35,665,546,0.03
3f995f07c49d0d55a99d5c54957f7d81,SP,3955.7,43,666,470,0.03
81f89e42267213cb94da7ddc301651da,SP,3955,46,667,440,0.03
11bfa66332777660bd0640ee84d47006,SP,3925.87,76,668,287,0.03
d20b021d3efdf267a402c402a48ea64b,SP,3922.3,86,669,249,0.03
fde0cc9ea29c8ccfc0a2c22256a58c71,PR,3922,35,670,546,0.03
7f152321c60a266edc53af1925ef96c1,SC,3919.8,20,671,786,0.03
d5ba419e26d246a0719437cf37d9b46d,SP,3911.5,33,672,572,0.03
d673a59aac7a70d8b01e6902bf090a11,SP,3908.94,79,673,272,0.03
79ed755314cfe6df0daef2c6cd3022cd,SP,3907.5,23,674,718,0.03
3361277dc30b7cccdb0c286b24219756,PR,3905.05,29,675,628,0.03
f00e21b1e91a79653163b7fd8f293ff1,SP,3900.09,31,676,595,0.03
14d7985702e72162bbf13b6beb74ab2b,SP,3887,37,677,527,0.03
02f5837340d7eb4f653d676c7256523a,PR,3883.05,30,678,612,0.03
8090490573c6c0aa343a7231ebcb8c86,SP,3871.12,26,679,674,0.03
1b938a7ec6ac5061a66a3766e0e75f90,SP,3859.8,29,680,628,0.03
d12c926d74ceff0a90a21184466ce161,SP,3850.28,76,681,287,0.03
c9a06ece156bb057372c68718ec8909b,DF,3849,11,682,1111,0.03
42fa4ee7240e9b8eb4576358ec142ba7,RS,3845.7,22,683,736,0.03
8ed8ea9a57c862f2c18c2fe41f601d56,SC,3831.9,19,684,805,0.03
6860153b69cc696d5dcfe1cdaaafcf62,SP,3827.63,74,685,291,0.03
232a6014e7b10cba61c6c2b2ea6bb4b0,SP,3819.97,32,686,585,0.03
4d600e08ecbe08258c79e536c5a42fee,PR,3816.17,7,687,1416,0.03
2e13c71026e1a39ba5cc1b86dcb679aa,SP,3793,24,688,705,0.03
cb41bfbcbda0aea354a834ab222f9a59,SP,3792,11,689,1111,0.03
6a0cbc8af2e8abd1bdfb777943d174c6,SP,3788.15,34,690,563,0.03
38874e327ce94d11390b96eb42d61928,SP,3779.94,6,691,1515,0.03
3f3486b61f45078d4f31ee5e43d8c5bb,SP,3769.73,39,692,506,0.03
2199e7fe213c16213bf5d6a7eadc9a5d,SP,3767.29,24,693,705,0.03
f0b47fbbc6dee9aafe415a6e33051b3f,SP,3766.92,67,694,315,0.03
7d76b645482be4a332374e8223836592,SP,3765.74,172,695,101,0.03
891071be6ba827b591264c90c2ae8a63,SP,3763.35,85,696,254,0.03
5d9dc90a686a8fddacffab6bab5653a3,SP,3761.94,12,697,1048,0.03
edf96ef93ed595084bbcbd9224bd2894,SP,3757,25,698,690,0.03
2d2c62bef4c8ba0dd74e0e228e808539,SP,3749,16,699,902,0.03
1d0997ff06b524ce9289ffd75114ecd3,PE,3747,3,700,1919,0.03
3c4e0452bff7a2a788179488d3d77032,PR,3746.4,32,701,585,0.03
eb4df17aed01d918c65f0f8d650900c0,SP,3739.87,11,702,1111,0.03
13d058e4eeac2ce8217660b2f8a05812,SP,3739.78,22,703,736,0.03
77e4abfd739aed9c46480f90f81c0eb4,DF,3736.99,18,704,833,0.03
23a0ffca143a15b9b5bbdb7d552f626a,SP,3718.51,23,705,718,0.03
822166ed1e47908f7cfb49946d03c726,RJ,3714.83,69,706,305,0.03
ec80e49e69745ab6c14f984bf2149423,SP,3709,12,707,1048,0.03
a44fb5a447105f8469bdf16bf9159f25,RS,3706.1,19,708,805,0.03
520b493b57809f446cb0a233bb3e25c7,SP,3698.9,63,709,335,0.03
c0563dd588b775f2e37747ef6ad6c92c,SP,3697.2,28,710,644,0.03
0509040ea3fe50071181bbc359eb7738,MG,3689.35,87,711,245,0.03
5f5b43b2bffa8656e4bc6efeb13cc649,SP,3677.2,27,712,659,0.03
b1fecf4da1fa2689bccffa0121953643,MS,3669.64,19,713,805,0.03
2745f798279e0ed033addcc1474776d7,SP,3668.53,32,714,585,0.03
c731d18cea9bf687ffee82a241c25b11,SC,3662,24,715,705,0.03
33ac3e28642ab8bda860a2f693000e78,SP,3661.03,34,716,563,0.03
8b2492b7ff4468839593fafeed55bad9,RJ,3660.08,29,717,628,0.03
56642bcb79900e777d68e91915cb4267,SP,3657.64,48,718,428,0.03
7f2617c58d5d06806987308b45654351,SP,3656.8,22,719,736,0.03
5d3bb11474a06bdc23fb9e89f1164ee0,SP,3654.6,31,720,595,0.03
f97e2b0650c2068227e1d366140eb62f,SP,3654,16,721,902,0.03
6bb0724edf0b62fb91ac404873a97241,SP,3653,17,722,863,0.03
38e679b9e0064cd94c6f035707344dae,PR,3644.15,27,723,659,0.03
ed4311e67debd72b8610a5347a743087,SP,3636,25,724,690,0.03
1eade46fba20122dc4aefb379f8c636b,SP,3635.37,58,725,369,0.03
e49c26c3edfa46d227d5121a6b6e4d37,PE,3624.35,34,726,563,0.03
271c58a1d139c45eaf3316107c6d3a3b,SP,3597.63,27,727,659,0.03
3364a91ec4d56c98e44174de954b94f6,RO,3579.94,6,728,1515,0.03
8f119a0aee85c0c8fc534629734e94fd,SP,3578.88,75,729,290,0.03
99a54764c341d5dc80b4a8fac4eba3fb,SP,3578.76,44,730,458,0.03
3c010235b7345c92f125d14ee232a76b,PR,3578,15,731,939,0.03
f2336e113377dd21c744d9c4fc8293a9,SP,3563,4,732,1767,0.03
602044f2c16190c2c6e45eb35c2e21cb,SP,3559.17,48,733,428,0.03
218f991754f360af9c2daa5e0b8e990c,SP,3554.32,14,734,974,0.03
585175ec331ea177fa47199e39a6170a,MG,3549,1,735,2436,0.03
406822777a0b9eb5c50e442dd4cd3ec5,SP,3548.09,44,736,458,0.03
a0415d9b25ede3c4b1e477e9916ffc03,RJ,3544.2,9,737,1239,0.03
66dc1b1632bd6a3e508510c5b3492107,SP,3542.19,36,738,535,0.03
f3da5b2ff499efb8d4a6d371d175d7dd,SP,3540.89,77,739,279,0.03
71039d19d4303bf9054d69e9a9236699,SP,3537.2,35,740,546,0.03
96804ea39d96eb908e7c3afdb671bb9e,MG,3530.75,37,741,527,0.03
6750d71153f00fc58829af2a8ef1bcf1,RJ,3514,6,742,1515,0.03
3d8fa2f5b647373c8620330c4e077a9f,SP,3501.74,42,743,478,0.03
4559697a8f7e637227c2eeaed843baff,SP,3486.3,39,744,506,0.03
e7d5b006eb624f13074497221eb37807,SP,3478.93,28,745,644,0.03
8ff38bc3969e67c36c48343a07090f66,SP,3472,2,746,2130,0.03
ed46f1eb4a638113deb2a1137b5f22e9,SC,3470,4,747,1767,0.03
822b63912576852aea9a8436d72317b7,SP,3465.93,6,748,1515,0.03
bce6a5ecf98e99fd2a8868b15c51f04b,SP,3464.9,14,749,974,0.03
f0837c8d71434931d9e38e7b79234797,RS,3446.9,22,750,736,0.03
df560393f3a51e74553ab94004ba5c87,PR,3429.78,26,751,674,0.03
276677b5d08786d5dce7c2149dcce48b,MG,3424.2,31,752,595,0.03
b17b679f4f5ce2e03ce6968c62648246,SP,3424.18,50,753,414,0.03
4677a5437afda5fa7140b927b07be1cc,PR,3415.7,11,754,1111,0.03
f4db9b37944bcb8873e6b456ee190bbf,SP,3409.78,21,755,760,0.03
827f8f69dfa529c561901c4f2e0f332f,PR,3408.39,91,756,231,0.03
cfd7ddab722b902f7ac5b5f3ba6d723d,MG,3385.03,12,757,1048,0.03
960945e1a9535cbc0cd6ddd35fbe7ae8,SP,3381.73,28,758,644,0.03
1b8356dabde1d35e17cef975c3f82730,SP,3366.4,55,759,387,0.03
070d165398b553f3b4b851c216b8a358,SP,3333.17,31,760,595,0.03
6481e96574816ead57975da2c0f6d80d,SP,3324.9,32,761,585,0.03
6b90f847357d8981edd79a1eb1bf0acb,SP,3322.08,45,762,449,0.03
db4350fd57ae30082dec7acbaacc17f9,SP,3304.32,136,763,143,0.02
994f04b3718c2bab35c2adfa8afecd2a,SP,3289.8,47,764,437,0.02
a2b5b6105ea5942300631d2e76f4ffe0,SP,3286.69,16,765,902,0.02
54c04bdb5ec46762f8f08c7e8f86ed4a,SC,3281.66,18,766,833,0.02
5b51032eddd242adc84c38acab88f23d,MG,3280,12,767,1048,0.02
52562a9f449c3dc3d53f5f5b9ed74903,RN,3266.6,14,768,974,0.02
aeb36d67f1414f234d42a29e27cf1f17,SP,3263.8,4,769,1767,0.02
594f9aaa48e5bf431f011ddc5669b0d5,MG,3248.8,37,770,527,0.02
a938325a4b357fd23a6a4d5bb126408e,RJ,3231,24,771,705,0.02
643214e62b870443ccbe55ab29a4dccf,SP,3229.23,65,772,327,0.02
c64a2aec32cc408a8a4c6d7c46017f91,RS,3221.5,9,773,1239,0.02
afa6714acee029b2dfdf357e5579cc03,SP,3220.76,16,774,902,0.02
4c18691b6037662be2df78a765d98ab5,SP,3195.52,63,775,335,0.02
d57e18d5f73c7ccb7f7339b61166898d,SP,3187.7,61,776,353,0.02
e48b04bf1aa1ef711caebeb7aede6180,PR,3187.1,25,777,690,0.02
e89c4adbe7b1d0819dbb636e16461cf1,SP,3181.3,24,778,705,0.02
870d0118f7a9d85960f29ad89d5d989a,MG,3157.2,45,779,449,0.02
c8b3445d737de6befde0c88ede534a5e,SP,3149.04,30,780,612,0.02
5bc24d989e71e93c33e50a7782431b0e,MG,3148,17,781,863,0.02
f326006815956455b2859abd58fe7e39,SP,3147.16,9,782,1239,0.02
3cfa1358a6caa965278721344c8d76f2,SP,3140.28,5,783,1629,0.02
c394e193cda3b4225ff2094d32184849,SP,3134.89,2,784,2130,0.02
238fac594e170b59c6d228f5a4f4f1d9,SP,3126,29,785,628,0.02
21e83881401b92b49fb09a16d3852291,MG,3109.06,12,786,1048,0.02
5b35136197710e16ac5e7b7c2bd4ea85,RJ,3104.2,7,787,1416,0.02
5c6d4016c2a288f074fa0848a2b653d2,SP,3100,31,788,595,0.02
08cdbae123ff67ca4e36d9d641ce0119,MG,3098.99,4,789,1767,0.02
95f83f51203c626648c875dd41874c7f,MG,3077.66,50,790,414,0.02
f61c63d13f7cd800549d5acdd390ae72,SP,3072.3,26,791,674,0.02
aae3bfea055532c57fb453ed3ec80b30,SP,3057.92,48,792,428,0.02
612a743d294c27884fb7b80d2b19ba35,PR,3057.7,2,793,2130,0.02
d9e8c084b68fe958861d8f2c21202e6b,SP,3050,9,794,1239,0.02
b8555308bfdb4ca1ed54325a58da9a97,SP,3047.2,26,795,674,0.02
0ebd97a106433a45a4aebe57c1799778,MG,3046.8,31,796,595,0.02
4da0e408c99d2fdc2126dc9fce518060,PR,3026,44,797,458,0.02
4c8545742faaf58fafd5fd14d25d75cf,SP,3020,4,798,1767,0.02
55f7a3319d80f7fdf078b8f03e6725fe,SP,3013.78,22,799,736,0.02
2d50d6282f8aa2257819a77bfaa0efe0,SP,3008.48,42,800,478,0.02
3bdff180c7e1f6551a643b99c265a120,SP,3008.2,56,801,380,0.02
5bc55dbe2f12b6af6d83ed46023e0dc8,MG,2992.1,17,802,863,0.02
0c7533c71df861ec58ad7ff999ed0e8d,SP,2989.3,61,803,353,0.02
fce62094ffe6a4009188ec44e681dfdd,SP,2969.7,4,804,1767,0.02
9646c3513289980f17226a2fc4720dbd,SP,2964.4,69,805,305,0.02
d17f467e4bf608a510c20d82f4ba3b6b,RS,2963.78,11,806,1111,0.02
b1ac6ea7895bc3dd6f0f6f4abbdd2821,RS,2962,38,807,518,0.02
8cbac7e12637ed9cffa18c7875207478,SC,2955.98,66,808,320,0.02
f4aba7c0bca51484c30ab7bdc34bcdd1,SP,2951.9,108,809,190,0.02
e908c0f3646e8b60375734a350d95d71,SP,2951,1,810,2436,0.02
dd58ee93286b0821565574c570e9e1dc,PR,2948,2,811,2130,0.02
60562ab00b8054280520d390c8c0045c,SP,2943,17,812,863,0.02
f44b6f775a2b390380e0e30b5c9d3eee,SP,2930,10,813,1177,0.02
606ce7768feac12c5e8bd58db8b08f0f,SP,2916.6,5,814,1629,0.02
2156f2671501a81034d7d07f217609d0,SP,2909.5,21,815,760,0.02
20d83f3ef0e6925fd74bfd59170babf7,SP,2903.6,40,816,498,0.02
d3dcf0604eabf0224fbd5948b5e02f69,SP,2902.3,9,817,1239,0.02
1771297ac436903d1dd6b0e9279aa505,SP,2881.27,28,818,644,0.02
1987cd4be10fe09ee50454f9c354d1c6,MG,2877.7,14,819,974,0.02
bd697db56ff8e7c9cd1abeb7f72029b2,SP,2869.79,21,820,760,0.02
49e7217cfe4e427191c378ec626d8737,MG,2868.8,12,821,1048,0.02
430315b7bb4b6e4b3c978f9dfa9b0558,SP,2864.4,19,822,805,0.02
a6fe7de3d16f6149ffe280349a8535a0,SP,2844.9,50,823,414,0.02
fec6275253471ace26d209bbaa64cd0f,RJ,2840,9,824,1239,0.02
b494891378bd8f4560abe576c52deacd,SP,2839,19,825,805,0.02
d32e3909cfb714fb2a6cb092c85b9c5f,SP,2827.9,10,826,1177,0.02
730937bf88cb151eb2eb849f642fc213,SP,2821.2,22,827,736,0.02
5f1dc28029d2c244352a68107ec2b542,SP,2807.3,62,828,344,0.02
820cc752a266cdc6c1a1e61dd4583330,PR,2802.8,15,829,939,0.02
df56d7b40d437f88407c5f78b63bc328,PR,2791.28,22,830,736,0.02
cb3dd9ce66268c7a3ca7241ac70ab58c,SP,2788.32,48,831,428,0.02
ae7ab174effdead6c241e547e4ca13f0,PR,2778.6,6,832,1515,0.02
c4f7fee5b0db50e87766f5a4d1b1b758,SP,2762.03,5,833,1629,0.02
f125f3a310c2e5f822d116147de1e474,SP,2761.4,16,834,902,0.02
bb7a14e229b1c95156719c3d9552eeee,RJ,2760.2,10,835,1177,0.02
8f54d64f28a993550aa7943f12572959,MG,2755.5,15,836,939,0.02
a1474fd46fd3430168f7ec202da39408,SP,2752.5,12,837,1048,0.02
1838dd9b8977065acf51d95e0053ea7a,MG,2750.5,62,838,344,0.02
1444c08e64d55fb3c25f0f09c07ffcf2,BA,2749,1,839,2436,0.02
f7ccf836d21b2fb1de37564105216cc1,SP,2748.4,69,840,305,0.02
3fd1e727ba94cfe122d165e176ce7967,SP,2747.4,35,841,546,0.02
f805b96fa705ba7995a221f1749dc141,PR,2744.44,7,842,1416,0.02
977f9f63dd360c2a32ece2f93ad6d306,SP,2730.07,23,843,718,0.02
3b872fd4747f01cc56206f2934198618,SP,2726.74,25,844,690,0.02
5cbbd5a299cab112b7bf23862255e43e,PR,2726.06,36,845,535,0.02
33576ec5412fb5905d876f12f33bfde6,PR,2718,31,846,595,0.02
458d868c9642f55f18f04e951a3fdde6,RS,2718,2,846,2130,0.02
78744a20ee2f80ba64f6804c25def2b8,PE,2715,6,848,1515,0.02
fe26f3ecb51a15e6d8335cd92da42562,SP,2708.96,7,849,1416,0.02
d93844a9c55ba7ce353388bcf849ea56,PR,2708.5,12,850,1048,0.02
51702dc2a3e106c76dbff722b5bf0726,SP,2705.1,13,851,1012,0.02
31561f325664a8a7aba4c8d0c3a9b3db,SP,2702.19,36,852,535,0.02
2a1348e9addc1af5aaa619b1a3679d6b,MG,2697.4,48,853,428,0.02
974cf2cb8f4b7add98709c30df02fe10,SP,2694.7,30,854,612,0.02
0015a82c2db000af6aaaf3ae2ecb0532,SP,2685,3,855,1919,0.02
432c37c9dfba871172ec162e20118b8c,DF,2679.87,44,856,458,0.02
a17f621c590ea0fab3d5d883e1630ec6,SP,2677.92,63,857,335,0.02
c9aafcd0621b2207c10e32c649cada4d,SP,2671.26,40,858,498,0.02
d93919c944be9cff128f6c9cb899eacb,SP,2666.7,33,859,572,0.02
9c068d10aca38e85c50202e17b4a7e88,MS,2658.9,17,860,863,0.02
d25aa0aaacb370e912f8cf6efeba38b3,SC,2658.45,17,861,863,0.02
6f229cc508fc6915ed5c499efd93baa4,RJ,2654.8,13,862,1012,0.02
bc302730ea8cf49b5c74f579febb5bbf,SP,2640.9,11,863,1111,0.02
f1b93673502375d491780bb49d615dbc,SP,2638.93,8,864,1322,0.02
1b7e5006cb25dd23ce8686691013b121,SP,2636.74,11,865,1111,0.02
ccf8813e5a7d6c84d865cd38bfc2b130,SP,2635.5,26,866,674,0.02
8d79c8a04e42d722a75097ce5cbcf2ef,CE,2627.82,26,867,674,0.02
9906e7aa42a3c067b7c9a564d01c4320,PR,2619,12,868,1048,0.02
8ab42aa58097fd4668d60cc648225d5f,GO,2616.75,20,869,786,0.02
4305fe92735c8a43d154ff6dd2b8d927,MG,2606.1,17,870,863,0.02
e99e927c81e3f51739c94fcdfca9f10f,MG,2597.85,21,871,760,0.02
a369d693961cb93b61ca2cc518872a85,SP,2597,11,872,1111,0.02
fdaaf5bfda82b7b80535610c831b8d09,SP,2588.9,10,873,1177,0.02
f593898ec748b7a8cb81fc04edafd98a,SP,2588.04,19,874,805,0.02
244c2f1bff6afe1f2eaf9bfe9b2aed38,SP,2580,23,875,718,0.02
2c4c47cb51acd5ea5db5e0ae0e26542a,SP,2575.9,12,876,1048,0.02
0885aaf116795758dfeb5f1032487bcd,SP,2573.1,27,877,659,0.02
41ab63a91b8b264e8c8780368bf1dd5b,MG,2571.95,12,878,1048,0.02
1ce3ae5a399804d1a87e706f8a813c3e,SC,2563,40,879,498,0.02
cd06602b43d8800bd0afad514919d35c,SP,2555.31,43,880,470,0.02
157c3e4b42f81ac4a44e8b1ca2fe9876,SP,2548.5,23,881,718,0.02
b76dba6c951ab00dc4edf0a1aa88037e,SP,2545.31,157,882,119,0.02
bb5bd94c8f59cc050072d2930c869cac,SP,2543.87,16,883,902,0.02
3d39fbf22a665714baf62fae36029e23,SP,2504.2,8,884,1322,0.02
ffa6adafb71b807dc13159e26431354c,PR,2500.9,17,885,863,0.02
b335c59ab742f751a85db9c411a86739,MG,2494.11,30,886,612,0.02
de0c78824586e9a5f5f04fd84e25df39,SP,2489.3,14,887,974,0.02
cea729054f157f5870bdd321a958d994,SP,2482.1,24,888,705,0.02
6989574bd97d9773f10d232b6c07da59,PR,2478.4,7,889,1416,0.02
fe49ee029e61e789a1f3a5525f57ba8d,SP,2473.69,16,890,902,0.02
2e3be8a987a30d7544dbbda6861cc14e,MG,2472.86,14,891,974,0.02
5eeb9c756d9780b96283e5a2ac6da334,SP,2471,9,892,1239,0.02
c2d70ce2c5d0a2eb75e78668236e6dc8,SP,2470.9,13,893,1012,0.02
1c40343cc5d18c2d8248ac2f3366de34,SP,2461.41,21,894,760,0.02
cce6ab8d1682639fe45ab70234f1665f,SP,2442.7,61,895,353,0.02
a08692680c77d30a0b4280da5df01c5a,SP,2433,6,896,1515,0.02
318f287a62ab7ac10b703ac37435a231,SP,2432.48,51,897,407,0.02
4b0fdb526525f9890eb145bf1534640e,SP,2419,18,898,833,0.02
888faa8bfb0b159c37de6d898b961c31,SC,2418.3,19,899,805,0.02
04aba03279157f6d4e0fe8ccaf21963c,RJ,2416,15,900,939,0.02
d06d019f72a04e5497a0b64190af170c,SP,2415.93,17,901,863,0.02
1354d51653f645349064725ed204e85e,SP,2410,18,902,833,0.02
76833248bbc0e65a0293ec62023e4396,SP,2399.98,2,903,2130,0.02
82bd0703a4aefd6b599e5bfdaed378fb,SP,2394.28,20,904,786,0.02
efcd8d2104f1a05d028af7bad20d974b,SP,2384.79,46,905,440,0.02
1996942dc085d7773ba77a529b163cd0,SP,2383.52,9,906,1239,0.02
47efca563408aae19bb7206c2d969ea9,PI,2383,11,907,1111,0.02
6bbcb8924baf70b7fe2fe2097e8cd407,SC,2382.5,10,908,1177,0.02
acadd4d36859671cb635527c6c977533,SP,2381,12,909,1048,0.02
cfe94489ddd337d1e29e12f2a7205d10,SP,2376,20,910,786,0.02
323ce52b5b81df2cd804b017b7f09aa7,SP,2374.3,29,911,628,0.02
120476eb7a04c149d14772edaf5d9bf2,RJ,2368.8,4,912,1767,0.02
d3f39f05462b79a4562d35893a28f159,SP,2363.4,33,913,572,0.02
5160d23075764e18e07c1f4a87fad743,SP,2359,33,914,572,0.02
4978a02ea9c8be7a9b5480680f40334e,SP,2356.61,18,915,833,0.02
8603f0038fe0e52fedd3382d266723de,SC,2355,10,916,1177,0.02
ede0c03645598cdfc63ca8237acbe73d,SP,2352.15,43,917,470,0.02
c004e5ea15737026cecaee0447e00b75,SP,2350,1,918,2436,0.02
3504c0cb71d7fa48d967e0e4c94d59d9,SP,2349.94,53,919,397,0.02
4391ea5c5990502176a1dcda44a2373d,RS,2349,3,920,1919,0.02
34f563c82a85b99ae9e6d60db5fc2e28,RS,2332.3,8,921,1322,0.02
62c50c1af4dfdc4149d25c5222043d39,SP,2325.83,12,922,1048,0.02
0bb738e4d789e63e2267697c42d35a2d,SP,2308.4,29,923,628,0.02
fd386aa7bed2af3c7035c65506c9b4a3,SP,2304.15,69,924,305,0.02
5a93f3ab0ef4c84ed5e1b5dbf23978bc,SP,2299.28,38,925,518,0.02
f1c1ac3f3efc07e659c035008e615e66,SP,2294.96,3,926,1919,0.02
1d4587203296c8f4ad134dc286fa6db0,SP,2287.5,40,927,498,0.02
6338ea67c41078a46ad99cc009654956,RS,2286.09,37,928,527,0.02
7238a95bb63ef7e498389fb863b834a1,SP,2265.7,15,929,939,0.02
8fe8786ee000001ab51d030dfd4a7bf1,SC,2255,5,930,1629,0.02
655220df33262c7e0c4949a147366f94,SP,2245,13,931,1012,0.02
dd533b429f380718b70ad9922c294bae,SP,2244.88,39,932,506,0.02
7b8e8ec35bad4b0ef7e3963650b0a87b,SC,2244.28,5,933,1629,0.02
5abb8ea023c77787f2c15da891c8d384,SC,2241,13,934,1012,0.02
54583ab379489add547fe47b628db589,SP,2240,10,935,1177,0.02
e5f9e61ceb5f523cc966e0f34095032f,SC,2238,4,936,1767,0.02
cac876b37d3abcd6bd76caca30277996,PR,2229.77,27,937,659,0.02
b83cedfb587e7911540e3f576d6917ce,SP,2224.95,24,938,705,0.02
9a84ba99f5367fdbd4598363496f1ea2,GO,2223.38,15,939,939,0.02
fb89df7f89fd1b8f03fa2acca1ba7364,PR,2220,22,940,736,0.02
747e73c01a4593d4cf60dcf970fd2689,PE,2217.99,3,941,1919,0.02
77a515caa36327151d1cc6c32a9f00e1,SP,2217.39,26,942,674,0.02
e5475dcab1e07b63d7f6e902d8f5eda8,SP,2192,19,943,805,0.02
91f0eec23d4a61d7d7caeefa3f0ad1ca,SC,2190.8,11,944,1111,0.02
14a08204d03bb6b6bde8029f801ae0eb,SP,2185.4,28,945,644,0.02
1b1ae47a313a825a7ccceb8e2e30fa9d,PR,2184,10,946,1177,0.02
850913d59ce317156b00f3705f1c3edb,SP,2183,29,947,628,0.02
8ca1551acf9832a4cf467bbbac15851f,PR,2176.4,11,948,1111,0.02
b74d1c09cb380e1d03a6f859c6f4224b,RJ,2174.61,30,949,612,0.02
4992e76a42cb3aad7a7047e0d3d7e729,SP,2171.2,56,950,380,0.02
53d00c40e32aeb924a84ce72b1af869d,SP,2165.85,17,951,863,0.02
2be17df1c49978426251562096c3cc09,SC,2165,16,952,902,0.02
0ffa40d54288e4f3499b8780dd0f144f,SP,2162.8,33,953,572,0.02
0725b8c0f3f906e58f70cbe76b7c748c,SP,2161.52,16,954,902,0.02
7fc87cc3e89b3d1d5cabdca32f8485aa,SP,2153.9,14,955,974,0.02
f214d28e8d8e3ef068748498ccc2f813,SP,2152.43,52,956,403,0.02
72bc2cce903c872fe376a8faaa81d237,SP,2149.2,17,957,863,0.02
e8f6dc8e6a1dcde89d20e3995c8d90b3,SP,2148.74,35,958,546,0.02
b56906f7fd1696e043f1bcce164c487b,SP,2148.49,40,959,498,0.02
373ee4a3a775a733770ca3f790b8b9ac,RJ,2141.49,13,960,1012,0.02
723cd880edaacdb998898b67c8f9da30,SP,2136.53,11,961,1111,0.02
8bdd8e3fd58bafa48af76b2c5fd71974,SP,2135.83,10,962,1177,0.02
f5f2ab9bdb6b30c14c61be68c5ed37da,SP,2134.68,18,963,833,0.02
87d30a6a0cbf89356e49324971ab1d24,SP,2134.13,17,964,863,0.02
9bcdfa7b615b3abb9461d9e3ad9886ae,SC,2126.07,14,965,974,0.02
3a734b715d333a2588a3d54a0c9b8746,SP,2121.52,15,966,939,0.02
8f78f0903005064036736c7173a5c2ed,MG,2113.7,13,967,1012,0.02
cf2384dd2f1dddea3f838efed0945e65,SP,2101.5,16,968,902,0.02
ffdd9f82b9a447f6f8d4b91554cc7dd3,PR,2101.2,18,969,833,0.02
e9511df20ccd82658a30c37b7fb343af,SP,2096.6,22,970,736,0.02
3bfba5a77604f6dfae7e6dd7aaf65821,PR,2095.5,4,971,1767,0.02
7f7b8245c336066a1f9933c359f11d77,SP,2094.36,38,972,518,0.02
df91910b6a03bb2e3358fa6a35e32f6f,SP,2093.2,13,973,1012,0.02
8de8fe3af4449ed695d2434c933ed73e,SP,2090,1,974,2436,0.02
165b1235e9e9942cb5fae67103576fb0,SP,2085.15,11,975,1111,0.02
6aa3928696eab49a19a466e665a649fd,RJ,2075,18,976,833,0.02
082e0bf4cb865a6533b1e8e498cc0255,SP,2073.3,11,977,1111,0.02
e38db885400cd35c71dfd162f2c1dbcf,DF,2066.8,30,978,612,0.02
ed859002ad59dbf8cf3602696a6c3000,PR,2063.9,6,979,1515,0.02
ea65d8b58316a6f2362f2a9e4b3e86ad,SP,2061.4,9,980,1239,0.02
f615fe7efbef0f4f08fd3086bc7a3e60,SP,2061.37,22,981,736,0.02
412a4720f3e9431b4afa1476a1acddbe,SP,2058.1,21,982,760,0.02
4e8dacf3d38f281ae26c3e0321d92d88,SP,2055.46,8,983,1322,0.02
be9a160a9011f627c3e121d076c1ec7b,SC,2055,5,984,1629,0.02
bc2ac6b95e1accce9858528ee566c17e,SP,2045,18,985,833,0.02
f7720c4fa8e3aba4546301ab80ea1f1b,PR,2043.55,59,986,364,0.02
c6381d2d013342748761e906d45aff76,RS,2042.98,15,987,939,0.02
78c99c6dff4eeae5be99bf635ed21e3f,SP,2030.88,31,988,595,0.02
71592660bbcb6a4664e97b6f8b68babc,SP,2027.18,6,989,1515,0.02
0ed6ce5d87fd9c69eaacaeb778d67235,SP,2026.52,42,990,478,0.02
fac1a9017ade7bdc94058fc1c969f355,SP,2010.84,9,991,1239,0.02
1782ce2db72c3dda627d5e7c898104e1,SP,2010.8,9,992,1239,0.02
3a1a1fec38dd360f15fc912e821e169d,SP,2007.38,15,993,939,0.02
116ccb1a1604bc88e4d234a8c23f33de,SP,2004.89,61,994,353,0.02
d6ab728cf30867cf3f1a2e216ae2f9b7,SP,2002,12,995,1048,0.02
3d2531eccfbde1d7c8db7a3a12fb267a,MG,1999.54,10,996,1177,0.02
8ec76bb0965af3f007692b26fa9d6623,SC,1999,1,997,2436,0.02
6b536a23086fba0d58c08d68814397f6,RJ,1996.8,18,998,833,0.02
17908cf9b444ee34047cadd5c0f4a516,GO,1993.99,11,999,1111,0.02
bf100ecb7997df312b285358fb32f92c,PR,1991.9,20,1000,786,0.02
9449f25aeaf531019b76999ea49a6949,RJ,1979.55,9,1001,1239,0.01
13074f016982ff2bd6c58ced8682f000,RS,1977,13,1002,1012,0.01
c013e57c075a06e5b5c48ee03c525719,SP,1971.55,42,1003,478,0.01
91f5779a8731baca4809fdeade81803f,RJ,1971.46,6,1004,1515,0.01
f41ce2e25237f9092cd8e6e7516c7a2f,SP,1961.9,26,1005,674,0.01
bf84056e679dbe9c69929847a40e338f,SP,1918.08,35,1006,546,0.01
93b9a99027bd8bd6af682aff18dd19bf,SP,1916,19,1007,805,0.01
cd843d4cf8ef32827de0396605163ba3,MG,1915,5,1008,1629,0.01
9dda5bbacd45e18d6485fee649205d09,MG,1912.6,19,1009,805,0.01
901b460cdce0c64e471230d7f2f9f3a3,RS,1904,5,1010,1629,0.01
6df688df543f90e9b38f4319e75a9d88,MG,1891.76,39,1011,506,0.01
112453736dbe3889cfb74e1aaa0ba0c1,SP,1890,7,1012,1416,0.01
5ab05b6d86d417796c69ffd6774ec832,SP,1886.1,10,1013,1177,0.01
65b081a070633e057c462abdd6fb9dd8,GO,1885.09,19,1014,805,0.01
5debea795b07621e1f90532e18f96145,PR,1883.78,25,1015,690,0.01
4c8b8048e33af2bf94f2eb547746a916,SP,1882.45,19,1016,805,0.01
e24d3429d294b2eb200b064ebb035879,SP,1878.58,19,1017,805,0.01
5b33b527da3c5b969cc99dc435cad09a,PR,1872.79,16,1018,902,0.01
abbf6046bbdf1028606a5bc7f00c99e7,SC,1867.25,6,1019,1515,0.01
95ec4458365c4d11f452ccf538377619,SP,1866.76,27,1020,659,0.01
4e5725ba188db8252977a4f0227bd462,SP,1865.09,21,1021,760,0.01
daeb5653dd96c1b11860f72209795012,MG,1864.1,38,1022,518,0.01
3e8bd881d92466e63ba9e3e809cd3c50,RJ,1862.38,8,1023,1322,0.01
0417b067eeab773d2f7061a726dc477f,SC,1859.18,13,1024,1012,0.01
c8467937e403e76a8ee9f0ab13f6f5ef,MG,1853.79,30,1025,612,0.01
8c3b533c63cca56240f94f1e3a6b18ef,MG,1849.5,3,1026,1919,0.01
30c7f28fd3a5897b2c82d152bb760c17,RJ,1849.38,6,1027,1515,0.01
a4bd6e9adf39b63f43dc545d3ca1f53d,RJ,1848.59,4,1028,1767,0.01
74bafed391319577bce6f4d2acc0589a,SP,1847,3,1029,1919,0.01
272f092de69afedd4d2969440b37f18f,SP,1846.33,25,1030,690,0.01
3a4127e1ba7208ea37044c5092aae170,SP,1842.7,5,1031,1629,0.01
ffeee66ac5d5a62fe688b9d26f83f534,SP,1839.86,14,1032,974,0.01
7ade73f1b9b4e965f9009a4c3a7e2c15,SP,1835.3,26,1033,674,0.01
6a38087bc8ad4f89ff453561005f6dea,GO,1833.43,15,1034,939,0.01
c679fb69a36e1d8349e8c50a217b4d58,RS,1825.68,14,1035,974,0.01
55bb6fe5bebe5012e2d7d9928e1128ff,SP,1816.55,15,1036,939,0.01
a5a1bfcf728ab0e19182959cf0771ee4,SP,1812.96,21,1037,760,0.01
729b2d09b2a0bdab221076327f13d050,SP,1805.21,48,1038,428,0.01
5b85809efd0d0e4dea1a9544e1280ed9,SP,1804.6,12,1039,1048,0.01
411f3b52d857390502ee4e4d5ceabc2d,SP,1804.01,21,1040,760,0.01
7fdb0720c8d7c9075538b365dc8c3a22,PR,1804,9,1041,1239,0.01
2ff6b7bff164ef05590a52734e1296da,PR,1803.59,7,1042,1416,0.01
15fa791d5e017f66402dc28c44480657,SP,1802,8,1043,1322,0.01
c3e1abd72a42fe690fcd89cf5720fe29,SP,1798.61,13,1044,1012,0.01
1976a05ecf2996d6ffb7b5430e635fe7,SP,1796.2,8,1045,1322,0.01
a36b125ac6d5fdbc7f50de85c9157bdc,SP,1793.65,23,1046,718,0.01
406740ee611378a662d274c7d8c43c4a,ES,1790,8,1047,1322,0.01
fa3a0b5aabb344b9a92e3524b0202123,SP,1789,7,1048,1416,0.01
293dee954235e4e4e43f129313625ebe,DF,1778.92,8,1049,1322,0.01
d97df38225e5abadaff1e72cb72b823c,SP,1776,28,1050,644,0.01
07bf9669d84d1f11be443a9dd938f698,SP,1776,18,1050,833,0.01
3481aa57cd91f9f9d3fa1fa12d9a3bf7,SP,1773.03,25,1052,690,0.01
ca4b77513ac2040591b0d8fae6958380,SP,1772.45,14,1053,974,0.01
d5b9a084373da994a6e37f732169a853,SP,1769,7,1054,1416,0.01
1690cada046eb7e92c12f98b1f8a8167,SP,1760,10,1055,1177,0.01
f63d8f293af3a6454377546bd9dd19ff,SP,1751.82,17,1056,863,0.01
cb810bd318f51b3dc3c753944d61a1fa,RJ,1750,1,1057,2436,0.01
dd4d95ba2d15c071e6c695e2ef6ce169,ES,1748,4,1058,1767,0.01
4bf658053d453036c70976bccb2c31b2,SP,1742.99,2,1059,2130,0.01
c8417879a15366a17c30af34c798c332,SP,1734.7,25,1060,690,0.01
198c7ea11960a9844b544d9bcdca860c,MG,1733.75,25,1061,690,0.01
dc8798cbf453b7e0f98745e396cc5616,SP,1733,35,1062,546,0.01
6ddc28b61be28373b4503a1f61cf98a9,SP,1732.9,11,1063,1111,0.01
c5f7feb04a6a1fb3596322bfc3cf1917,SP,1720.6,11,1064,1111,0.01
d3674f271c91f824f82d24d92011f669,DF,1718.3,20,1065,786,0.01
a70e9066dbfd10b6b97a3f54a1356762,PR,1716,2,1066,2130,0.01
8378eb36b6b70c5734e83ad7b8cdc3b7,SC,1714.8,7,1067,1416,0.01
7139dc5186aa238b006e066d8fbab2e4,SP,1712,22,1068,736,0.01
dfc475d54e1b6dbeeb7d7d9bdaa63827,PR,1708.37,18,1069,833,0.01
656591be56071d4c9ef4e5fee78a578a,SP,1702,7,1070,1416,0.01
244b04680fdbded0acf5aebd9c92b44a,SP,1701.8,2,1071,2130,0.01
6b1c4d4d9ccf0be3d8544eb0e71e5318,RS,1699,1,1072,2436,0.01
731ef20c231d9a7103a425e83fd91271,SC,1692,2,1073,2130,0.01
3ca08eeb8d5595949fed424bd3677742,PR,1688.88,13,1074,1012,0.01
f9903dd0f812c7e771fcad47b6fff231,SC,1684.85,10,1075,1177,0.01
3935fe5fe0f82787a9dcb8deb62be09d,SP,1681.69,16,1076,902,0.01
bafc5aa11e413978be29040f51342e70,MG,1679.55,9,1077,1239,0.01
e64d65bc8dbec2accda90c58de5d1246,SP,1678.8,12,1078,1048,0.01
0b18d63d0cd1d723567903fd34a07df2,SP,1678.14,9,1079,1239,0.01
0ac4201fda2c68ebc0e47cb9423cf3c9,SP,1676.88,13,1080,1012,0.01
1dc2de47ee26a0a5b12dc14fd6dc0dea,SP,1670.3,25,1081,690,0.01
77fccaae319668a8ab6cd0fd16aec48c,RJ,1667,11,1082,1111,0.01
7586919161935337bf6b6d7ff5779648,RJ,1664.71,11,1083,1111,0.01
5f67c6082caacb26e431a7b17940cece,PR,1662.6,13,1084,1012,0.01
53b0300ca793f9834cd69c0678d35ee8,SP,1662.15,5,1085,1629,0.01
a1040efe9ff4a6f93c28b0499eada8f5,SP,1658.83,1,1086,2436,0.01
25cf099de44674fde97473224f9d59ab,SP,1654.36,50,1087,414,0.01
df0f42bc4c2142eacf0eaf2cffd0cfbb,SC,1654,14,1088,974,0.01
b2a6d334e2833acea353624840e25a0e,SP,1650.98,25,1089,690,0.01
26e2c91ef821e1ff8985f408788fe35b,SP,1649.4,12,1090,1048,0.01
edc518ba25576a0188a0e8f2c3af186f,SP,1647.39,6,1091,1515,0.01
0887a9f087bcd5d9f6642b52f897fc6c,SP,1642,12,1092,1048,0.01
e2c92f9c1c7746d899d18f2e158bbff7,SP,1641.9,12,1093,1048,0.01
5b581417df4480f632484ba681e53944,SC,1641.6,11,1094,1111,0.01
7a2d2949aea47fab95fd98d6c9f618b1,PR,1638.99,11,1095,1111,0.01
2a6fbeaa7ab9e5d59a35841a8da71ce4,SC,1632.79,30,1096,612,0.01
1dfe5347016252a7884b694d4f10f5c4,SP,1632.5,20,1097,786,0.01
f1ed6bd0a9b11b581f16c851c6a5a527,RS,1622.77,17,1098,863,0.01
15cd6eefe58588619aaed41dfa6621b1,MG,1622.74,16,1099,902,0.01
b0f2a6122a90a93eb03e68653dd960e3,PR,1620.3,6,1100,1515,0.01
013900e863eace745d3ec7614cab5b1a,PR,1619.7,23,1101,718,0.01
cb5df0dcb9e280b1780e9d589889f2c7,SP,1614.88,11,1102,1111,0.01
8daab2245ebdc277c51098d01c5ad8ef,SP,1604.59,16,1103,902,0.01
427165bf50f8ca07efc7bdc2bfcf1688,SP,1603.5,5,1104,1629,0.01
7813ea3ebd9411dc600b4dd01f7a97b9,SP,1599.4,9,1105,1239,0.01
850857dfac77488c307e2b1cbd84ab5a,PR,1599,1,1106,2436,0.01
8a1ff5c35f6595a73fef4c7b96e4908a,PR,1598,2,1107,2130,0.01
081acf3de680d554796c9cf041be7bc2,MG,1597.3,4,1108,1767,0.01
41b86b552e54e3a7009596125aa8b167,SP,1595.3,10,1109,1177,0.01
8a2d12a90e92f012ce5226fc6592b653,PR,1594.65,18,1110,833,0.01
70f84699be677ec988d1fa824aef7d90,MG,1588.3,5,1111,1629,0.01
845e8036c3f7bf62099352f5ed910240,RJ,1584.6,21,1112,760,0.01
f3c38ab652836d21de61fb8314b69182,SP,1581,15,1113,939,0.01
392e0502231ae2f8b29994ef6398cd77,SP,1572.9,17,1114,863,0.01
5075aaa8404020ae6aa8bf4792099b41,MG,1572.88,10,1115,1177,0.01
134285d1f41da5c13a756ee8142c8a4e,SP,1572.7,3,1116,1919,0.01
1660ad786c27fd935378b6192a90b417,SP,1570,12,1117,1048,0.01
c4fb51fb1c5b7c07bc5e67be6e7e8f6e,PR,1567.9,15,1118,939,0.01
9b00ed88b7fdb95d6ff76e27c1b52d16,SP,1567.88,46,1119,440,0.01
47648caee88ccfe951fbb27fbf7b4cbe,SP,1564.99,3,1120,1919,0.01
02c988090b766852e088c69d7fb3b551,SP,1564.37,12,1121,1048,0.01
39d54ff918774174706fb065d7f9dc07,SP,1554.69,22,1122,736,0.01
817f85dbb65aa3e70831d90fe75cdf89,SP,1552.27,11,1123,1111,0.01
3785b653b1b82de85ab47dd139938091,PR,1552,21,1124,760,0.01
0eaa7e33d73809f1f925f7d07c506cbd,SP,1552,15,1124,939,0.01
78a4d36f65a019172c6154468831a69f,SP,1545.5,7,1126,1416,0.01
49cdc90518a4f82676b38b3c1aa43ff6,SP,1539.5,5,1127,1629,0.01
06bb3a2fe5e7b7a845b13e8fb91bd944,MG,1536.19,17,1128,863,0.01
cbf09e831b0c11f6f23ffb51004db972,SP,1535.2,10,1129,1177,0.01
3a490ba60afa30ece0e7d50cfe74a4f0,MG,1529.2,8,1130,1322,0.01
ffc470761de7d0232558ba5e786e57b7,SP,1529.13,27,1131,659,0.01
5bf397d04035b5f45cc41e82ec106803,SP,1525,3,1132,1919,0.01
3586b8580d9c917874e053a1bb37b5ff,SP,1524.7,36,1133,535,0.01
a7c88262832dfc683781d6a421edefae,SP,1520,5,1134,1629,0.01
866558b3bccef2dbc6d29a2b5995016f,PR,1519.4,5,1135,1629,0.01
094ced053e257ae8cae57205592d6712,SP,1519.2,19,1136,805,0.01
f5f1f2c5f923f36ad79ea1d07185ddc9,SP,1517.77,10,1137,1177,0.01
1dd33b8119b3cb1056ed5dc88cd0aaf4,SP,1513,8,1138,1322,0.01
a23266650e7c84bb93fbbba502137478,RS,1512.4,11,1139,1111,0.01
b33aaadd1a8891d2dfef0c4c3bdf0371,SP,1504,16,1140,902,0.01
d354c38a7182125a748cb10474fe963b,RJ,1500.34,17,1141,863,0.01
714b9a1332840f257b49f476bea4e341,SP,1499.94,6,1142,1515,0.01
9a03a4e9eb0b947652fae4f6121a3f5e,SP,1497,7,1143,1416,0.01
c7b7db6c8f3c64a7cc1afa634db21d50,SP,1489,1,1144,2436,0.01
659e8466eb3ff1b0e8740d74fb7bbedd,BA,1486.8,11,1145,1111,0.01
2a61c271b1ac763450d846849783e922,SP,1486.77,17,1146,863,0.01
b6e1504972665f739dec4facb9943775,SP,1484.48,14,1147,974,0.01
9da1ca0bef29ee170e541927a5aeabdc,SP,1484.4,6,1148,1515,0.01
f918546be4bec7104d117789ba758b2b,SP,1483,20,1149,786,0.01
9b522ba7eae9e1d04082f267144583cc,SP,1478.6,3,1150,1919,0.01
6806dad1da97bfb5a9038eac6881f706,PR,1477,10,1151,1177,0.01
4d232b78ab7ef10393dc3807d827bc0d,MG,1475,5,1152,1629,0.01
e256a62e0ac58c0edfba09966142d561,PR,1474.11,12,1153,1048,0.01
5e105f5c9f63f5f1fd75d6cb942e55b1,SP,1471.9,8,1154,1322,0.01
7ecd59e5e20407131822c1a68ac59c1f,DF,1466.71,24,1155,705,0.01
01ed254b9ff8407dfb9d99ba1e17d923,SP,1465.99,5,1156,1629,0.01
4ba52dfeba874da5b9ee7b17c7494f04,SP,1463,11,1157,1111,0.01
1284de4ae8aa26997e748c851557cf0e,SP,1459.97,3,1158,1919,0.01
5145090ab595c0d0b8557199f5701fbf,PR,1459.6,4,1159,1767,0.01
97512d3fc193b2d1dfcdba0f9d1f0f8a,SP,1458.87,12,1160,1048,0.01
d7827b2af99326a03b0ed9c7a24db0d3,SP,1455,1,1161,2436,0.01
52f0fe436a347ddad7ed5f9aa4e27eaa,SP,1452.49,19,1162,805,0.01
a414555ce331b8c8aea4a9cb8395194d,SP,1450.95,7,1163,1416,0.01
0ad80de75c811326389cfb1daba7d45e,RJ,1449.4,6,1164,1515,0.01
1b8b75e227c9a9c100d0c210fb6176ce,SP,1444.87,15,1165,939,0.01
2dcf93836ae3ce0d7c93e2f10876467a,SP,1443.8,9,1166,1239,0.01
dace965ca58120f92f8d742a9fa1864b,SP,1442,8,1167,1322,0.01
d1ef48b38baca7e831711c4a0aeb398f,PR,1439.13,28,1168,644,0.01
66fd84ee7528c0c0de85d0f44a73d5ab,RS,1438.11,11,1169,1111,0.01
5b0cc932433fa5184b5b94bfe6bcc256,SP,1437.8,12,1170,1048,0.01
3771c85bac139d2344864ede5d9341e3,SP,1433.3,26,1171,674,0.01
ec933281fb017b5020d06df29c3f77e8,SP,1432,8,1172,1322,0.01
c5f7e746b7e6d07def6c0dae9903279b,PR,1429,10,1173,1177,0.01
0aea4c6ae1505b3228ddf3dd7822ee5b,SP,1427.91,8,1174,1322,0.01
f5f46307a4d15880ca14fab4ad9dfc9b,SC,1422.94,9,1175,1239,0.01
491a5ada3aa1678414e990262c4bbdc1,SP,1420,1,1176,2436,0.01
0b0ddbc7b9d9584f442c7ac92b0ff6c9,SP,1416.76,3,1177,1919,0.01
010543a62bd80aa422851e79a3bc7540,SP,1416,2,1178,2130,0.01
af3ef48d0e13835e529c29ac573c63e5,SP,1405.63,21,1179,760,0.01
921323538c9f1c4e816f2720eac02bea,SP,1401.84,15,1180,939,0.01
8ff1a9df749e454105c55cda13e79143,SP,1400.6,13,1181,1012,0.01
d4ffeb15b67e81ff9af2b4252d99fb7e,SP,1400.4,11,1182,1111,0.01
d4e12e7884759a14fa0f5f896c791cae,SP,1400,29,1183,628,0.01
04843805947f0fc584fc1969b6e50fe7,RS,1400,1,1183,2436,0.01
b8114f2f589a6804810f04f99b36b498,SP,1399.62,8,1185,1322,0.01
01bcc9d254a0143f0ce9791b960b2a47,GO,1393.21,10,1186,1177,0.01
d9a84e1403de8da0c3aa531d6d108ba6,SP,1385.3,53,1187,397,0.01
8e2b3afb420011ef0c88c9d5f11ea526,SP,1384.5,11,1188,1111,0.01
e7f3bf1ecd8526eb7f3b18059e6716e5,SP,1382.04,17,1189,863,0.01
88cf19ec1fc2c58f161aee259d57142c,SP,1372.97,14,1190,974,0.01
6eb94e1466490d327a09abf8f3552a50,SP,1372.95,9,1191,1239,0.01
8185694b58b2ba6de20fd41ae608bbea,SP,1372.3,8,1192,1322,0.01
431050a06a317f2b38168dec3dcd2b46,SP,1370,10,1193,1177,0.01
985c92cc412091f8529c12d7f23d3fef,MG,1368.5,12,1194,1048,0.01
0bebbb2cea103a4a020c95d43fd7d754,SP,1367.2,9,1195,1239,0.01
2e1a7d075abe038c1b2743005fe42ff1,SP,1366.8,18,1196,833,0.01
556a6409838156ea299c9d1f9e2dde43,PR,1362.8,4,1197,1767,0.01
36890be00bbfc1cdb9a4a38a6af05a69,SP,1361.3,13,1198,1012,0.01
fe701d88b67eaca109dffd464d1be9f9,RJ,1359,10,1199,1177,0.01
2f73e04d12cdf0c945ded66bb3fcf6c7,ES,1359,3,1199,1919,0.01
091065b789659bc3cd9af9cb3a6253ff,RS,1359,2,1199,2130,0.01
42ef3192a9ff87a22d1867b74b3ee205,SP,1354.09,23,1202,718,0.01
9f50216bfd01913736a55a11b55ea842,SP,1354,17,1203,863,0.01
81336a0f57a33776419727a300249e90,SP,1351.9,15,1204,939,0.01
b9a03475e6447e631b6799ec8274800f,PR,1349.1,10,1205,1177,0.01
c3ee2331a724e6fc02c4b698b57a73f3,SP,1347,2,1206,2130,0.01
7e26c750b4cb9f6766f58265ff9ebe95,MG,1344.3,23,1207,718,0.01
b43d8b707f887a30f4675391098354a0,SP,1342,3,1208,1919,0.01
02dcd3e8e25bee036e32512bcf175493,MG,1341.9,13,1209,1012,0.01
186cdd1b2df32caa72cfb410bba768d3,SC,1341.45,6,1210,1515,0.01
5a425cc503b39b262a847fd6212bf53b,PR,1340.6,14,1211,974,0.01
8ea394aed8138685abe1eb9f25e1021d,SP,1340,2,1212,2130,0.01
89c127985a8b130cfa45c1d36764017a,SP,1334.67,6,1213,1515,0.01
7357b52d27cbaa90f81a96cbc1279396,MG,1328.02,12,1214,1048,0.01
3faf68a3b0af94b10bac70d86077be49,SP,1322.93,7,1215,1416,0.01
5d9f3746e112e696f98ea22c56b3e912,SP,1322.64,1,1216,2436,0.01
e439f7176d763f92de325271111b2fd5,SC,1320.9,6,1217,1515,0.01
d2e753bb80b7d4faa77483ed00edc8ca,BA,1320.7,14,1218,974,0.01
2bd05d410a8fd26dc4184a15f4f2f588,MG,1316.73,6,1219,1515,0.01
5151aea44289d6c6b090ee31c2132508,SP,1315.3,7,1220,1416,0.01
4eb61f060e7dcc1d5a80d806c35cc541,SP,1313,8,1221,1322,0.01
c794dab4928dd97beb41d05514441e86,SP,1312.4,16,1222,902,0.01
863d2ebcd347ce4922de7a0f9a5581d6,RJ,1312.36,17,1223,863,0.01
f4a04f7be452aa3bb31760bf00055dd0,SP,1312.1,18,1224,833,0.01
626ab1cd96932367f0eeec2e47046c12,SP,1310,3,1225,1919,0.01
7f40d06aa0b5f1aa4f41af8c0480e2ef,SP,1309.94,6,1226,1515,0.01
9a1aea68d3efa00862ec88c0768037d0,SP,1309.2,7,1227,1416,0.01
a13580f0e8f782b7a543885a0ef99f08,RJ,1304.9,10,1228,1177,0.01
83b08de96980757220871b31bf6cffca,RJ,1304.17,5,1229,1629,0.01
542917da124346b47ea1ac79a93ce454,PR,1303.9,20,1230,786,0.01
45a3d05fb00435e52a28859dd03703b3,SP,1299,1,1231,2436,0.01
56e361f411e38dcef17cdc2a3d99628b,SP,1298,5,1232,1629,0.01
d101c6da914ae3d53f7bee42283f2fe2,SP,1297.4,13,1233,1012,0.01
51ed72984a04e5dd35c2b27e77179038,SP,1294.3,7,1234,1416,0.01
b9ca8e8baa5d4aa038394a700f63e69f,SP,1289.77,14,1235,974,0.01
25e47381a6c510ddeb36084e33b89f0c,SP,1289.6,16,1236,902,0.01
141440cad9341e553f8401c574a2aa38,PR,1288.2,11,1237,1111,0.01
e63e8bfa530fb16910dd6956e592bb81,SP,1282.8,41,1238,488,0.01
e3d3b3efac954a60d61be70b7e05b49b,SP,1282.05,3,1239,1919,0.01
4eeb99008a0f59d2c7759c59f9a346eb,SP,1282,2,1240,2130,0.01
269cff2d3c8d205c11f37a52402ea93b,SP,1281.59,4,1241,1767,0.01
a478c7961d6a992065b24e63b366f90b,SC,1281.5,8,1242,1322,0.01
5795aebfe331fbcd02a2c4b679fb7952,SC,1280,6,1243,1515,0.01
fec8cd45395b3cb0c2b173d7739706a1,SP,1280,4,1243,1767,0.01
bb5d956dece964a06c12bceb66b923ae,RJ,1278.36,2,1245,2130,0.01
fa74b2f3287d296e9fbd2cc80f2d1cf1,SP,1274.49,5,1246,1629,0.01
3f8034bfc6b8b4135534975d49f04c63,PR,1273.9,11,1247,1111,0.01
718539d38d07dd351c76db862760e2e2,SP,1273.01,35,1248,546,0.01
128f9bfbe4c7d5185033914b1de3d39a,SP,1267.39,13,1249,1012,0.01
c8c1bea22194a4eefa2dc9a9fa89f536,SC,1266,7,1250,1416,0.01
2646baaf662d4d92ac48f047e35db92d,SP,1263.05,15,1251,939,0.01
9ed65337433adfbedefd23dd76eaa494,SP,1262.6,6,1252,1515,0.01
da7039f29f90ce5b4846ffc0fcc93beb,SP,1259.1,17,1253,863,0.01
9140bd1d9de28b197dce077bdd687438,SP,1258.87,6,1254,1515,0.01
8a9260f2b0340411d6d2a56bcf4f7378,MG,1256,8,1255,1322,0.01
b8578d2d823bd8e251f6fdd02b40902d,SC,1255.6,9,1256,1239,0.01
734def04b237117a09321dd6d8f3f2a2,SP,1252.43,2,1257,2130,0.01
402916f742e5c740cc751493d9cf5053,MG,1252,9,1258,1239,0.01
30a81d8cf85fb2ada1b1b094c9583a95,SP,1245.42,17,1259,863,0.01
3fac58ce0ad699020c7944d53c41329c,SP,1244.95,10,1260,1177,0.01
671585f5a2af58b6e276bc01003c0d2b,PR,1244,27,1261,659,0.01
5d76d80a2f5f39c891b996a1bf4c9853,SP,1238.5,6,1262,1515,0.01
67225bff54a172ff67579aaf583efd78,PA,1238,8,1263,1322,0.01
058cb5aeb36d7c0fcae20fc85d5e0a59,RJ,1236,11,1264,1111,0.01
4fb41dff7c50136976d1a5cf004a42e2,BA,1230,3,1265,1919,0.01
a36ac007a4d18f865c8d32c3b2402c2d,SP,1229.79,8,1266,1322,0.01
7daca0837f033a41a6f3428c18657533,SP,1228.98,7,1267,1416,0.01
2d518637f53161b973e01f56ea4bb88e,SP,1219.89,13,1268,1012,0.01
9c4d31c7e46ab03a43fc06e3142afd4e,RJ,1218.9,2,1269,2130,0.01
7a425d299613df3e613bcf9d2eaf5c49,RJ,1218.8,18,1270,833,0.01
52f9db5cfb423382a2fa5c9e39303202,SP,1218.78,21,1271,760,0.01
2cb6eb1b7185064167657fa09f541105,MG,1217.9,6,1272,1515,0.01
002100f778ceb8431b7a1020ff7ab48f,SP,1216.6,50,1273,414,0.01
093805f8f2aeb63881444571e1f48f30,SP,1215.79,22,1274,736,0.01
f9d010e39375d9c91dce3f40b73a2f84,SP,1212,4,1275,1767,0.01
f08c008c8a8d31417763738a1788a2a8,PR,1211.92,20,1276,786,0.01
788e857f317e53de488d393e65a80f45,SP,1210,11,1277,1111,0.01
6426d21aca402a131fc0a5d0960a3c90,SP,1209.64,23,1278,718,0.01
01fd077212124329bac32490e8ef80d9,SP,1208,31,1279,595,0.01
b566ab0ef88016e00422755e305103c6,MG,1208,5,1279,1629,0.01
bc07d855eac23aab5ac8a120f21d16b2,SP,1202.62,11,1281,1111,0.01
7238f877570096ae403c51898fa64566,SP,1200,3,1282,1919,0.01
6bef34c5be6f2bbd70aa5165f6df94b1,SC,1198,2,1283,2130,0.01
11fb6f6d341adbe19e81733701704635,SP,1197,3,1284,1919,0.01
a20d8058c866dbaeca014d2cd20ac62e,SP,1194,2,1285,2130,0.01
f235413f677777a0738ff215d0184901,SP,1191.98,2,1286,2130,0.01
d8c7ba53e7e38711eaef8c2849d6d2e1,PR,1190.87,22,1287,736,0.01
700f03c207639c22d933381ff60b35c2,SP,1189.86,4,1288,1767,0.01
c0098efcf800861dcae589affca31408,SP,1189.28,9,1289,1239,0.01
1710c3aaa9c6b44ec3883ee0fe300e21,SP,1188.9,2,1290,2130,0.01
c273175f7c6c80fb02f051e2fc6d0d72,SP,1188.23,14,1291,974,0.01
1dcfa3835714681d4ba4a93bc1e0fd41,SP,1186.6,12,1292,1048,0.01
439a47cc365d6e3bd526812ea9de3c29,SP,1186.5,8,1293,1322,0.01
0afccdb8a34ee5c79f7c06faf2b4d56e,MG,1185.6,24,1294,705,0.01
3092c0b297aacfb4bb6e056ebe13b9b8,SP,1184.3,16,1295,902,0.01
a5259c149128e82c9d6d46e0c1c812bb,RO,1182.26,8,1296,1322,0.01
7ff588a03c2aeae4fbd23f9ae64b760d,SP,1182.2,14,1297,974,0.01
2709af9587499e95e803a6498a5a56e9,SP,1180.56,25,1298,690,0.01
327b89b872c14d1c0be7235ef4871685,AM,1177,3,1299,1919,0.01
b1aaae6b66ad3c40f54b389d7ea4bee0,SP,1176.5,15,1300,939,0.01
dbec9a0a7efeff029d4d9dce7dc4cc95,MG,1170,3,1301,1919,0.01
f1b854361f4e15d5851b494df66f22b2,RJ,1168.8,3,1302,1919,0.01
8629c241b3622ac12cd4118afdc8d394,SP,1167.66,13,1303,1012,0.01
5ee7fd217d08dfe5d3e2f51f96a12c9a,SP,1165.5,9,1304,1239,0.01
c8e135e7b21ecbc36c1153a29d2f5a06,SP,1165.5,7,1304,1416,0.01
57c764b4a836300be881e2ff86e449f9,SP,1156.1,28,1306,644,0.01
d1c7fa84e48cfa21a0e595167c1c500e,RS,1156.03,12,1307,1048,0.01
d1b9d4be4b6f9ebd85f8acd6745ba612,MG,1154.35,11,1308,1111,0.01
2d378dbb39815785238c0139c7647fb7,SC,1154,2,1309,2130,0.01
c35672b10ad50968f567ea3f4b91e877,RJ,1150.57,18,1310,833,0.01
5fd924b4836098a5be0ecf81ba054ce0,SP,1148.8,7,1311,1416,0.01
1d2732ef8321502ee8488e8bed1ab8cd,RJ,1148,4,1312,1767,0.01
d4910f1cdcfdabd48d6b316e395d4a23,SP,1146.88,11,1313,1111,0.01
10ff823eda2b032e2c93d17a7d294736,SP,1144.98,8,1314,1322,0.01
5f3ae9136c875522250f8184f253413a,SP,1143.05,42,1315,478,0.01
1ca4bdb0cd7fc48e949bac066188ed26,MG,1140,3,1316,1919,0.01
5b97c06a046398e7005b2b7c0d707a92,MG,1139.97,3,1317,1919,0.01
10089e9f2fd0c668a8fd4e52e1698888,SP,1139.9,3,1318,1919,0.01
5f26c1408a65b42a7224cd463bdf3292,PR,1139.8,10,1319,1177,0.01
6b89abe95848c850399130d149a39b63,GO,1135.2,8,1320,1322,0.01
5b07547f10dd980738a1a27f685af669,SP,1134.6,13,1321,1012,0.01
713e3a23ca5e47786eb6f0d99f94cfac,PR,1126,4,1322,1767,0.01
138dbe45fc62f1e244378131a6801526,SP,1125.56,49,1323,426,0.01
ecccfa2bb93b34a3bf033cc5d1dcdc69,PR,1120.85,12,1324,1048,0.01
c878515173c84a492ebe50d6b493230b,PR,1118.84,9,1325,1239,0.01
cda598c48d7c614bc1cad7d8ff6f0010,SP,1118.6,17,1326,863,0.01
365e445f796710c3431557e85caa25db,SP,1115,4,1327,1767,0.01
1b65c144b17e607c0f37f10bb7dfec8d,SC,1109.5,5,1328,1629,0.01
b586cd24c010a13916af621b0325fbba,SC,1108.94,6,1329,1515,0.01
6c6cc59a5c00cacc5054ca06d65cc282,RS,1107,1,1330,2436,0.01
abc015ebac1d283a323ca9db35ede4b9,SP,1106.8,12,1331,1048,0.01
a425f92c199eb576938df686728acd20,PR,1106.3,16,1332,902,0.01
457fe919b032a3f7dadba6fb92cf7855,SP,1104.89,9,1333,1239,0.01
48328ec9a579151d9cc6a86d4a59336c,RS,1099,1,1334,2436,0.01
4b39558c138930b9e5489c93b6df5fe3,SE,1096.7,4,1335,1767,0.01
b55638ad525e906c698fa2ce742c1742,SC,1094.8,11,1336,1111,0.01
75fbb52eda0cbc24f479d3b2fbfa8d3e,GO,1094.19,38,1337,518,0.01
119d1aef1b4144adba89163f6cd9f5d4,SP,1094,4,1338,1767,0.01
8b655f0855926bcb49f5835d38dfddf6,SP,1089.5,5,1339,1629,0.01
e504a4e2efaa45cbff7e268a2c58c956,SP,1088.9,10,1340,1177,0.01
f205b1a3ca9a34e0f8a228bae6e4c7b3,RS,1088,8,1341,1322,0.01
76ea5315acb3f5f7ade3cd261faf922a,SP,1087.06,15,1342,939,0.01
fe87f472055fbcf1d7e691c00b1560dc,SP,1085.8,6,1343,1515,0.01
e48cc16ab70bfa09e1401740dce0b3d7,SP,1084.83,14,1344,974,0.01
39f776d2974049026ff531fc42ef2a3e,GO,1084.04,3,1345,1919,0.01
71dc18fd8cbf5fd77f45dd8b427abb34,PR,1080,4,1346,1767,0.01
4091f77d8c768fc3e81c20761471761d,SP,1079,8,1347,1322,0.01
4736e9d642ef4257cd7622516931eb51,SP,1078.87,16,1348,902,0.01
03a2a6dcbe45d639c4dc2a0d24769c40,SP,1078.41,9,1349,1239,0.01
a066df7361163e7ddc5d7452dd17448b,SP,1078.3,15,1350,939,0.01
577719699805dd125d5b6fdde5943bba,RS,1077.8,8,1351,1322,0.01
167fd940acebc789debd6eb418c46e38,SP,1077.58,5,1352,1629,0.01
6562efe88ce0826a4ca4f189f03b4b84,PR,1076,8,1353,1322,0.01
3d4b1ae7539303b5704493798893e82c,SP,1076,6,1353,1515,0.01
4cf490a58259286ada5ba8525ba9e84a,SP,1075.3,7,1355,1416,0.01
596849622429351f47b32e6cae1055ff,SP,1069.8,13,1356,1012,0.01
334cab711dee080b079fa5779b584783,SP,1069.7,11,1357,1111,0.01
b18871c324516afa228a13e8f1ef0ae9,SP,1064.6,9,1358,1239,0.01
eb72802c83dc7547529c9546d1a9b8ef,SP,1063.92,8,1359,1322,0.01
8fbd63429be6d3e5e6d1a709b6464802,SP,1061.4,6,1360,1515,0.01
b2eecf5ea250510da76590ca79d60e5d,SP,1060,9,1361,1239,0.01
1464afc72f696af775557a821c2e253f,RJ,1059.36,29,1362,628,0.01
226b05fe067266c59c15dae208213d06,PR,1056.9,10,1363,1177,0.01
55dedd83e501d8248880557d9073cbfd,RJ,1055.3,8,1364,1322,0.01
9d7a1d34a5052409006425275ba1c2b4,SP,1054.82,13,1365,1012,0.01
fcf16b7a8697e559f0123190bb30177d,SP,1052.8,3,1366,1919,0.01
4324dd16853115efb0fd9d0d131ba6f4,SP,1052.25,12,1367,1048,0.01
bb135baca94c82fcb731335ad5b04a03,SP,1049.8,18,1368,833,0.01
49067458c68f7701fd334ce326accbe0,MG,1047.65,17,1369,863,0.01
ea6b12bf9ffe2bac34602ec631d97a47,SP,1047.3,9,1370,1239,0.01
1cbd32d00d01bb8087a5eb088612fd9c,SP,1045.47,11,1371,1111,0.01
c03121937e54a93fcc1825c3098bbb6e,PR,1043,7,1372,1416,0.01
89f69225956f951295ca4c7fb1266553,RJ,1041.3,11,1373,1111,0.01
1bc2e21de46adfea6b98cc96b00f3b40,SC,1039.95,3,1374,1919,0.01
633ecdf879b94b5337cca303328e4a25,SP,1037.6,6,1375,1515,0.01
7df1fc11cc5cbc518b39faa60cf5d67c,MS,1037.6,5,1375,1629,0.01
c54679b132454625907c773d273d4126,SP,1032,7,1377,1416,0.01
8c5e007d7bd5693fa1386ffefbc99f6c,SP,1029.11,9,1378,1239,0.01
8f2b51a30523cdecddc2f179f351c7d6,SP,1027.9,7,1379,1416,0.01
76c47a299e4a8fe992316a85865acbe9,SP,1024.46,6,1380,1515,0.01
e58a5b390e28abc0b216cfb0e07d27d7,RJ,1022.6,7,1381,1416,0.01
26785a546900236d66f2e4197c211158,SP,1019.2,15,1382,939,0.01
7aa538dd6e114e503a2e6154ea352253,SP,1016.68,5,1383,1629,0.01
a13aaf2d2886ab9fb30fb9a920160b8f,SC,1011.52,4,1384,1767,0.01
28872dc528e978a639754bc8c2ce5a4c,RS,1009.9,1,1385,2436,0.01
5b664594895aefb418afaee6d40a9a23,RJ,1008.8,16,1386,902,0.01
00720abe85ba0859807595bbf045a33b,SP,1007.5,13,1387,1012,0.01
fb3cfbc8a86f5d7fbb4d36b8df63f60d,RJ,1007.3,10,1388,1177,0.01
980640c45d7a4635885491d077167e4d,SP,1004.29,14,1389,974,0.01
ef9952469137ff190bacafe117f51537,MG,1002.66,5,1390,1629,0.01
515d781150feed28a6ac091bb0e3cb8c,MS,1002.35,6,1391,1515,0.01
2379bdc3888025689a9deb7b141507d5,SP,999.5,9,1392,1239,0.01
41c9d3997dd3c072c31139dc5bb5761f,MG,998.8,3,1393,1919,0.01
cb4a705d00e100b9732d0ca34817d441,SC,998,1,1394,2436,0.01
de9727ca376d1be6ec121b110aa7954c,PR,997.8,9,1395,1239,0.01
b5e3e38609125694d2ea2417522a60b7,SC,995.04,16,1396,902,0.01
7c5b05cbdb5542049f38d90d7815b97d,SP,993.97,21,1397,760,0.01
04e38a233f726ef161074ab1c9b0399a,SP,991.6,19,1398,805,0.01
8a43128d7f9a3db592b866e6861a6cce,SP,990.6,3,1399,1919,0.01
7ecef8194babfec876ca720714327841,SP,990.5,7,1400,1416,0.01
d1582f4043306e6b91afa6a8a884f898,SP,990,9,1401,1239,0.01
6025c79c035c3d772133b8b8238463b2,PR,989.74,2,1402,2130,0.01
8fdca8e349553f99bc738833a62c8802,SP,989.34,22,1403,736,0.01
edd066cd02126d7800f9b66e980e9931,DF,987.7,6,1404,1515,0.01
e84ad2127668df3aafc6b73531a0beb8,SP,987,19,1405,805,0.01
7a9c12e235c36247c3c81f50d6ea9cea,SP,983.9,5,1406,1629,0.01
adcf50477d6a1f5d91bb9d54c4903cb5,MG,981.86,16,1407,902,0.01
325f3178fb58e2a9778334621eecdbf9,SP,981.7,36,1408,535,0.01
83645b1645cdee8953ee54c29ceed564,PR,978.9,14,1409,974,0.01
e0eabded302882513ced4ea3eb0c7059,SP,978.4,8,1410,1322,0.01
a99504ac23ed125aaf5302af6cc30af9,SP,978,1,1411,2436,0.01
8e670472e453ba34a379331513d6aab1,MG,975,1,1412,2436,0.01
3f2af2670e104d1bcb54022274daeac5,PR,973.6,6,1413,1515,0.01
0e982cff76cc0579f632cea8a0e38c9d,SC,971.9,6,1414,1515,0.01
9bc484c87d79cd4874e05ca182658045,SP,970,8,1415,1322,0.01
528bcf6680c36dddf07620bd35b33a6f,SP,969.98,2,1416,2130,0.01
ec4608a1f76453166bb312b2968aeaf4,SP,968.81,17,1417,863,0.01
9261d76c62caaf0b24677c2ceb7f8f20,SC,968.7,6,1418,1515,0.01
9e9b539eb2806acee3f5c28085c1db9f,MG,967,3,1419,1919,0.01
4b1eaadf791bdbbad8c4a35b65236d52,SP,960.09,5,1420,1629,0.01
b19c48688808720822399ffa9f2dbe2f,SP,959.99,1,1421,2436,0.01
05730013efda596306417c3b09302475,SC,952,4,1422,1767,0.01
f0e103c63864d5405b958d984b6e94c9,SP,951.7,11,1423,1111,0.01
5b2e94f2c22b39ccc24d34ad0f669672,SP,949.78,10,1424,1177,0.01
07017df32dc5f2f1d2801e579548d620,PB,946.49,8,1425,1322,0.01
4f1f1c8666cdb6442f775c4e8caed465,MG,944.98,2,1426,2130,0.01
4e06067cc08b3f41d837768d392c3ee3,MG,941.72,31,1427,595,0.01
69b5eaa096c3f9d1e5c398c597f567d6,SP,938,2,1428,2130,0.01
79a679c36c08d606b3fd47ead9de109b,SP,935,3,1429,1919,0.01
db46ca7bce82b11f7e247539271fc390,RJ,933.97,16,1430,902,0.01
bc47d5d1490df2b36add65d733eafaba,SP,929.8,21,1431,760,0.01
4ebdc7e6cd6102a022dadc49156d4ea8,SP,928.7,29,1432,628,0.01
c8025364abeecb115431bf95c11a747f,RS,928,2,1433,2130,0.01
20b54c376b794ed028df09a3cd88e8dc,SP,927.87,7,1434,1416,0.01
343e716476e3748b069f980efbaa294e,SP,922.6,17,1435,863,0.01
2d42ebcda99fd55f6f4bc2f1ca035d50,GO,921.5,10,1436,1177,0.01
ef2fbc2b607d8492bcffe657a4645434,RJ,920.9,19,1437,805,0.01
670a9dda115b5a88b18cfadee8de2332,SP,918.9,11,1438,1111,0.01
7d7d2b7a51328016102d4528c411d630,SP,918.8,7,1439,1416,0.01
1caf283236cd69af44cbc09a0a1e7d32,RJ,917.6,33,1440,572,0.01
dc7192adf8ba09569261f4a8d576afe0,SP,917,7,1441,1416,0.01
e9729944ba65dc3ce425e0c5a22ae7b2,RJ,916.7,4,1442,1767,0.01
32e5635e63cb374eb63afdd242fb6134,RJ,910,1,1443,2436,0.01
70849ca4f400aaabb62cb7462a6f1428,MG,909.58,12,1444,1048,0.01
3f9c56764fabca627406093dcb3ef0b4,RJ,909.3,7,1445,1416,0.01
08d2d642cf72b622b14dde1d2f5eb2f5,SP,909,16,1446,902,0.01
e5cbe890e679490127e9a390b46bbd20,SP,908.99,2,1447,2130,0.01
4a1f694197d05fe70026b016a7316b41,SP,907.77,14,1448,974,0.01
e250d617a0ad591ba9bd663e584a895d,SP,904.12,8,1449,1322,0.01
ae45df84722b1d15c5f32b23a095746c,SP,901.83,9,1450,1239,0.01
e1c76f339ebd5460999f25a2aa8c92c5,SP,899.9,1,1451,2436,0.01
b45d7ebfb7378630f1bcd74b6ff86ff7,MG,899.7,3,1452,1919,0.01
7dc9a3355bae96dd82008b313d3a456c,MG,899,1,1453,2436,0.01
e51f22821f0c12a16ad5c020cdcd55e9,SP,898.71,4,1454,1767,0.01
f8201cab383e484733266d1906e2fdfa,SC,889,10,1455,1177,0.01
160e4f13fd3a64b1b86807be88b5ffb0,PR,886,4,1456,1767,0.01
e1dc0754bada9ee4cfe9713f22f61292,RJ,885,12,1457,1048,0.01
ffad1e7127fb622cb64a900751590acd,SP,884.3,10,1458,1177,0.01
48985c61529077fa4f1e38bcff0f2ed3,RS,879.3,7,1459,1416,0.01
3c3017960b2dbd72711a61f0400aab8f,SC,878.9,9,1460,1239,0.01
134a288e7de827ec5ec62e3ec9c3a295,SP,877.45,9,1461,1239,0.01
17eea220a40cc0d2c0c5346379682398,SP,875.98,3,1462,1919,0.01
1f867308a0ce13133a4e639ff4de0c02,PR,875.1,7,1463,1416,0.01
cac63f48c38cd7d002a7e846dcd99a23,SP,874,10,1464,1177,0.01
3d621842b2ed28e2b474132480edac3c,SP,873.93,8,1465,1322,0.01
efff9341f3f8f5237b44ff67ed36a7bf,ES,872.99,5,1466,1629,0.01
9c690ceacd5c66731bf443ea810195cb,MG,871.8,10,1467,1177,0.01
04fdea0c111866e6cf812f1570d6b5bd,SP,865,8,1468,1322,0.01
a67780aba9dd436e7ac0aa1f889e73ec,SP,863,6,1469,1515,0.01
41da412d33e8da4f22baf55cb1bde82c,ES,862.9,15,1470,939,0.01
6a8a889bde935bafa76d7848782dfaf9,SP,860.82,26,1471,674,0.01
5011f0d93373a4c5753adf58ca77af8d,SP,859.52,11,1472,1111,0.01
c4fabeea6e569d42d02993bb1f4f1cbc,CE,859.3,11,1473,1111,0.01
2c43fb513632d29b3b58df74816f1b06,MG,858,3,1474,1919,0.01
e8dba4d70f7f2b20e775d09cae01142d,SP,855.91,9,1475,1239,0.01
bf00385a5f7fc1ef39a13c2e9ee50a5f,SP,855.4,28,1476,644,0.01
9198786624eaeb375793215cad26cfa6,SC,854.4,8,1477,1322,0.01
f783a638e9c6af4a7d0dbfde811e7a81,SP,849.8,5,1478,1629,0.01
1099a00e0ee3a50935e6c2447ca090c5,RJ,849.7,3,1479,1919,0.01
4221a7df464f1fe2955934e30ff3a5a1,BA,849.5,5,1480,1629,0.01
010da0602d7774602cd1b3f5fb7b709e,SP,849.5,1,1480,2436,0.01
a0d7fbb07bb5ebc3b05980e750db56f3,SP,848.99,3,1482,1919,0.01
3dbbce181edfaa4a597ec858c382d2ec,PR,848.3,17,1483,863,0.01
fe1b067411b8c5066e962aa146ccee03,SP,847.78,8,1484,1322,0.01
113e3a788b935f48aad63e1c41dac1bd,SP,847.35,39,1485,506,0.01
20cb7c2fde3e5bf10f0bbe7394e1c6a9,PR,845,31,1486,595,0.01
2b03ac196f5ed62ac483960fe0fa3b65,SP,843.1,7,1487,1416,0.01
ddd51ae8cda92f3995a51fc0f0f3eec7,RJ,842.7,8,1488,1322,0.01
0791d9fc1e30678ecf03d3e55fa108d3,MG,842,5,1489,1629,0.01
a1544b9ea0b2390e020537d4daa89049,SP,841.2,8,1490,1322,0.01
a3b42d266fa8afc874b909422ce88582,SP,839.4,1,1491,2436,0.01
c37b2059d4f90d4feead554e5246565e,SP,839.3,12,1492,1048,0.01
6e4f5ff6b086632ba8dcb558fb10249e,RS,838.9,5,1493,1629,0.01
82cb9f452fe8334df74b22d37824b431,RS,838.2,14,1494,974,0.01
eba88037e1dca898cd02881f67ced679,SP,838.1,6,1495,1515,0.01
b81e3a6c866a764974fe849821abeebd,SP,836.15,8,1496,1322,0.01
28f10b1c5e5abb9d4857745bede6147c,SP,835,28,1497,644,0.01
297d5eccd19fa9a83b2630071ff105e4,PR,834.97,8,1498,1322,0.01
1bb3812d5f0747a3ab7348f199001a10,SP,834.4,9,1499,1239,0.01
91543f9849d68d023e17194926598543,SC,834,4,1500,1767,0.01
c00396cbdd2e088fe4281baa5920aef1,PR,832.41,1,1501,2436,0.01
9485a23c0430ba1d58d359391606fce6,SP,830.9,4,1502,1767,0.01
8602a61d680a10a82cceeeda0d99ea3d,SP,826.99,17,1503,863,0.01
1cd9e0cc1839d55516843def5600816d,SP,825,5,1504,1629,0.01
51e4e89242cbb846c2deff3dc015650e,RS,822.58,16,1505,902,0.01
10076e5788b8ee532724bcd460baf762,SP,821.48,23,1506,718,0.01
28ea411b354f14b1a494be4e79f0ce02,SP,820,6,1507,1515,0.01
973f21788dfab357250f69a8dcb7ddee,MG,819,9,1508,1239,0.01
0aa2205ca24f113f4658a5c536667426,SP,815.62,4,1509,1767,0.01
63a79f5a7eb5cb48a7e5787b141c7993,MG,815.1,11,1510,1111,0.01
daf565f087a52def0fd5c5825b3661bc,SC,813.9,9,1511,1239,0.01
dc64d75cc406bb0697be983831430e60,MG,813,4,1512,1767,0.01
a1bea7061f61f6fdd9a85a6325ba1033,SP,810.95,9,1513,1239,0.01
725af026f869236a8dd0ceb98564d156,MG,810.72,5,1514,1629,0.01
5996cddab893a4652a15592fb58ab8db,SP,810,1,1515,2436,0.01
bd4431c1a8dfa744b59e1e2a8bc99b9e,RJ,809.5,7,1516,1416,0.01
14ee35374a7876217954b5fa08e50463,SP,809,6,1517,1515,0.01
ba5daa4041e1f15cdf34b76e3e18a450,SP,806.8,15,1518,939,0.01
caa9bc43a9fe8cf9c564ddd8a03cc4a6,SP,803.87,13,1519,1012,0.01
b5abf4f36adc043117b4fca82c22984c,DF,803.1,8,1520,1322,0.01
a72c2f59332659e361d647515c698798,RS,802.9,5,1521,1629,0.01
11eac105f3f90a9b87b19c89d91e24f3,SP,802.89,5,1522,1629,0.01
ba6b4a237f92479743cf0ca06b67a9ac,RJ,801.89,8,1523,1322,0.01
557f22c76691849db52d2abccf0015d0,GO,799.87,12,1524,1048,0.01
253f95b3a0e6983ae18aed49fbc2b845,SP,799.5,5,1525,1629,0.01
9c7fd21e0aa159b20da593371f08ff7c,SP,798.3,7,1526,1416,0.01
13511db12ac61e2f89c53b72a944a60b,RS,798,6,1527,1515,0.01
365e4bce19bda0082c3d15d83fdb8bcd,SP,796.4,6,1528,1515,0.01
5a05a16bb50629ee31afab8a6d4c2674,RS,794.3,14,1529,974,0.01
e3a386fc36e22064434e1fa256f6a9fa,SP,793.9,16,1530,902,0.01
0d4c8269e7f0401201794deef160edd6,SP,792.64,3,1531,1919,0.01
4ef4c39cf3c24f326434cf0b2e48046a,SP,792,7,1532,1416,0.01
52956b80ae65fda598f06f6b9943e7a9,PR,792,3,1532,1919,0.01
134b867a0f7f8bbe6abf10f91874891e,SP,789.89,1,1534,2436,0.01
f9eedec3129e8cc6b6429c42d0808c5b,RJ,789.8,2,1535,2130,0.01
2305ab43e846518f58dd9d59f3f54e96,SP,788.89,3,1536,1919,0.01
4c61e37f664c3c88aff092aa5ac779d7,RJ,788.31,7,1537,1416,0.01
3492e68f37fd1df87f4f2f2ea247f445,SP,787.86,8,1538,1322,0.01
da03c298e3999e9d828591fc2179d109,SP,787.7,4,1539,1767,0.01
1cbd50a8c52e6cf8e315c5709fab386f,PR,785.97,9,1540,1239,0.01
9d681c7e12db302cb261e721040dde65,PR,785.6,13,1541,1012,0.01
9535a841eecebed61a9fb1ac1cbb5597,SP,784.9,2,1542,2130,0.01
de09d00cfc265b8804c7df34075a68fa,SP,784,3,1543,1919,0.01
5f06030071324cc52bf0304014ac7234,SP,783.96,4,1544,1767,0.01
6b9b80d53ba3676eafe60268a810b5a1,SP,783.7,9,1545,1239,0.01
d4f117125b59ce73c3302f88ee40c458,SP,783.29,17,1546,863,0.01
ef30892870c278497523264be1be2241,SP,783.2,9,1547,1239,0.01
52a52b9f656520e99716f5bc40f661c8,SP,783.1,7,1548,1416,0.01
41c2bad7229b0c25e6becf179ebf63ff,RN,782,20,1549,786,0.01
11742f81550ac064cc9a40f67151d9ad,SP,781.9,2,1550,2130,0.01
70bf57d811208f8923b41bbd499a67a4,SP,780.8,7,1551,1416,0.01
e560e4022d8f7aebf155db95946c5c0f,MG,780,2,1552,2130,0.01
cb6c9f5888a7a090c75beaf615925792,ES,779.89,11,1553,1111,0.01
6524b847b982cd56bb5d4b02b776ee42,SP,779.8,1,1554,2436,0.01
4deebb3199eeafb282ae33229144f94b,SP,779.7,4,1555,1767,0.01
5a413ade68e8f8d93071a7f52a64cb9e,SP,778.9,14,1556,974,0.01
68f86ba270525243e68ae74044f992b9,RJ,777.5,10,1557,1177,0.01
d66c11a9572221d92fbb8c4897db5f9b,RJ,776.56,16,1558,902,0.01
74636e24f01da9268b0ed88dacd8513e,SP,776,4,1559,1767,0.01
5c3460cd3e8a984382ae254e7dd20d9f,SP,775.76,9,1560,1239,0.01
d9442042130b7fe579d1295f9f4a248f,SP,772.16,19,1561,805,0.01
e644cbadf7eeb30d0d29f335ce7d52ec,SP,768.91,7,1562,1416,0.01
0ff83046c3fa22efee8ecf291888b191,RS,768.9,10,1563,1177,0.01
4a1917ef994878940e1fb03eeb787ad7,DF,768,2,1564,2130,0.01
562f8cfc51f265411f487d07e9c40e7f,MG,766.92,13,1565,1012,0.01
6f83d9e4da896daae20b9b6b2d3ff8d2,PR,765.19,11,1566,1111,0.01
0b36063d5818f81ccb94b54adfaebbf5,SC,765,1,1567,2436,0.01
5acd070dd3fe441bbb2ec1f1ede515ee,SP,764.17,7,1568,1416,0.01
2063dd1b9f568df1c16741ea7d3e6adb,PR,763.1,3,1569,1919,0.01
81783131d2a97c8d44d406a4be81b5d9,SP,761.84,8,1570,1322,0.01
39c763cca83e654764b7a4a650fb9b7c,GO,761,11,1571,1111,0.01
a56e351445e5863fc8960640ba9190c7,SC,760.92,3,1572,1919,0.01
ca77545ca4d2dfd1431bf61334e2fa3c,PR,760,6,1573,1515,0.01
7c51de0ab286204ce75ff42bf7c10d92,SC,759,4,1574,1767,0.01
c1ed9e3daf6154542826a6996af0fb8c,SC,757.5,8,1575,1322,0.01
458c6fa920810ce2492da71bc26d9eec,SP,756.76,2,1576,2130,0.01
cf654707ed6a99f112c7ec3d6f314b8b,SP,756,3,1577,1919,0.01
21c62b998a043ebe31161d38f84929fc,CE,750.49,4,1578,1767,0.01
61c36f0fc4a47f9532e5512b66668e62,SP,750,1,1579,2436,0.01
9dc79dd988ac42f4d56c340d7048420a,SP,749.6,4,1580,1767,0.01
87d3c3aeb3ead335511b3ce315eb341e,SP,749.35,15,1581,939,0.01
fd435faa3c0422b60440ea3480d0e77c,PB,749,1,1582,2436,0.01
191d55f7edb8524d525ed01b20fe32e8,DF,747,3,1583,1919,0.01
c89cf7c468a48af70aada384e722f9e2,RJ,745,14,1584,974,0.01
ba6ce6de456f6c11d08c17701ba5c26f,SP,744.35,6,1585,1515,0.01
e8a85b5f3df47be0984c55fd4064dbb4,DF,743,8,1586,1322,0.01
6e864f5c4669eff3d98140a07cc50202,SP,740.59,13,1587,1012,0.01
2ba91c7ad80ff88b23b7db823b43c233,SP,740.4,6,1588,1515,0.01
5bba18b40e8c973b0f32e748004775b0,SP,739.98,1,1589,2436,0.01
8a40ae794fa3f9892cee24bd5af0488b,PR,739.85,6,1590,1515,0.01
ba6b68b55fe8704377a7d43c8e5c0185,MG,739.77,5,1591,1629,0.01
6bb62a4912377c7bfe7cb17b406bc7e6,SP,739.52,4,1592,1767,0.01
8c91bfea4263b8fba54081460693e2a1,RS,739,2,1593,2130,0.01
e73bf2cea7fe4b0b4d287a7568ed1099,SC,737.7,4,1594,1767,0.01
4200ddf1967c5e41e48db62bc6d4b5ac,SP,734.8,22,1595,736,0.01
56db5c0782e8f7ddc9343f9576ff6d16,SC,734.8,2,1595,2130,0.01
33cbbec1e7e1044aaf11d152172c776f,RS,730.67,15,1597,939,0.01
014d9a685fd57276679edd00e07089e5,PR,729.88,11,1598,1111,0.01
7210cd29727d674c00741e5e387b3ccd,SP,729.09,9,1599,1239,0.01
8b87cd0d43d49b9bdf40f56229364d59,SP,729,2,1600,2130,0.01
da6a60cc8cc724fe51be021ff8be779c,RJ,728.79,12,1601,1048,0.01
aac51c486b672a9850d59f3e84b1cf88,SP,728.28,10,1602,1177,0.01
d29ba1220fb8634fa3a107e54497b8a4,SP,724.94,9,1603,1239,0.01
fe1bbc5feda5c8979a8a1b3b2512d5a6,MG,724.72,9,1604,1239,0.01
6d22a1fcebb6dd08c9cd90b92a93e8d0,SC,723.7,12,1605,1048,0.01
d9e7e7778b32987280a6f2cb9a39c57d,SP,722.5,11,1606,1111,0.01
07d75e33f2750d97d467fb57e4dfdd8a,SP,722.4,2,1607,2130,0.01
c8cc60ffd415254af5d9b9f34f32c369,SP,722.2,8,1608,1322,0.01
b16d3dadc47d4eb18be3d88bad0775ce,RS,722.1,10,1609,1177,0.01
94231344608e603693b0a8891143f65d,SP,722,3,1610,1919,0.01
d79e8478eed9999493990b44955fb22e,RJ,721.89,5,1611,1629,0.01
07de60b03d150fb3ea09eab5da5e4c8b,SP,719.1,9,1612,1239,0.01
75a4764c108403a7a0575140cb22287c,RS,716.9,5,1613,1629,0.01
ac6417315ae5da8f9a38ee11de6f7780,SP,716.4,7,1614,1416,0.01
808d4348b916efa08e766ebad39f61eb,SP,712.95,20,1615,786,0.01
d558ebe531605a1285ab2b1bc3256dfb,MG,709,3,1616,1919,0.01
024b564ae893ce8e9bfa02c10a401ece,SP,706.4,2,1617,2130,0.01
18e694e0e48ed6f7aa3f24aade5fd697,SP,701.54,31,1618,595,0.01
39d61be7a92eb77b7da367bd4845bc0e,SP,700.59,7,1619,1416,0.01
ac51cac5e20d69ff485a54746488ef48,SP,700,3,1620,1919,0.01
3ef37b7ca6dd2b80bd8af81a62504996,SP,700,2,1620,2130,0.01
328acb143b4a73aad6bee8e734f5d20d,PR,699.98,2,1622,2130,0.01
1b4b28463457a256e9a784ebe2a8f630,SP,699.42,1,1623,2436,0.01
59cea8e446d3834393058e7e0666b6fb,PR,696.6,10,1624,1177,0.01
0d83f8e03188682112cc0d93523705cc,RS,696.26,4,1625,1767,0.01
fac35d150712afb921ec59ac5f39bb11,MG,696,5,1626,1629,0.01
05a940b4ecae36cadfd8e93bd9c43257,GO,695.1,9,1627,1239,0.01
052577151711aec5c744fe12e66db3e1,SC,687,1,1628,2436,0.01
2dd1fb6f0e42a2243b8a01e40cd41216,PR,686.89,3,1629,1919,0.01
b4b447d715f9ab302a188fb43d3e96b3,SP,685.93,5,1630,1629,0.01
b2c97074649f92197d9387d9033dda5f,SP,684.71,10,1631,1177,0.01
4e6015589b781adaa5ce7f1892d06bb1,SP,684,3,1632,1919,0.01
2fb25ab44bdbeae6a4d816e0d0c9d500,RJ,683.08,5,1633,1629,0.01
9aa388272ee334b6ae07bc73706e254a,MG,678,6,1634,1515,0.01
d9cd369bffa979d1634f8e1318bf2f1b,SP,678,3,1634,1919,0.01
89a51f50b8095ea78d5768f34c13a76f,DF,677.16,10,1636,1177,0.01
a513150f33f99a06569e9cd5c4bb889b,SP,677,2,1637,2130,0.01
3d5d0dc7073a299e31fa718ce1bc00b6,RJ,674.8,21,1638,760,0.01
c6218512d16fcac0af02fe92691cf274,MG,674,8,1639,1322,0.01
5962468f885ea01a1b6a97a218797b0a,PR,674,6,1639,1515,0.01
6861de0f40cacb0602e473c51639f980,PR,674,5,1639,1629,0.01
e21a1e8be4715b0fcfd5385643bc49c4,SC,673.7,20,1642,786,0.01
7354220fb240bde543b3c40c060d41e7,DF,672,7,1643,1416,0.01
e4ebd3f87bf70440014f07ddda7fbe03,SP,671.5,7,1644,1416,0.01
6e1862e15f33d9994bc25922a85e1efc,SP,668.49,7,1645,1416,0.01
0a85ebe4e328db81ac9109781205e2f7,SP,667.9,12,1646,1048,0.01
6824a69c9ea0313eba299dd4a2dba09a,MG,666.9,6,1647,1515,0.01
5f7300535881cef3b625fd683cf7d145,RS,665.98,10,1648,1177,0.01
55c26bcb609f480eb7868594245febb5,SP,664.4,6,1649,1515,0.01
bdae679a9b282249bc23b9b69dae9a99,DF,663.15,6,1650,1515,0.01
8d46553a36e68f95350a200c12f8f2e2,SP,660,9,1651,1239,0
49383af7ab774e4e8f3000f49c83dc4b,SP,660,8,1651,1322,0
c7fdb77fdbff3c41981bc52f787e959e,SP,658.48,9,1653,1239,0
1961c3e1272bfeceb05d0b78b5bbfdaf,SP,657,2,1654,2130,0
b0398568231ba5e6734af1881671a317,ES,656.77,4,1655,1767,0
c447f8dd3ed213f291d65ef074a268eb,SP,655,7,1656,1416,0
80f2cf9abf6b5a0e5c612b5eea6646e6,SP,654.08,6,1657,1515,0
cd3d09fbe6e3e9ff0c0ac0c300e93ae7,SP,651.04,12,1658,1048,0
5d043cd5512d4bd2f88e5ccdd5736c38,SP,650,1,1659,2436,0
43402bdf22aa2310e8f99e2f94f78628,SP,649.95,4,1660,1767,0
c522be04e020c1e7b79f3acff36513d5,SP,649.94,6,1661,1515,0
f435898e493ba0356019a0b1cb8b55b1,PR,649.76,10,1662,1177,0
236585a4ddb5fea9fa40233e2249ed91,RS,649.53,11,1663,1111,0
9cad4b68bb993ee401a3c5aaa2bc26dd,SP,649.3,5,1664,1629,0
54aa8463e87776b5612f4bdc4bd5d4de,MG,649.3,7,1665,1416,0
95b293867b5862941c9cd74f756a3c68,SP,648.1,9,1666,1239,0
b26741d31a563d769b4af0465ab20c56,SC,648,2,1667,2130,0
72c38a04bd6a1c3dbc5298425a0db86d,PR,647.3,4,1668,1767,0
2aa3443d7bf9d9bb11133f420d75e083,RJ,647,10,1669,1177,0
13f57c12a00ed4610db646b913a7f5c6,SP,645.2,7,1670,1416,0
ad273c9eb54ecb4532de4bf75bae9e4e,PR,645,10,1671,1177,0
8d899e15a5925f097cca50faa49b15e3,SP,645,4,1671,1767,0
f3295428338a40977a03f555246a70f4,ES,644.98,7,1673,1416,0
bd1d49a326abfa9b1036772e40445430,SP,637.7,12,1674,1048,0
7a91bf945c6fae0779f1c61ce97fe45c,RJ,634.6,4,1675,1767,0
7b98de631987e26dd6d803490c43a13c,PR,634.2,8,1676,1322,0
1430239a858e7682bbc43b20758af153,SP,633.99,17,1677,863,0
be8e909810184b9b19e886129149d8e5,SP,629.85,15,1678,939,0
8759e7aedd644f487315e5860962f162,SP,627,3,1679,1919,0
685b870da5b52a710782c9c0fefbeb5b,SP,627,2,1679,2130,0
0570350b23eda5444f8d1d9544932058,SP,626.9,6,1681,1515,0
2f09f7d37a97956d11cc1a7cadd5262b,SP,625,7,1682,1416,0
6cf476a4ca74498db55cbccdaa9dcfb6,SP,624.94,5,1683,1629,0
a2deecd5398f5df4987110c80a1972a3,SP,623.81,13,1684,1012,0
d8cf3b6a2151949f930d0252b180ec42,PR,623.7,6,1685,1515,0
ab3e0c171fe84a7ba7de130f19cfb485,PR,623.45,6,1686,1515,0
bfd938b22bc99bce1ae60dc602889f52,RJ,623.4,4,1687,1767,0
3969863bb8af7f72580b3b1ffd3a17b3,SP,623.15,12,1688,1048,0
26bad72add1f86e08a776ce4ffdaf1ca,SP,622,7,1689,1416,0
b5bb2b985208834bd5bd86c7a402bbad,RS,621.06,2,1690,2130,0
6b15924333bd1a741595fe981ea04822,SP,614.32,21,1691,760,0
1d29dfba02015238dfbe2449a5eaa361,MG,612.8,12,1692,1048,0
b44dbfbf62e52125f3c15d230569ea91,SP,609.37,4,1693,1767,0
3d3ccf2b2f8134b10dce9dd446f0e075,SP,608.6,3,1694,1919,0
c6a7539d424a8402232c2228d7a03c5e,SP,607.5,10,1695,1177,0
525e75a6fb1454a2325ab1734bcec221,SP,607.17,9,1696,1239,0
2059c39f76271d4ca3f15b5ffaccc8b8,PR,604.9,12,1697,1048,0
aae5e7b457a3c72ee230a47d98fceda5,PR,604.8,5,1698,1629,0
eddd1991bd6d9309995a480c39b95137,PR,601,2,1699,2130,0
5a6a02f419701fc8c605af71d4fc57a4,SP,600.5,10,1700,1177,0
1588ac4010787100dddef64568f0ae35,PR,599.97,3,1701,1919,0
8e29d051f810eb22959ede205b462b9f,SP,599.8,2,1702,2130,0
68ca56ce86830f3d31b1b7ec6a54da3e,PR,599.69,5,1703,1629,0
3be5841cdcc46de4ed3f9116f104b2c5,SP,599.6,4,1704,1767,0
53336f97ddbe53e2a617d07b17447b95,SP,599.5,1,1705,2436,0
262237171f48e85819065498cac80d7b,SC,599,4,1706,1767,0
d0d70d21e2234dd7cd3cf63fe414148a,PB,598.4,8,1707,1322,0
38e6dada03429a47197d5d584d793b41,SP,596.14,7,1708,1416,0
11938fcc75f6902fea1d0a6f72b54a57,SC,594.98,2,1709,2130,0
8c0de775f52fe41590b376a3b7c50f68,SP,594.8,8,1710,1322,0
3d68c634a99a1ba46dbca3967a69c623,SC,594,2,1711,2130,0
6e0908ef4d4efadbc3cc2b74ea477cb0,RJ,589.45,8,1712,1322,0
8a87611c08849ffeeccab52aa798b6c7,PR,587.9,6,1713,1515,0
768a86e36ad6aae3d03ee3c6433d61df,SP,587.46,17,1714,863,0
6e4a902d1054e4e17aa6eab87fac1c75,SP,586.57,7,1715,1416,0
b274baf5bbd142410eb2958cf685d684,RS,585.9,7,1716,1416,0
bf961104a38e01b9062ee026bb657dee,SP,585.56,4,1717,1767,0
851773c885feb5e2da3b4f82bc2b17ce,SP,585.3,10,1718,1177,0
70b52a4cfc823994561b00bad161b4ed,SP,585,8,1719,1322,0
71271995e85f5b8530be99ed54a91b89,RS,582,6,1720,1515,0
83353a83fd769dfafa4f21a72b15e3e5,SP,579.5,5,1721,1629,0
be3b4b0f050a6aa1b2d901c4b77e979f,PR,578.2,3,1722,1919,0
f524ad65d7e0f1daab730ef2d2e86196,RS,578,1,1723,2436,0
01c97ebb5cdac52891c0ed1c37ba0012,SP,577.5,9,1724,1239,0
5ef131ac72773e5b3f6c0d63cf424657,SP,575.79,10,1725,1177,0
ed8cb7b190ceb6067227478e48cf8dde,SP,573.5,15,1726,939,0
26af45f5dfd967225a832838aa4e24a3,PR,573.1,10,1727,1177,0
4e326052e5dbba8adcd512f3450a307e,SP,570,3,1728,1919,0
9599519be538b98748162a2b48248960,SP,570,1,1728,2436,0
a35ef466c6fd6d052f5d241240d3c5e2,RS,569.9,3,1730,1919,0
3f9be91358837bff69df67edfa3e42e8,PR,569.7,7,1731,1416,0
a254c682cc01e119f83530446f1df9a9,SP,569.4,6,1732,1515,0
cd2169d9f31ff6fbb9ca3373b0c9e354,RJ,569,1,1733,2436,0
73b8eb4a9a729d4019b24ed1be748cbf,SP,568.9,7,1734,1416,0
4170f6a9367e6b5d6401d03ce6d54569,DF,568.78,4,1735,1767,0
89ad3263c0931c47f976d7c5778e60f6,SP,568.2,6,1736,1515,0
f52c2422904463fdd7741f99045fecb6,SP,567.79,12,1737,1048,0
b7ed9fb14c8eadb37adb9c45d67ab0fb,SP,566,7,1738,1416,0
2f74af7a0ee5636f12c2336f9fffed47,SP,560.7,13,1739,1012,0
5f5a58930c3c35f3b5af264f34fb8c85,SP,560,3,1740,1919,0
b12cfd255810394b60caef18ae163547,PR,560,2,1740,2130,0
c33a5c3c983090c8b78a28e65052a20d,SC,559.2,8,1742,1322,0
820c7c9eaf76d2b226b6c242bcf3f34d,SP,559,1,1743,2436,0
35b96509602ec4b7da831b5cd73ff2c2,RS,558.9,2,1744,2130,0
6eeed17989b0ae47c9f11ece6f38ea90,SP,557,3,1745,1919,0
8a207b6080964f3c1fc9d35bd6096ba4,SP,553.7,2,1746,2130,0
385799a1cddbd26dfeb9157356a42282,SP,551.94,4,1747,1767,0
74871d19219c7d518d0090283e03c137,SP,550.04,6,1748,1515,0
eb9cd5b35d95206585e2185318cb5c61,SP,550,2,1749,2130,0
bb2afe2061d53c6968aa0cffa233a8ec,SP,549.4,5,1750,1629,0
e433f5fd4050e3352b5d83522b7fe24b,PR,548.06,1,1751,2436,0
0d33a55da925bbf1ff02af5f6059fc7f,SP,547.3,22,1752,736,0
6c99c983ce3b6ba0ab813e6790e81691,MG,546.75,9,1753,1239,0
9c1c0c36cd23c20897e473901a8fb149,SP,544.97,6,1754,1515,0
af7cdac9d9897cddead9c6b08976c642,SP,543.54,6,1755,1515,0
4cc4fd4fdd406a85bbdc1f824b731bd7,PR,539.98,1,1756,2436,0
228e4c1a0be164f613d41c24345f9d2c,PR,539.7,5,1757,1629,0
d94ba08b99bedd6a5f6c875ecc4a6fac,PR,539.1,8,1758,1322,0
6c17baf138731a4aaacc3210adf2037b,SP,538.8,4,1759,1767,0
08d1c9478fb0d7d7fcac9c0da4e82fc7,MG,538,1,1760,2436,0
ff314fa6033cc68ec451c47aee2d6ba4,SP,537.9,2,1761,2130,0
1fe61aa5494bd3ae92a2c13e067c810f,SC,537.76,1,1762,2436,0
638cba8be1fb599bbb76fd6948351eb3,SP,535.4,16,1763,902,0
cb9fb4ca75d7ba8437480e8dde64fe98,SP,532.14,10,1764,1177,0
1f7fd2a6fcd5a6fa5d8a4dabc72aaae0,RS,531.8,3,1765,1919,0
4342d4b2ba6b161468c63a7e7cfce593,RJ,528.9,2,1766,2130,0
2e7ea2aafec5835e781b21d6d1faf1f1,SP,528.4,7,1767,1416,0
6879c4d287a8dd06b11f54ea8f78e4da,SP,527.67,6,1768,1515,0
979e9f8b5b39dd243a2550c8b05aecf0,SP,525,3,1769,1919,0
3968920b9aa752ab98f7d5888c9252f2,SP,523.3,8,1770,1322,0
02b72cdeb9cfcc429f1af6f4e3f3b737,SP,522.65,4,1771,1767,0
6e13dd869aa7185f601c941423abcc8f,SP,522,5,1772,1629,0
c026ef0d72e9132d9fa112308090c8dc,RJ,520,1,1773,2436,0
fc59392d66ef99377e50356ee4f3b4e1,BA,519.99,5,1774,1629,0
f9ec7093df3a7b346b7bcf7864069ca3,SP,519.2,9,1775,1239,0
d197aa8fbc64087f61984deef05f6227,SP,519.09,6,1776,1515,0
ff4e2d38692ce827b1a4f4b8196e680d,SP,518.9,11,1777,1111,0
a7dc4098e4da6e41b426269d12ae7e91,SP,518,2,1778,2130,0
7e79d65b5c6f1f544b7daea036acf720,SP,517.8,4,1779,1767,0
3296662b1331dea51e744505065ae889,SP,517.8,1,1779,2436,0
9e6967d3cf386d284251784b18ccb485,SP,517.67,9,1781,1239,0
64cc804291f90c81f02bfc2bb58ff55a,PR,517.6,2,1782,2130,0
1d503743d2526f03f0c2c89540ee008c,SP,516.04,12,1783,1048,0
b87a7ea0c30fad2dd6781b74a0064859,SP,515.4,9,1784,1239,0
a06c8ff043abea0528ee44171e2140a2,MG,514.5,8,1785,1322,0
c157bdeedcbc9a8e3c8bf0d87ff24428,SP,514.27,7,1786,1416,0
312ba1d77e9c332ef21f9598b7f64cd7,SP,513,7,1787,1416,0
4a82168aaef173cbb6e46ae88728f919,PR,512,4,1788,1767,0
2b2fed75b8e5ea3a052fc4c0825da485,MG,510.9,3,1789,1919,0
c3aad7dc65449ae90a5e9c3c6c1e78e0,SP,510,6,1790,1515,0
c53bcd3be457a342a97e39e5a9f0be22,SE,509.5,5,1791,1629,0
4be6b962d83299498bae2190f95d6566,SP,508.8,11,1792,1111,0
e6a69c4a27dfdd98ffe5aa757ad744bc,SP,508.51,21,1793,760,0
33cbda8716511e27e556dff9d8418bf2,SC,507.4,5,1794,1629,0
5e49e3a44bdeb5aab2684258bbd4f525,SC,507,3,1795,1919,0
3ea00e1dea2b0659dbaf654735929220,PR,505,7,1796,1416,0
2493dc3f20131696a0ecdb9948051a8d,DF,504.38,4,1797,1767,0
20a7efa9721046319bdde5d60b6b5365,SP,501.2,3,1798,1919,0
39a5005f2605cbdb4f9ac14485cabfd1,SP,501.07,3,1799,1919,0
97e995629983723d11830a829bc2b246,SP,499.5,5,1800,1629,0
13c2ed7698b3ca92dad49e849219da59,PR,498.61,8,1801,1322,0
e59e489e2ea74bd409b798b5daf49de3,PR,495,3,1802,1919,0
265fdc289dffa9f1ad801c74f7d0de47,SP,495,1,1802,2436,0
ccbd753e6863fe7314dc6c0ca5a074e7,SC,495,1,1802,2436,0
c458e2045a8aa8964f8879af03fdcce6,SP,494.91,4,1805,1767,0
fcba71d4d5db057f43249145e4eb1e27,SP,494.55,3,1806,1919,0
0951a6e282947e09cd47969f4ed0b47f,SP,492.3,7,1807,1416,0
e601b04acf48b4576e73ddca9481f0dc,SP,491.94,15,1808,939,0
c84592044b180dec206770c38603814b,SP,491.94,14,1808,974,0
340636a908b13bbe0f4fb63fbe1d0c03,SP,490.5,3,1810,1919,0
b9c0ffa92f3ff9a5a3d45ef7213c0842,SP,490,3,1811,1919,0
48fb026ed7455a42f5d3e9390ed5088e,RJ,489.73,9,1812,1239,0
7816cd9c5b1238e320545f5bf7eb80e8,SP,489,1,1813,2436,0
f88adb15807168d3c43d71021090ce4a,SP,488.8,3,1814,1919,0
09bad886111255c5b5030314fc7f1a4a,SP,487.5,5,1815,1629,0
83a75eea11694e36e56dd0cb2240229a,SP,487,3,1816,1919,0
c7a0a13cbcf29d5ce51c8f80afdc0b89,SC,483.08,8,1817,1322,0
c1f12f926d0ba950578b4fa41115cbb6,SP,479.6,2,1818,2130,0
0c7f30ae9b147eca07affbef92832a6a,PR,479.5,5,1819,1629,0
32fdd5d44ecb43dfd6a24b9369eca144,MG,479.2,8,1820,1322,0
25be943a321c8938947bdaabca979a90,SP,479,3,1821,1919,0
bac692d6c0ed08467878018e6cc9c26c,SC,477,1,1822,2436,0
f1198c871e0171278b63f40d112caeec,SP,475.8,2,1823,2130,0
29e6e05b65f93bc224c644319dc52ecf,MG,475.6,4,1824,1767,0
7402d13c03a7e91366337cd1de471144,PR,473.89,3,1825,1919,0
e1b12447a7563944843191754aeb5562,SP,472.46,9,1826,1239,0
e3dd723429d1b23614b7fa85e2c7a853,SP,471.05,7,1827,1416,0
270d3ef21830ad0ecf3a6c53d08a533a,SP,471,5,1828,1629,0
2953ce3a88f5e3c3b696d77fc9e4c8eb,SP,470,14,1829,974,0
b0b346d3a89f5eb4c2968af3f083cd43,SP,469,9,1830,1239,0
8fec2e460530482132c436cfb5439925,SP,468.46,3,1831,1919,0
038b75b729c8a9a04b0d07cba7eabe86,SP,467,2,1832,2130,0
c42fd8e4d47dfb18ce5222f2dd7752f9,SP,466.99,7,1833,1416,0
9fc70243fb26800cba56e8f014797004,MG,466.6,6,1834,1515,0
feb793c88d836c3a75efa4b5a3465d70,SP,466,1,1835,2436,0
ee2fbacc2fc3794e656cc4d933d59ce7,SP,464.97,2,1836,2130,0
651fe66032c9520ee5587f694908040d,RS,464,7,1837,1416,0
0a82f5fb06a4fe4ac2cf7cb412ec71b8,SP,462,2,1838,2130,0
cb0b3bcf14e0a709df412a99424a59d7,SP,460,2,1839,2130,0
aec99834ab5d38ead22766ada8497e87,PR,459,1,1840,2436,0
8b2d4ab22f42c5cfc338b846decfda60,PR,458,6,1841,1515,0
dd88d13bea9e4c2bf47daf224f8141e5,RS,458,1,1841,2436,0
e546117ed9cafbc40239c0c78635c584,SP,456,2,1843,2130,0
35857757f553273b1056c1cabdace7fb,SP,454.6,6,1844,1515,0
117cfc326c6d50da67ca858ff5c0c852,RJ,454.6,5,1844,1629,0
b248792ac0b60ec3f93d80af1b4fae47,SP,454.5,7,1846,1416,0
55029529919c0123526150bd26ca8f20,MG,453.95,7,1847,1416,0
fc4751cfe3b279c419615b9b00c1abb4,PR,453.7,1,1848,2436,0
7994b065a7ffb14e71c6312cf87b9de2,ES,453,5,1849,1629,0
e5899683388855d3dabe8913bbe365de,SP,452.88,3,1850,1919,0
b7cc6c5e001441ae8cdd5c69a480cbe4,SC,452.8,5,1851,1629,0
777a0c55737f34ffeb78010f7542ab41,SP,452.5,6,1852,1515,0
eb5b6204dde3a6e03b5f1bb8479f055b,SP,452.2,19,1853,805,0
08f5819815f3d06545011850bd70f0a8,SP,452,3,1854,1919,0
4de6e4ba574aa9dfdc824bc44dc47fdd,PR,451.1,14,1855,974,0
101a3a003516bc11253298b2fad3cb65,SP,450,5,1856,1629,0
d90fe2229fee1a5da999ccd0c06c1667,SP,450,3,1856,1919,0
968ee78631915a63fef426d6733d7422,RS,450,2,1856,2130,0
3d4824f20035949c710eaf111f869d39,SP,449.97,8,1859,1322,0
bbaff50f3b708fda865918715276cd87,SP,449.7,12,1860,1048,0
a11a0e0ca67423425691db355cff69b0,SP,448.9,2,1861,2130,0
3d0cd21d41671c46f82cd11176bf7277,SC,447.8,9,1862,1239,0
5e106d93b717c2682b9383da480364a1,PR,445.9,1,1863,2436,0
a5bff0f43eb51f0cad7c37fac7244c8a,SP,445,4,1864,1767,0
b3f19518fcec265b2e97af287725f981,SP,444.92,8,1865,1322,0
768de2a4fc06aacecb9a586ccc30746a,DF,442.7,13,1866,1012,0
f22a247b79dd22ecd91dc8e3b2a1b07c,SP,439.94,8,1867,1322,0
64c9a1db4e73e19aaafd3286dc448c96,PR,439,1,1868,2436,0
c3251e13f1bbda6c74e37c160f991e19,SP,437.8,2,1869,2130,0
b29d3380981c51df13fc6fbe87e1763d,SP,435.3,6,1870,1515,0
98115075dd26cb8835946fc6086f5d30,SP,434.96,4,1871,1767,0
26d6bbee02420494d471c9f6436929c0,PR,434.51,12,1872,1048,0
d4e4b5192cba4e0e66eb12a9d347239d,PR,431.9,11,1873,1111,0
bc503e244f187939d10c92a5c8e378ce,SP,430.31,6,1874,1515,0
4e480be820e37de1444325ff358c9296,MG,430.3,1,1875,2436,0
8bd0e3abda539b9479c4b44a691be1ec,RS,425.75,6,1876,1515,0
2c3d56f92f360fb89d849b84e8f50eae,SP,425.1,7,1877,1416,0
939e6227d6964a11a70aa91243e418f2,MG,425,4,1878,1767,0
a45314082d50d578a4721c9787ce09ab,SP,424.9,2,1879,2130,0
dc50afafdfa325eadc890c7fa42a8f4e,PR,424.2,4,1880,1767,0
b080809eaacb49e5ca07290981472431,MG,424,11,1881,1111,0
acf974e4d5950ad143a247471b831eb9,RS,423.8,5,1882,1629,0
41e0fa5761c886a630994a55c12087e7,SP,423.6,5,1883,1629,0
7c1fea10b5b006671d608b1d7c446ec4,SP,423.6,14,1884,974,0
5dc203c7b84a0e71e878a179de05fb9a,SP,421.9,5,1885,1629,0
c714262700f93defc16bf17a51a4cb23,SP,421.8,4,1886,1767,0
9d5604a1f112324ad6b2aa552122e0fb,SP,421.5,13,1887,1012,0
cc80e2f693fa6e2408f47ccf62413fc1,PR,420,2,1888,2130,0
7bcd7c5f8631701474db233ccf1c094b,SP,419,8,1889,1322,0
189ca3538ce9f920cacf0f982cbe223b,SP,419,4,1889,1767,0
38102b031c2a15e54623d711bfc753d3,CE,418,8,1891,1322,0
6d7f8d9d594e28796b6b3205b00f459c,PR,417.9,3,1892,1919,0
7b7f91e98f8c6def45a1407923304402,SP,417.47,11,1893,1111,0
b64d51f0435e884e8de603b1655155ae,SP,416.18,17,1894,863,0
f650a9708fa1bab22bdd8d3a818cc415,SC,416.04,4,1895,1767,0
a53f60f05f822b5c621a50ff6a5cb362,MG,415.4,4,1896,1767,0
34a557286ead8fe75c989e0afcf7d98c,SP,414.9,4,1897,1767,0
35fb511489d9ee3ee27a76debce9df06,PR,414.5,7,1898,1416,0
ff1e15b778c700abdd4d239b81ac466d,PR,414.3,7,1899,1416,0
bd149ed516d4c5d418d5781f8e18919f,SP,414,8,1900,1322,0
acb6c2ca5c82411c1fdb88d5fd5eb95e,SP,413.88,10,1901,1177,0
042573af89b6d931f672efaf789d8358,SP,413.48,3,1902,1919,0
ead2bab70821ea148476ae9bc08548ac,MG,412.1,9,1903,1239,0
a35124e2d763d7ca3fbe3b97d143200f,SP,411.5,4,1904,1767,0
b1204cfda1d4948679db3cfc0d3cb95c,SP,411.2,6,1905,1515,0
86ff3eaef0267069cc891a2ed9d10a17,SC,409.75,7,1906,1416,0
5275ca25d0358ca73864e0ae41be1320,SP,409.6,4,1907,1767,0
f4ce8ca9fa7157e3b33f536ac9a4487d,SP,409.6,4,1907,1767,0
c3f5668699a1b04c0fa61ecea1e2bff6,PR,407.81,3,1909,1919,0
c7dcd301ecfe5ab7f778ac172cf74be7,MG,407.79,3,1910,1919,0
20a8b0dc55da94fe74d112082427c84f,SP,407.4,7,1911,1416,0
6b803197e03abd5056b4313306b4f29d,SP,407,7,1912,1416,0
4a23adac87cf538689fa600d976f78b2,SP,405,3,1913,1919,0
179d859f51292aac5c10806a356f7af9,SP,404.47,18,1914,833,0
ed9eef5be0992d413d251fadba1a410d,SP,404.1,3,1915,1919,0
5563732abe64c3036cb97ad924128dd1,SP,404,2,1916,2130,0
0ddefe3c7a032b91f4e25b9c3a08fca1,SP,402.9,9,1917,1239,0
29fe9f200d3fa0c668d2aa1ec7e08dfb,SC,400,5,1918,1629,0
d7485b33791774c36108f8c69602d48d,PR,399.82,10,1919,1177,0
63ffcb71394dd8ea3872ed9ffda17c74,RJ,399,17,1920,863,0
d263fa444c1504a75cbca5cc465f592a,SP,399,1,1920,2436,0
fadb07c842a2aef5d5a676b85f220e71,SP,398.75,7,1922,1416,0
73da1880b39c71de2b262bc7720c1494,SP,398,2,1923,2130,0
48e954b2da4f6a750c844173b347ed40,RS,397.8,2,1924,2130,0
c52c644cc0dc85121207a27013efc6af,MG,397.8,1,1924,2436,0
62760d278921b5f352461620d68a9cee,SP,397,3,1926,1919,0
12a8eb0f8d1cd3270695bf2a99f55966,SP,397,2,1926,2130,0
41b14765bd56c8ad10971074380f9c0c,SP,395.5,8,1928,1322,0
9b76ad3d04236f76bc71c59470305e13,SP,394.7,2,1929,2130,0
0249d282d911d23cb8b869ab49c99f53,SP,393,11,1930,1111,0
89bc797e2e29667aa035d4368f9b7f92,SP,392.4,16,1931,902,0
bc30de0d71bd6260b936a026b5cf7200,SP,392.37,3,1932,1919,0
59cd88080b93f3c18508673122d26169,SP,392.33,10,1933,1177,0
fe4cd9461203cee790d36792420b310f,MG,391.15,3,1934,1919,0
c13ef0cfbe42f190780f621ce81f2234,SP,390,1,1935,2436,0
8936ba0de1073ee888cb3185ae5dc661,SP,389.99,1,1936,2436,0
4049512728d969bec69f84088b012416,MG,389.84,7,1937,1416,0
0fe2d9733ed841eb064503920015a8c0,SP,389.64,3,1938,1919,0
432c67955c0acd1fd6b0b5d678766a71,SP,389,1,1939,2436,0
a7ecf689b40a44361e259b28939023e4,ES,389,1,1939,2436,0
c1849d4d32d7a6cecd5aa471809d3135,SP,388.98,3,1941,1919,0
2009a095de2a2a41626f6c6d7722678d,SP,388.89,8,1942,1322,0
b98b715fe9e276204e2a3464f48cd796,SP,388.6,4,1943,1767,0
78ef7e885d17f35e2382a47aae8b8cce,RS,388,3,1944,1919,0
b6dc74ed30f124f95227bed4e43a3bed,PR,387.56,9,1945,1239,0
94d76e96eedd976258cd3278ce56d5f2,SP,385.61,1,1946,2436,0
a21c11ec5c3f03e7cc9f9203bff9e1c6,SP,385,3,1947,1919,0
559d56f3b8f0bc2e5a9a62fe2ce2a39f,SC,385,2,1947,2130,0
a080fc8a850289b27500f6b49cca2553,SP,383,4,1949,1767,0
ab27bbbad5239bc31a34709275a70db4,SP,382.9,3,1950,1919,0
ea00f977a203ff88adf7057cb7806998,SP,381.73,18,1951,833,0
f7315bb81aea4ddca2d39e249a801c98,SP,379.8,2,1952,2130,0
f5b44895715ddfe3087dc414f30268f3,SP,378.8,19,1953,805,0
bd15ee794d5e640d9dd71b665b2ab15b,SP,374.8,12,1954,1048,0
c24173065483e421f9e5e7f599de101d,SP,373.91,9,1955,1239,0
404e1ba01358af4cd63f679b2c4d1fa1,MG,373.9,8,1956,1322,0
08084d990eb3f53af056ccbc1730c8a7,SP,372.5,12,1957,1048,0
6d988d6174a2c27441597174f8905515,PR,371.73,19,1958,805,0
0bfd0b434243adc5c2e1aa6baf19c6aa,RJ,371.2,6,1959,1515,0
70125af26c2d6d4ef401a1d02ae7701f,GO,371.2,5,1959,1629,0
4dbd95a08b31ede5c82d3f861cb1ce1a,PR,370.78,4,1961,1767,0
0f0c984a4a955310903b6b6008660bad,SP,369.81,4,1962,1767,0
131fcb0a0c9a47bba4474aacff0f14b7,SP,369.8,4,1963,1767,0
916748bc99315c2d202898ae58b1617e,SP,369.4,25,1964,690,0
63191ead8d3b2f937cd1996fdcbbad20,SP,367,1,1965,2436,0
499ec63c58e51296c9cf57edcfe1c8a8,SP,365,5,1966,1629,0
f12d3c2a14729ae461b920c11fe20fdc,SP,364.45,9,1967,1239,0
4e85b538b0dad58852641540686d0e14,SP,361.98,4,1968,1767,0
35ef5aa32949680f627efec3c23e705c,SC,361.6,4,1969,1767,0
a435b009cd956ea60748b5cfbddf2e24,SP,361.18,3,1970,1919,0
b56828a9f9027f3c918c04ca720d9e3c,SP,360,3,1971,1919,0
76de363de16dacc923eec8daf91df504,SC,360,2,1971,2130,0
fa14641f57b655e933124a9ea49cd7a5,SP,359.93,7,1973,1416,0
03bd479e1d9484cdb14104d3023f7321,MG,359.7,3,1974,1919,0
184725737946a1a938bbbd1a9e978103,SP,359.7,3,1974,1919,0
1e8c6a4c538f286aee9573239740a4b4,SP,359.7,5,1976,1629,0
51209b446b2073894bdc0face6c73ffc,ES,359.6,2,1977,2130,0
3076499bbc033a927bf4a8a41bcf7fd4,SP,359.33,7,1978,1416,0
ffff564a4f9085cd26170f4732393726,SP,359,8,1979,1322,0
173d56ffbd4c56cb80fc3615487d712b,SP,358,2,1980,2130,0
f44bdc12aa39f5271f0b95f66cd4c289,SP,357.5,5,1981,1629,0
9dd59e43f0c9f0553244e8f9c2fb247e,PR,356.3,10,1982,1177,0
24c1de8d9551c0b4fbc53317d53efda8,PB,355,1,1983,2436,0
761681a821d8275bc79f552116d06869,SP,354.92,3,1984,1919,0
8fd3b4468f6425810648177996c14cbd,SP,354.9,1,1985,2436,0
9b00cad94ef3078faf6fba2e792c158f,MG,354.9,1,1985,2436,0
a2fa0bdc798ee84cdb08281337cf4fb6,SC,354.86,8,1987,1322,0
44f091b5abab8018f682fce8124b85e5,SP,354.4,3,1988,1919,0
b88e7c57cb2d8b973b7dd4a2bfa14b36,PR,353.9,4,1989,1767,0
de66a66f2dd06bb9ec37aa96987466a3,RJ,353.32,7,1990,1416,0
b67d6c666e8dce1d078c882825e12704,SP,352.84,7,1991,1416,0
52092ddbd3a58c450a4459bf051b2287,SP,351.7,6,1992,1515,0
e53d5b9b29d1218281f4a907ada18626,PR,350.67,4,1993,1767,0
b7d5b4b87af9d42b601865d3f3810bff,SC,350,1,1994,2436,0
97e4a63591ca439a2b8b7efd20e6e19e,RJ,349.95,5,1995,1629,0
52bb00821bcdd358a5a5a27e1f6be5a1,SP,349.8,2,1996,2130,0
079d295dcbf06ee8bb1b65ba964eb2b6,SP,349.3,5,1997,1629,0
27a56ff04b34c2ba34ce6ba4d3b9d616,SP,349.29,8,1998,1322,0
249f0e9905a6e06ad6c6bea7547ab9f6,RJ,347.95,3,1999,1919,0
79565f7d5603b24ddf07ade262547f2f,SP,346,7,2000,1416,0
918717417d88a9f9ae9735567e6c7682,SP,345.7,4,2001,1767,0
48efc9d94a9834137efd9ea76b065a38,PR,345.6,33,2002,572,0
38af8acfd46ac4a7bf754e8ca6736664,SP,345,5,2003,1629,0
a37c340b91cb0169e8b029db6440fba2,SP,345,5,2003,1629,0
f5fea3ffed6c2e889bab72705557c63a,RJ,345,1,2003,2436,0
26b482dccfa29bd2e40703ba45523702,SP,344.78,3,2006,1919,0
3985a3c45be355a4c57fde108bfabd1c,RS,344.2,7,2007,1416,0
7957cac1a02f45d0a4a7e45626382ec2,PR,343,1,2008,2436,0
2a73cba571d90c694b7caca072ccf6ce,SP,342.78,1,2009,2436,0
6219ba2359cfb97f2e38fd4c321eb309,SP,342.6,5,2010,1629,0
b9ec22de23f18567de0e09d776ca0309,DF,341.98,2,2011,2130,0
89de2d6f23e9746ff309705b23581faa,PR,340,8,2012,1322,0
ae8bfdbf1c2a2a2dee92d799db0a31c6,PR,339.92,8,2013,1322,0
6650fcccd8cd2f7e55ffa524f30c4c59,SP,339.8,2,2014,2130,0
2f4b0d3b9634b647d4edee577d7ebb7e,SP,337.9,10,2015,1177,0
e627629ba868740e287800f1a9be81c2,SP,337.1,11,2016,1111,0
0743a0239d764b9a0f959a57d07e36ab,SP,336.96,4,2017,1767,0
a64e44665225d19dfc0277eeeaaccc57,SP,335,6,2018,1515,0
c8660dcf9ba70575f45d80fe28c27713,SP,335,4,2018,1767,0
333c4210e76a1aa2ab817b99437e3ff1,SP,335,2,2018,2130,0
2c538755f1ca9540af144f266e70df6c,MG,334.99,1,2021,2436,0
61b18775be84fb700a6b2d0ba097bf66,SP,334.5,4,2022,1767,0
7c4618c82226628831613e95e9c22f44,SP,333.93,13,2023,1012,0
ce616e1913288884e7742faac9d981db,SP,333.3,14,2024,974,0
c113b8df1fc375bc3d73d29c1b1144d1,SP,333,3,2025,1919,0
d36b07fd3c5088e477a72d1fccfe29d4,SP,328.9,1,2026,2436,0
f18112da765e0971ca5d510dec322bdd,SC,327.8,2,2027,2130,0
4b98b0428fc1932cc2514ef9ce2505e6,SP,327.63,2,2028,2130,0
6c1b6d0c604b776f844125f911eb7377,SP,327.07,4,2029,1767,0
08d0949a9a17c027262db1f3c450c26c,PR,324.8,12,2030,1048,0
6bd503a8230299c9316fb0f726933927,GO,324.29,4,2031,1767,0
7dea6f73af847b42cc3985bd620f994d,PR,324,2,2032,2130,0
0747d5bb69f0586cc869d8af4c50f93e,RJ,322.8,12,2033,1048,0
92d14edfb62ee5ae7fdff70b0f4e7233,SP,322,8,2034,1322,0
a81466620e46a6970b22ef40379fdfc9,SC,321.8,2,2035,2130,0
7b7ed56ae755e2880f2b69632e839c1e,GO,321.5,5,2036,1629,0
d149de2f383552baea37a7198c2296ce,SP,320.7,3,2037,1919,0
d2f3e277560ed4c6361284429b00f037,SP,320.55,7,2038,1416,0
eb9267cccc90f1b49c8d2f9887c7dd97,PE,319.9,1,2039,2436,0
883dd81e82754ac2c65e9790a7db8c9a,PR,319.5,5,2040,1629,0
c611f4ce9ce875bcc063fa97fd4d7d12,SP,319,1,2041,2436,0
1e9d5a33694bddb76316fd1f54734d20,MT,318,2,2042,2130,0
57d2ba47f7a3209aa347532ae75c1165,SC,318,2,2042,2130,0
2d22fc3089eb907b29ebff50581fb472,RJ,317.7,3,2044,1919,0
ea4e9ce63a2134743b4a92777437fcdd,SC,316.6,3,2045,1919,0
9cf787a239c1aa29dbd76f153dc13f9a,SP,316,4,2046,1767,0
cf1313c6e2c01c2f4b014f97db4bcd2b,RJ,315.7,5,2047,1629,0
3b18f9856c6eb2413eafedb58e9eecd9,SP,315,1,2048,2436,0
da20530872245d6cd9d2f5725613c430,RS,314.96,2,2049,2130,0
12c2ed9cded6138cf0c75f525f565fc7,SP,314.96,4,2050,1767,0
9ac4f14370b1e24ddc58be041b7f99df,GO,314.51,5,2051,1629,0
8c9348f33ae3dada25c99c99ade2af78,SP,312.99,2,2052,2130,0
3afc536624bc2e65bddfb5db33cc01f3,MG,312,6,2053,1515,0
1acde099eb406aa220b1169b188b42da,SP,311.1,9,2054,1239,0
df47da4ae86fa4db890d05aaf24e21d8,SP,310.5,5,2055,1629,0
ad87df7699e83b8a91822a4a0b765c3a,SP,309.9,5,2056,1629,0
ba89796db68db180bd389de96b2ff3b6,SP,309.8,2,2057,2130,0
0cab2da43793a6f3c5ed8514c5f54627,PR,309.7,3,2058,1919,0
ebd1417732defaf66c50b5a800eb293e,PR,309,1,2059,2436,0
152ee17e4c8aaf53dac99f3462e4999b,SC,308.96,6,2060,1515,0
1b45169b635ef59425637e9a33eb5fb3,PR,308.9,7,2061,1416,0
dbbcfe2c8d026742134ac3e28ccde274,PR,308.59,4,2062,1767,0
b127efdabeffb5d559349c7b172eb75d,SP,308.5,10,2063,1177,0
85cc55e048b6bcc90c75afe7f0e72f72,RJ,308.28,9,2064,1239,0
a7a9b880c49781da66651ccf4ba9ac38,SP,307.6,3,2065,1919,0
9c3c24eca51c52b91c1de727d2a2ae06,RS,307.5,6,2066,1515,0
48bad451945f5227341793478d6353ea,SP,307,3,2067,1919,0
e94b64dc6979b302a5a5be1662c83bb6,SP,306.89,2,2068,2130,0
bc39d8938f90a3a2b98193723ed59774,SP,306.8,2,2069,2130,0
6d2f2e3b539480db1e0842b3a4e32e6e,SP,305.96,3,2070,1919,0
085f6f7e049c996695fb2074fe38d45e,SP,305.4,6,2071,1515,0
c76d418370990614e89e956c7a7567d9,SP,305.24,2,2072,2130,0
51f108f62cb87d61918159902c8f8583,PR,303.73,3,2073,1919,0
3d01d1c414c44b5943a09619ff3853cb,SP,303.6,4,2074,1767,0
ad75519a07f039025e83795a4418470f,GO,302.1,3,2075,1919,0
a3082f442524a1be452e3189e003b361,SP,301.6,3,2076,1919,0
2b3b9ce054da76a7428df143a567b156,SP,301,5,2077,1629,0
6179a28a13a726c29b3bf54c070dccab,MG,300,1,2078,2436,0
3a3e46d10f74d8a6ca76e2b538f106a0,SP,299.9,2,2079,2130,0
2b402d5dc42554061f8ea98d1916f148,BA,299.89,1,2080,2436,0
69a43819c758c65a5befb0b471c954d7,PR,299.85,2,2081,2130,0
ea3ebea5317b0efbc663ecc8ce5e9bc2,SC,299.7,3,2082,1919,0
6d1b9c9579132c87d2703ec38c30f2c5,PR,299.69,4,2083,1767,0
71593c7413973a1e160057b80d4958f6,SP,299.5,2,2084,2130,0
b76f4d90e85657a240495c876313adc5,SP,299,1,2085,2436,0
f00f5b35d0abcacbdd863672f4bb2c1a,SP,299,1,2085,2436,0
a8739afb32aaa45e01815ca76f76f54b,SP,298.83,13,2087,1012,0
9d489893ff6af05029671b785f54b998,SP,298.7,5,2088,1629,0
b76a1f8356322f12529c37b67d5c96c2,SP,298.5,5,2089,1629,0
791cfcfe22fe4a771ece27f90017da92,SP,298.13,1,2090,2436,0
c5ebe6598748b0aeaa61cfb820478b92,RS,297,3,2091,1919,0
0ec28cec4046a4a199b6de9b4c891d97,GO,296.6,3,2092,1919,0
eebb3372362aa9a46975164bed19a7e7,SP,295.96,4,2093,1767,0
a806a4bb063ea7ca6d374eafa50a6058,ES,294.4,5,2094,1629,0
9b1ab052f5fca308ba743ac789ebb2e1,PR,294.09,2,2095,2130,0
2bf28e311bba65237358230cabac3f15,PR,294,7,2096,1416,0
c286ec035ee04ba81c97508f0b5df544,PR,294,1,2096,2436,0
2f4b9d112bfa44a214bc6cef085d17c8,ES,293.99,5,2098,1629,0
9d39404483343dd55c7ae254494d8388,SP,293.2,10,2099,1177,0
48b6c3f4c6a93171da04b75313f2130f,SP,290.26,2,2100,2130,0
aadfe0417e61315688b6bd7043361e25,GO,289.9,1,2101,2436,0
ede2977fbaf3738583170735ca403f6c,PR,289.9,1,2101,2436,0
f410c8873029fcc3809b9df6d0b28914,SP,289.8,2,2103,2130,0
4dc646b9b9e8e411ef48ba000ea3ac6f,SP,289.7,4,2104,1767,0
adbe70ab2c97442046d393988c8d1d27,SP,289.5,5,2105,1629,0
aded58c8142dedc5494a81f948431fab,RJ,289.5,4,2105,1767,0
04ee0ec01589969663ba5967c0e0bdc0,RS,289.49,1,2107,2436,0
392353362d22cc2c236e1ee81ff19890,SC,288.7,5,2108,1629,0
ce20a2ec1514c25e16f2b5b39bc818f0,SP,287,4,2109,1767,0
bbe87dce25ba8b38bb61cc7210a3f10b,SP,287,2,2109,2130,0
615005a3ef192c00c6f0e977cee3d2bc,SP,286.5,10,2111,1177,0
e83e93b71371817b11d78a63ff156aee,SP,286,2,2112,2130,0
a9ae440659f48b7849df83e82734150b,SP,285,1,2113,2436,0
10264f60a8f0a4d2f30810f5c661c673,SP,284.6,4,2114,1767,0
ea1776927851da2532aa70d6a32c095a,SP,283.9,2,2115,2130,0
86bf77bdb52e615674772d5817c6212f,RS,281.8,4,2116,1767,0
b8a0adc91af209270c2c725168eb00fd,SP,281.4,6,2117,1515,0
83c465a786b06574376909b35ef6752a,SP,281.4,3,2117,1919,0
579891617139df7d8671d373f0669622,RJ,280.3,8,2119,1322,0
6dc9bec584588412a6a338830946a3e4,SP,280,1,2120,2436,0
4e0d109ccfba9a1151c103049880c857,RJ,279.89,2,2121,2130,0
28fb0829fd777877cdc350d25cb5bd5b,SP,279.8,2,2122,2130,0
19a7c9f66ffa6452ff4b4c0cca71da27,PR,279,1,2123,2436,0
d2572f31e9023e9850ef986a636ff9bf,MG,279,1,2123,2436,0
debe6615cd90cc0c2eac2b8988e1f628,SP,278.5,5,2125,1629,0
fb8904a8ea99f8831b64ce27db2c1765,SP,278,2,2126,2130,0
94c49f20a123aeb9360dbf80ff912bf6,SP,277.75,3,2127,1919,0
2ee0a0689f2f6a72f35a7cb6033f6e7e,SP,272,4,2128,1767,0
e603cf3fec55f8697c9059638d6c8eb5,RS,270,7,2129,1416,0
f682e0f848abafc6f41e0d4e868c66ef,SP,269.98,2,2130,2130,0
87d73636a3acf123e842bb890a4db036,SP,269.9,1,2131,2436,0
bab0a8cd684e41ba6e2637dca0979d3b,RJ,269.9,1,2131,2436,0
dcf3755cefcdc158ad0b7bdde51e871b,RS,269.7,3,2133,1919,0
09883d9ab71c8fe8a9bfc7fc3075b07e,SP,269.6,4,2134,1767,0
6bb66d9870c2e01c05655c7ed0e7ee13,SP,269,3,2135,1919,0
58c851d1a3c7cd3da329eb59453fed44,SP,268.99,2,2136,2130,0
d73cbd89533ce8b041a9190241453ac8,MG,268.7,3,2137,1919,0
830379336fad8c6f3b15a4a3ddb5c66e,SP,268,2,2138,2130,0
f9bbdd976532d50b7816d285a22bd01e,SP,268,2,2138,2130,0
c79151301b9d90985d1fa52879213105,PR,267.1,3,2140,1919,0
65a7c0788e4d632ccb5e1b594b87f0bb,SP,266.7,3,2141,1919,0
5236605f4d4b0b3e4df85b850393fca0,SP,265.3,5,2142,1629,0
483ca627d131e18f988349b1655c0acd,SP,264,1,2143,2436,0
5c853bb56f70f4d14218944bae111d7a,SP,263.13,23,2144,718,0
f8d5c7085db9a4ad2b8c1ffbeb2798c8,SP,263,6,2145,1515,0
53088c75f948b48a7ece173ac17f0c12,RS,261.7,3,2146,1919,0
252e76235acb79183cfca6e34f13337d,SP,261.2,3,2147,1919,0
6da1992f915d77be95d7fa48b36904af,SP,261,7,2148,1416,0
aa762680c40618316a896838866140ea,PR,261,3,2148,1919,0
21d59342ba150175ca2aa4f8faddeca6,SP,259.9,2,2150,2130,0
984c273121e743dd14767befe6cb17f5,SP,259.6,1,2151,2436,0
bdb3edbaee43a761e2d4f258dc08f348,SP,259.5,5,2152,1629,0
c9e5ad1f6647f5dbd1172adf6ae3cada,RS,259.03,4,2153,1767,0
5e25c632f9db6cfb8bc100421c2737b6,SC,259,1,2154,2436,0
1e26c56af8d48424e1df0140a2401f83,SP,258.9,2,2155,2130,0
0af977692321d895349eded183341d28,SP,257.75,2,2156,2130,0
7d294cf9a6a69dc6a0c3e540fff0e039,SC,257.25,5,2157,1629,0
31eec405c9bb71dec8e2629a92e764fa,ES,256.89,5,2158,1629,0
15ead3a5037a918ddb520dfe39a3d2b9,MG,254.5,6,2159,1515,0
ebef8d8c92b4fd3226e5d407bbff21ac,SP,253.7,3,2160,1919,0
d5c530f4884a75ae0dba9c148718d278,MG,252.93,5,2161,1629,0
88ef59b51bdaa941d10a853429f2b6ce,PR,252.9,2,2162,2130,0
446cc09cdbb130904da114e807dbec40,SP,252.8,3,2163,1919,0
7f35f9daf223da737b78738fbae4d977,SP,252,5,2164,1629,0
e88c9b79e592e370d6bd852eeefbf057,PR,251.87,8,2165,1322,0
ae45ad30c2d2e5913094769690a239d2,SP,251.8,1,2166,2436,0
e88f7a2995ba184710d339c5c4bf2e30,SP,251.6,2,2167,2130,0
85ecf03781da592876b7844acc1b729f,SP,251,2,2168,2130,0
46ef1a25845fc051c2998d878354810c,MG,250.41,5,2169,1629,0
8ccf3cf69651cc1d8a02c8bfaf3b8568,SP,250,2,2170,2130,0
13d95f0f6f73943d4ceffad0fc2cd32c,GO,249.99,1,2171,2436,0
1703bc09972dab9782e7a9194943b69f,MG,249.9,1,2172,2436,0
5d505d2298ad549e4e4e835562fa0c1e,SP,249.8,2,2173,2130,0
c0f783394e37cd9c9d7f5f81141450fa,SP,249.4,6,2174,1515,0
4b90495391ac0bd181a80a459df1e718,RS,248,1,2175,2436,0
42b6488f5b8246d9141712abd4b1b693,PR,247.99,2,2176,2130,0
32f1bb9dfa65bc7df5c0d9d95a616be4,SP,246.49,4,2177,1767,0
baa49d93c8c8841e27400a300f5d74b2,SC,246.4,6,2178,1515,0
184a67a8f9f63234d3a92340bbdb727f,SC,246.29,7,2179,1416,0
88ae906ea2acf6971f26c3e8b7cb4357,SP,246,3,2180,1919,0
5721089ba9214e80074f27d5a03fc0eb,SP,245.93,5,2181,1629,0
5194c22ed1f616ec0c0f33c571542879,MG,245.6,4,2182,1767,0
14f2b3587172b9db894c9bad8dab520b,RS,244,2,2183,2130,0
5733d806668f8712c24b9abaefbfa642,SP,243.8,2,2184,2130,0
77714512e8d4dda9c234da8e3faf16e4,SP,243.4,4,2185,1767,0
c70a353f02429c00775a46a75fb787da,SP,242,6,2186,1515,0
9853a239ab7b7ebbdc3a21248d5b8e1f,PR,242,4,2186,1767,0
31be790e64fc99f8ff48ec2bd18a3104,SP,241.4,6,2188,1515,0
0761743cbffb25d7148189e9f1a5f03a,SP,241.2,3,2189,1919,0
85044848b1b767db2a4a58526adef4b4,SP,240.6,4,2190,1767,0
5e9f5bd34e0830569f05c9d4f56e04a8,RS,239.98,2,2191,2130,0
422be4cc81a457fdb46f47edeb968ae5,SP,239.9,1,2192,2436,0
70c4eedec9cb4a85cda2f3f9673557b4,SP,239.9,1,2192,2436,0
2d9e8987a2ea5cf88dce330249043ff1,SP,239.8,2,2194,2130,0
70f7e8018e3d46c748c92f026aa2585a,SP,239.8,1,2194,2436,0
d7b2377bae6ace1b11fc69a11900ac36,SP,239.7,3,2196,1919,0
ec8463980a4e0ea9f8517aea1ed0c419,SC,239.2,2,2197,2130,0
25debeafbce801fdd479539350185eee,SP,237.85,5,2198,1629,0
d1a5cc844736958c11b8efab9a2b4c87,PR,237.6,1,2199,2436,0
e83c76265fc54bf41eac728805e4da77,SP,237.3,8,2200,1322,0
2e0dba2da448400b1c11d7b4b22f32a4,SP,235.87,7,2201,1416,0
534a01cc6df1e034e05c32028a291fa2,SP,235.59,5,2202,1629,0
a663d9c3797e90eac99ff60939416a56,SP,235,1,2203,2436,0
94b9108d4b637ba65bb4f1e53cfcf8d8,SP,234.96,7,2204,1416,0
508808d438fe2ff972ed13bb8f4a82e2,SP,234.84,9,2205,1239,0
1e47defeeadeca0e9a18fa5a9311e735,SP,234.12,3,2206,1919,0
cb32766839f443db85c82a43c4a6c19e,SP,234,2,2207,2130,0
d9cb0052a666de5308b32f32ad5f1b1c,SP,231.9,3,2208,1919,0
e64882b4ef12aee8d0faca4db5b681f4,GO,230,1,2209,2436,0
1746c1ae87ac63d530c7c943d0ac42e2,SP,229.9,1,2210,2436,0
72431a818f97fe6ab9c81eee3e297e54,SP,229.9,1,2210,2436,0
740205fedfe4e90ca6857bc77db0f2b4,SP,229.9,1,2210,2436,0
9539213aa8e023c01937bef95dc006da,SP,229.1,9,2213,1239,0
615c3462099ffa940d37b17dfda19594,RJ,229,2,2214,2130,0
75745ef7bc7d4f3ea3380f6f5303f514,DF,228.4,3,2215,1919,0
8dfbc5ff27df12f6cef751d3b9554222,PR,226,4,2216,1767,0
b05b432bf68945d4d9783f9e3ca29ee8,SP,224.8,2,2217,2130,0
8a8835a43bda99fd37310ad76c457510,SP,224.34,2,2218,2130,0
94ca168e8bcb407ab85c5da308863027,SP,224.3,5,2219,1629,0
6c6e3d67f969468f3bfd33f827a31222,PR,224,5,2220,1629,0
81ed90f07c0bacb7594940ba2ef676aa,MG,223.9,2,2221,2130,0
0e44d110fa6a54e121cb2c095a77762f,SP,223.32,6,2222,1515,0
08ad4ac1388e4420ca531c3edfc46198,SP,221.62,6,2223,1515,0
f419677537694f0462a91990df6ca44f,SP,220.5,6,2224,1515,0
bec568278124768c474ee90971ca94d1,SP,219.9,2,2225,2130,0
edf3fabebcc20f7463cc9c53da932ea8,SP,219.9,1,2225,2436,0
20611af7866c6068fd5ae1f9dbe15c92,SP,219.8,2,2227,2130,0
e0a3c37054ade6478d923a6efc10f308,SC,219.8,2,2227,2130,0
f8e2c1b59cd4225a3e4fd0d013a76b93,SP,219.8,2,2227,2130,0
a5dd1946fb63ada8bcaa0c9cd8f11e22,PE,219.62,6,2230,1515,0
c3fe93ba3085f92855c97e57f38c8c05,PR,219,6,2231,1515,0
3442f8959a84dea7ee197c632cb2df15,SP,218.7,3,2232,1919,0
751e274377499a8503fd6243ad9c56f6,SP,218,1,2233,2436,0
6548c2550b6e2d8f18053216e1c7b6f3,SP,217.7,3,2234,1919,0
d594982fd877af63ace38ea1fca27c76,SP,217.04,7,2235,1416,0
3d49bfdd1b43a7fe169b3740067acc61,MG,215,3,2236,1919,0
a4b8d97cd5d3674eeff96abc99d8ed67,SP,214.08,1,2237,2436,0
5f0057b677eb963672bf05dfa3f16c34,SP,213.88,4,2238,1767,0
33ab10be054370c254ddfcf0a6253422,RJ,213.2,4,2239,1767,0
4ea2f12dbe91deeacd2c1e74f069a6e6,SP,210.2,4,2240,1767,0
28405831a29823802aa22c084cfd0649,SP,210,6,2241,1515,0
a9415cf907dfa12f9ed18693244f5329,MG,210,1,2241,2436,0
661ad5fcc28cdfb8bcadb12bb2272475,SC,209.93,4,2243,1767,0
269c5fc9fcadee614364c3620c30a1f9,SP,209.6,3,2244,1919,0
3fadb4cba4c35bce6a7eaf9872d5623a,RS,209.5,3,2245,1919,0
929f342384a6607afe143d789ade1316,PR,209.4,4,2246,1767,0
3fefda3299e6dfaea3466ef346a3571a,PR,209,1,2247,2436,0
10cdd491d1dbea8fb4ead97b19c334ce,MG,208.9,3,2248,1919,0
1de62b6f2fd96227629786db492433db,SP,208.8,2,2249,2130,0
353e21e8bf8de2722b4fae1636664b76,RS,208,4,2250,1767,0
5a9c0859cb00fd8aa4db443837f0a700,SC,208,2,2250,2130,0
90b57083da5d803237da74daec6dcb2b,PR,206.9,2,2252,2130,0
762fafdaa57a532ee0119731697579dd,SP,206.7,5,2253,1629,0
e5d4b2b0c3bca22085f7a19a28de0c42,SC,205.8,4,2254,1767,0
dd8a29ce82d5c705ba932d81494600a5,SP,205.75,2,2255,2130,0
643c01d7c56a724bec0454f4780e8a3e,SC,205.55,2,2256,2130,0
efb628aa07c8ca93d7db0d85b91a4f5a,RJ,204,1,2257,2436,0
e819bcfade7b5d88a27325eb6cfd62c5,SP,202.9,5,2258,1629,0
f26d70155c2b6326fcfa1780c8c684e4,SC,202.89,1,2259,2436,0
bcc9dd23e2a8bd8267cf92b19304a1b9,SP,202.79,3,2260,1919,0
19484c79cef6c062cb177aa4ef2fcc3c,SP,201.9,1,2261,2436,0
28c7d8743fbc8679f484868cc0fcaefb,SP,201.5,3,2262,1919,0
72146da5774cabf2632faedcae097a76,PR,200.94,4,2263,1767,0
3f84fefc07dc159b268d4a77d3e8c425,PR,200.6,3,2264,1919,0
5db42a6cd9bf1bf0d3aab9582767f168,ES,200,1,2265,2436,0
3289d8c3eef4873f91ce0b1343c0dd58,SP,199.99,1,2266,2436,0
dbc51f5e45d654ecc16cb68e6817ecea,SP,199.99,1,2266,2436,0
dda37071807e404c5bb2a1590c66326f,SP,199.99,1,2266,2436,0
3fe7120d6257285ac6a3ce7cb071ccec,MG,199.98,2,2269,2130,0
651530bf5c607240ccdd89a30c9c9712,BA,199.9,1,2270,2436,0
e59e575a175fadcadf8479e191770425,RJ,199.9,1,2270,2436,0
2cb4700db635baa1c0d4f90ed27b6669,PR,199.8,2,2272,2130,0
4f0d637c1197fd65405ebd755ac9f86b,SP,199.8,2,2272,2130,0
2a50b7ee5aebecc6fd0ff9784a4747d6,DF,199.8,1,2272,2436,0
800214c63934acd05d47e84214db8ba8,SC,199.7,3,2275,1919,0
ec5c1d94df153d473b37f880977ae58e,SP,199.67,2,2276,2130,0
8060d731897e33b5c5ae575ce1e209e1,SP,199.5,5,2277,1629,0
4ce8b55b4bfa4659184e7becc1fba3f2,PR,199,2,2278,2130,0
4450bd8327d471c4a11a83d1445b1b62,SP,199,1,2278,2436,0
52f6f9f13ba19504c02781132a049e75,PR,199,1,2278,2436,0
e1bed63d68ac36fe1f3061befe196af5,SP,199,1,2278,2436,0
e9874ae10b2d60d43917b6bbfa13a599,PR,199,1,2278,2436,0
3d290fe363c60a77498c1126fd3fb8d3,SP,198.98,3,2283,1919,0
e503f22be6a4f456d9851920a5d9c670,SP,198.9,2,2284,2130,0
ad8b531ae67582f096925cff5630d0d1,PR,198.45,2,2285,2130,0
d8dd176509baa37f359644d082bf7f7b,SP,198,2,2286,2130,0
586a871d4f1221763fddb6ceefdeb95e,RS,198,1,2286,2436,0
6f835fd4be26989b1b064399da346143,PR,197.8,2,2288,2130,0
9da15f4a4ea758d9eeb49000dbe57e22,SP,196.9,1,2289,2436,0
fe8055980a4ff7f64ed889c2b5926929,PR,196.7,3,2290,1919,0
809413606dbfe5deefd2db646693ef67,SP,196.68,3,2291,1919,0
8def3db7f272735afb2ecd03aeca09a7,RJ,196,2,2292,2130,0
0f7eea709efdf942b5f95c7516dbacd7,SP,195.74,3,2293,1919,0
f356c348fbc8df6a882823e21f5ce8b7,RS,195.18,2,2294,2130,0
9c54608f0996c32ae4743089d915f845,PR,194.8,3,2295,1919,0
b5f49fe968dff6b112861e6cd8e192ef,PR,194.7,1,2296,2436,0
7d948535954aaf8c5d39db007f74372e,SP,194,4,2297,1767,0
f626e15b7314c267e4429010866f70e9,SP,193.55,5,2298,1629,0
05e107217c7266362fd44b75b2cd4cc4,SP,193.38,5,2299,1629,0
747c1cdcd1737dcfbd1547f6eb6f2cf3,SP,193.1,2,2300,2130,0
4d9fea3499bdc22aa4da4e339365f215,SP,192.54,2,2301,2130,0
78ba5933c21686d1c2f64669c8c459e7,SP,191.8,2,2302,2130,0
f307937c1bb287c3efc2a514b94b0d1d,MG,189.99,1,2303,2436,0
778323240ce2830d68aab11794e00bfb,SP,189.98,3,2304,1919,0
43a1d4bab73b816e44ef4e4facd9f9b5,PR,189.9,1,2305,2436,0
7cf4ea70955b00d6b3c22542598e2715,SP,189.9,1,2305,2436,0
119c7f1a00ef43fad0e57604e76a747c,SP,189.8,2,2307,2130,0
213fafb0ca06fb3d5886579c2565791b,MG,189.7,3,2308,1919,0
299c89a525fee36c567f4fe72f038100,CE,189,1,2309,2436,0
686886775c8f6b1191c7b953fb52708c,SP,189,1,2309,2436,0
b00af24704019bd2e1b335e70ad11f7c,BA,189,1,2309,2436,0
e0482f2c769468c3bbcd8a01e09d98c5,SP,189,1,2309,2436,0
c360e4787614ed31ac7a2f95d3b22dc6,SP,188.9,1,2313,2436,0
c0aff2da32c17759d30b22fb0af6649d,SC,188.8,4,2314,1767,0
4c1c7281388a33dd06daac44f9fadbd1,SP,188.32,5,2315,1629,0
a3b0df0065e264a91b7bbf5f844af5cd,SP,186.69,2,2316,2130,0
3a79f35a2344ede41af21267f61d5ec6,SP,186,1,2317,2436,0
eec3469d83e142f9a104886655338c37,SP,185.7,4,2318,1767,0
9e7c5f4d7770eab65738cca38f9efccf,SP,184.8,2,2319,2130,0
2075d8cd4dd63ff12df0749a5866bb06,PR,184.7,3,2320,1919,0
7d484ca289afaac6bf5fc6a1e96d2226,MS,183.2,2,2321,2130,0
c990d6cf976a5718aaedc539f383ab88,SP,183.1,8,2322,1322,0
23ca5f678e0b3ea6c630b30fa8bf51ea,SP,183,6,2323,1515,0
3dfd3dc96f7f8598eca74e9ac8a2fa31,SP,183,6,2323,1515,0
1c56ffe0e9dea2657fc6e95b53f40b13,SP,183,3,2323,1919,0
478bfe564db21eeb44386606aa30b650,MG,182.7,3,2326,1919,0
5659d77e8d90378e39b960ad5956f64e,SP,182.48,2,2327,2130,0
31e60bf8d103ce47932a85f5562deb16,GO,181,1,2328,2436,0
8ca5b19e0263150d2c57afdde2b3d011,SP,180.6,3,2329,1919,0
7ad41305e96a6cab8294cd65891e9a86,SP,180,2,2330,2130,0
9dd459b29a14bf89d47183cf2cd0e4c7,SP,180,2,2330,2130,0
88cd3681e0a2ba85e190f7d817629c4c,SC,180,1,2330,2436,0
94165aea8a35c3c21499cbcae239b16c,MG,180,1,2330,2436,0
964ff64dc05b13811c6d0f41e0aa5f6b,SP,180,1,2330,2436,0
9c57bc60cfad5ee62d35d3f1ce4593a1,PR,180,1,2330,2436,0
7f5e4d5efad7e44b91115dd1decb65f3,SP,179.9,3,2336,1919,0
05ca864204d09595ae591b93ea9cf93d,SP,179.9,1,2336,2436,0
3606774ec64634822d78dc2db6d37045,SP,179.9,1,2336,2436,0
50bf89f1349bc0409a268c3a49678009,SP,179.9,1,2336,2436,0
762ed976527cddf02787edba70fffa2a,PR,179.8,3,2340,1919,0
2235cf78d3e2073a88146a9cb60f0dd0,SP,178.99,1,2341,2436,0
880ce4951cf857ab1d9e0b75c1d856f4,MG,178.9,1,2342,2436,0
f3975e8a41157005d4bcbb358678cd9b,SC,178.8,2,2343,2130,0
6f1a1263039c76e68f40a8e536b1da6a,SP,178.69,2,2344,2130,0
57fe6232e67823593374a2281d7a8af8,SP,178.68,8,2345,1322,0
19e0f40a907ec568c34bfac15de4f4a1,SP,178,4,2346,1767,0
1352e06ae67b410cdae0b2a22361167b,RJ,178,2,2346,2130,0
ab9db4cf53b08b828b64dccaafc2d9f0,RS,177.78,4,2348,1767,0
2d2322d842118867781fc737e96d59a1,SP,176.4,8,2349,1322,0
a0a14e50070f3225b3eabba5b85da517,PR,176.2,4,2350,1767,0
c353f8fc0ce8344999f17d578eb69a5e,RS,175.98,2,2351,2130,0
cbbd5ae8f53de5f5097cd8217b529e24,SP,175.9,1,2352,2436,0
485452467ff670447e84a8370c3fc898,SC,175.7,3,2353,1919,0
b906dd0e57f282c7089171b6ed07982e,PR,175,2,2354,2130,0
4dc2e811a1760953cb7c6a590b498943,SP,175,1,2354,2436,0
f92d8c817434bd2d84d4e9c61322b7fa,SP,174.84,5,2356,1629,0
23ff42c4bf1f8f16cddb19d8b972974a,MG,174.7,2,2357,2130,0
dd9661d3cda1e6feb237f0c4d8b26f2e,SC,174,1,2358,2436,0
0692610d8abe24f287e9fae90ea0bbee,SP,173.99,4,2359,1767,0
99a25c39b28a74d1151c35c18d178292,SP,173.94,1,2360,2436,0
aae5953b9edddf14749c0d65d60eb4b9,MG,173,2,2361,2130,0
ccada0ef508e698917a6eab263375905,PR,172.8,3,2362,1919,0
50770d25768b0486d89be26afca3108f,SP,171.77,6,2363,1515,0
55c96925041a14097b6a7825554f4ad5,SP,170,5,2364,1629,0
e1643dff33666ca629e3644c02738179,SP,170,3,2364,1919,0
3ea08c48e851106d2f584349daba335f,MG,170,1,2364,2436,0
5ca5d579b5857ee8709479b1047cecc3,SP,169.99,1,2367,2436,0
7fe21dd00d2f4943ae09525efa2fd674,RJ,169.8,2,2368,2130,0
695051e2981c8b19e77cafe450d5bdf3,SP,169.76,1,2369,2436,0
b01c2b7b8599b325103ebcddc67413e1,RS,169.45,4,2370,1767,0
d9c349beabc06aa6ff1c6d68b5e9e22e,SP,168.1,1,2371,2436,0
c7c7b2682c648339a0e9846bb1023a39,SP,168,2,2372,2130,0
51a04a8a6bdcb23deccc82b0b80742cf,SP,167.99,1,2373,2436,0
7178e1eaa97257d8b6d4b80efd77a025,SP,167.9,1,2374,2436,0
89d9a386b0b6e5fc8403071b03f7206a,SP,167,2,2375,2130,0
1d1bbb8ac1581824986f582583fff01d,SC,166.88,4,2376,1767,0
1e483cc5c76fef08d3ca05f9a8af7d01,SP,166.09,9,2377,1239,0
1cbdc7cf130a41fd13a3c2a7d2fcfda7,MG,165.8,2,2378,2130,0
2ea0861cc19e94cad86438c984c52da4,SP,165.6,6,2379,1515,0
33d677f27a69b84051204ee4ae76eaca,SC,165,9,2380,1239,0
76d336555bb25f3165d2f0d6da719c40,SP,165,1,2380,2436,0
bd4ff04377f974574f7f0bf9d6ce7dde,SP,164.96,4,2382,1767,0
e45edf75f568ed2f93f78d060e246e25,RJ,164.3,6,2383,1515,0
f19516b9ff26bfeb091b30108db4ddbd,SP,162.7,3,2384,1919,0
98e164d549402270247f3c96a1a158ef,SP,162.7,2,2384,2130,0
fa5fdc4e4bb6bd1009ad0e4ac4096562,SP,161.99,1,2386,2436,0
bff9deb0ec77d437f3305a79cf25529e,SP,161.95,5,2387,1629,0
d9d43faf741ceaa8da52fdbb81d9e0e3,SP,161,4,2388,1767,0
3442033154be05bac582e173ef54fd12,SP,161,1,2388,2436,0
d3e7d37c0df9aef383f3f2a15b0dddfb,PR,161,1,2388,2436,0
fc6295add6f51a0936407ead70c1001d,SP,160,1,2391,2436,0
533d46c1b06970e99f09523a61df4972,SP,159.98,2,2392,2130,0
aa2640d851ec322526f1295bbeb20092,SP,159.98,1,2392,2436,0
2039c5e51785b5dde7cf93ccb3b7be2c,SP,159.9,1,2394,2436,0
913fd0ebba70bb919f7254a02239173c,SC,159.9,1,2394,2436,0
fc0b214b59a83615fea981c6424a02ae,SP,159.9,1,2394,2436,0
2ec6e37d992a95eaddb3369dcbcc76d9,RS,159.8,2,2397,2130,0
4bde6149c15cf7e177b36fa060dd6de8,RS,159.8,2,2397,2130,0
6902157ee16728322d61a1321fa79e58,SP,159.8,2,2397,2130,0
99cd94252748d2bdde08e17858233602,SP,159.8,2,2397,2130,0
b7e1750c1157341d2abd0251e07c186b,SP,159.6,3,2401,1919,0
0ade5cc4a305ed7093a23f68ca47519c,PR,158.88,2,2402,2130,0
954e95f20808d7e5d11f0de292d078e0,MG,158.78,3,2403,1919,0
c04d70d515d15a7e3db3a73320598566,RJ,158.2,3,2404,1919,0
98dddbc4601dd4443ca174359b237166,PR,158,2,2405,2130,0
f1ce5fdecd64935c28b9ff932751d0dc,SP,158,2,2405,2130,0
ce3ad9de960102d0677a81f5d0bb7b2d,RJ,158,1,2405,2436,0
d2df77822373f19934e87694d8640767,PR,155.9,2,2408,2130,0
dde698c6d0bd24834c586e5111c2bba7,RJ,155.9,1,2408,2436,0
b9de031b671cd48b28fae9d828cbf2b4,SP,155.32,1,2410,2436,0
3c88ed2e76a2247933a15daa7161eb1c,SP,155,1,2411,2436,0
4dab98ca6cd6d3df586203cefd28a042,RS,154.9,1,2412,2436,0
f664f98bfda2eaf266a23ff144e7a872,SP,153.99,2,2413,2130,0
90b36c5aeb728d5504a39f435bef0c5f,SP,153.89,4,2414,1767,0
0b09101900100c0e9d312861fad5a1b9,SP,153.75,1,2415,2436,0
6601ee6383e7f452be71929f8de48bbb,SP,153.6,2,2416,2130,0
d26aa40b90272d4843d63be7c1462c8d,SP,152.9,2,2417,2130,0
78813699ffac347fe27dba345a5f1551,RS,152.42,1,2418,2436,0
4ddeb3e828550cddc8d45c8bc36ab2d1,SP,152,1,2419,2436,0
56f413900b5166ab4d730e9ac0b12cb0,SP,151.79,3,2420,1919,0
bd0a1b0aadca9a83d9304f7e8ff5fbd5,SP,150.6,4,2421,1767,0
578fa3a9cb6b6dceab39231ad59cdaca,CE,150,3,2422,1919,0
c398bc00a606d33758afd91f4e64fd15,RJ,150,2,2422,2130,0
2d34636518ba88f5349b732fcf8ba2e4,SP,150,1,2422,2436,0
3dc69bf2c42f0568a5c4791ec3fd3745,SP,150,1,2422,2436,0
4867209cb29b56b92893d7bde3ce8012,SP,150,1,2422,2436,0
1e47d8b6546eb3a77b1acddcc9406242,SP,149.9,1,2427,2436,0
49f8d2ea7b718d0ce587d34207caf2b4,SP,149.9,1,2427,2436,0
f266295f49a28eee21f413e0cbb0521d,PR,149.8,2,2429,2130,0
6ba4733aa33f6386e9fb0c0fd3993b38,RS,149.79,3,2430,1919,0
3d700782d7818f2c1e0d7a9e9d75fc00,SP,149.7,3,2431,1919,0
63272377184e969942f7fff221be858d,SP,149.7,2,2431,2130,0
d8b8f2cf9ff6ba0389072541cb42498c,GO,149,1,2433,2436,0
e00d85ce20ea50c1224c66ca5050527d,SP,149,1,2433,2436,0
f35becee938e982bd615edf8ef12bcfb,SP,148.59,6,2435,1515,0
8fbe2ee446b97e128471be4ce983dc0d,SP,148.5,3,2436,1919,0
ca7c6bd577e559472af1c699de9e764e,SP,148,6,2437,1515,0
7d7866a99a8656a42c7ff6352a433410,SP,147.89,5,2438,1629,0
2a7c6c0b0d5efde2bf75ec1e1cec2d41,PR,147.6,3,2439,1919,0
6ee85be3693ed79a8e80718743d80655,SP,147.5,5,2440,1629,0
9523fb39dd240aa958e040f8183d64f3,SP,146.99,1,2441,2436,0
0b3f27369a4d8df98f7eb91077e438ac,SP,146.51,2,2442,2130,0
4bcec44888b30ba9001234c534716d3f,SP,146,5,2443,1629,0
398cb257329ef7af7f1943a8974a3cbc,BA,145.9,1,2444,2436,0
8e34331b7eedd03be4e5d965c1956225,SP,145,5,2445,1629,0
f3041c2e75ec683697a6a5ea82192210,MG,145,1,2445,2436,0
0daf5180aa44356f60f8effa533b55a2,GO,144.8,2,2447,2130,0
553a440137d6e0cf776aee0bb83ac9f5,SP,144.8,2,2447,2130,0
4a82c4af97ffc0fb2dc26bfdc03b1842,MG,143.7,3,2449,1919,0
c8143b3069f6746a77421b5ce30a450c,GO,142.47,1,2450,2436,0
2f9b7ce230a057a98a9f5df5893ee36c,SP,141.82,2,2451,2130,0
d3891911c2feae53c52fea2bd14054e5,SP,141,2,2452,2130,0
0e72c1a751b496722a6cb1f10653b62a,SP,140.8,3,2453,1919,0
50a7e551a7b3f8d37cd6e32d8bfbe5ea,SP,140,1,2454,2436,0
52a50b42accf164f9f019941e5759d9b,SP,139.96,4,2455,1767,0
19d62d484cba71963c93f0f00ab42013,SC,139.9,1,2456,2436,0
d8bf0fc082fd4a77fc2e5679b6c00133,SP,139.9,1,2456,2436,0
fa8d335d68129e464e60c1826a683e96,RS,139.9,1,2456,2436,0
e8ff5a6ceb895583033fc2a0f314e3c2,SC,139.89,1,2459,2436,0
1b0b0f4f95e962d6f32fe90c759d0479,SP,139.8,2,2460,2130,0
59bbc819b99a733f02f0d6b49d1c253d,SP,139.8,2,2460,2130,0
a154d7316f158bb42e6fa18bbe3afd3a,SP,139.8,2,2460,2130,0
6a53b90c3ad9e0b56d9fe5c69165fff5,PR,139.78,2,2463,2130,0
657969cca82e884d272385ec0ef06edd,RS,139.7,3,2464,1919,0
63b9ae557efed31d1f7687917d248a8d,SP,139.5,5,2465,1629,0
26e2e5033827d2ba53929f43e03d8ffe,SP,139.49,1,2466,2436,0
4a5b36211b1f51bf7eaa5c10a57fa483,RJ,139.19,1,2467,2436,0
57a834594e1e9e9219603bfec184eadc,RS,139,1,2468,2436,0
5a9b3bcab695173c820e53934574ae80,SP,139,1,2468,2436,0
712efd3b68f9686dc856b84abd0f21ae,PR,139,1,2468,2436,0
c747d5b92c7648417faea95d36d763e8,CE,139,1,2468,2436,0
f114dca2828bf718548db175ebe2cfcd,PR,139,1,2468,2436,0
f049a72cf58fd31b11f8919cade515e7,SP,138.75,3,2473,1919,0
96f7c797de9ca20efbe14545bed63eec,SP,138.6,1,2474,2436,0
717b78b0950b51ed00b1471d858b0edc,SP,138.6,5,2475,1629,0
044668ccd5316b12a7cf0d54a156e3e9,SP,137.8,3,2476,1919,0
0b64bcdb0784abc139af04077d49a20e,RS,137.6,4,2477,1767,0
ea846a0e7ad98a741783e886d89dfa44,SP,137,2,2478,2130,0
b7ba853e9551f4558440881fd3e5c815,RS,136.9,1,2479,2436,0
db6a4d4b5f1f5f98820ce6ce2619e2de,SP,135.99,1,2480,2436,0
377bc18334c78dd2f1535ef22a3ad225,PR,135.98,1,2481,2436,0
dd39ad39b5d3df33037e141c72497ba6,SP,135.8,2,2482,2130,0
e3e290b38963293022cdcd6db8328103,SP,135.7,3,2483,1919,0
7c4adcc13272c0e26fa23aac642adb7b,RJ,135,2,2484,2130,0
59de1d4c8c057c2a53acd4ca66531af2,PR,135,1,2484,2436,0
83c8aafbefb034674a70de0eac5b8954,PR,134.9,2,2486,2130,0
5def4c3732941a971cba8fdee992ede1,SP,134.8,5,2487,1629,0
92c8bc6e8f925792247656fed09aad65,SP,134.8,2,2487,2130,0
c5e60e39c0f42b8e827daa13cff74afa,SP,134,6,2489,1515,0
8e4f041ff58e7845456d3482524014b3,RS,133.8,2,2490,2130,0
062c325cd6a2b87845fab56b4ec2eeae,SP,133.22,2,2491,2130,0
c87abc38c8ed3240861729e1aeadf221,SP,133,1,2492,2436,0
7adbd3210a7b3cc2235e225eef33574d,SP,131.9,3,2493,1919,0
fedf2c1386e137f296b3bbf3b635e69d,SP,131.74,2,2494,2130,0
a218df5c097b0ca409cfaac1488cc7f6,SP,130.69,4,2495,1767,0
939f6e231201f26803cb5c3a3d2940b3,SP,130.6,3,2496,1919,0
2f3d8b4c9e2ee165075331fea3f3095a,SC,130,1,2497,2436,0
9fe7c6641c79970ab48185498f547c09,SP,130,1,2497,2436,0
dc120d932ddf9d4dfb6fd68beefda622,PR,130,1,2497,2436,0
0f80a40c312b2472dca482cf50f5186f,SP,129.9,1,2500,2436,0
b6f52e346160519c24a23af05410ad32,SP,129.9,1,2500,2436,0
e5def42655b7490edac5a56fe8e9e603,SP,129.9,1,2500,2436,0
44ed138eca6214d572ce1d813fb0049b,RS,129.79,2,2503,2130,0
45c20d94d9171b0bcfab3c955e47d67b,SP,129.46,4,2504,1767,0
e4fc40017a6d22c46a14ac2e17f87c3e,PR,129,1,2505,2436,0
ef728fa1f17436c91ed1ccd03dcf9631,SP,128.7,3,2506,1919,0
538caafddff204241cecbf3a02e6b3cf,SP,128.4,8,2507,1322,0
5bc237df65098fe211bb4818f4d26d78,MG,126.8,2,2508,2130,0
7c9130f5f3729edd32aa059141d92484,SP,126,3,2509,1919,0
934ed5cd1b9c1c7382d0a94a94b9e639,PR,125.85,1,2510,2436,0
788f22bafdd7ab0e1e79f19db72f16a4,SP,125.8,2,2511,2130,0
570d4583587a5fe2d47c7be89b91ad27,SP,125.25,2,2512,2130,0
57df9869a600bd6b7c405f2a862eccfb,MG,125,5,2513,1629,0
c092292535a57dacd95a8765f5518f87,RJ,125,1,2513,2436,0
ff82e8873fba613f2261a9acc896fd84,MG,124.6,4,2515,1767,0
693660429f9dc4ff704eb3d88dad54d7,SP,124,2,2516,2130,0
08061dc0fc165ed41288cc7acde738ee,SP,123.8,4,2517,1767,0
902c99f1ac505c0d18778b61bcd636f7,SP,123.47,3,2518,1919,0
8d92f3ea807b89465643c219455e7369,SP,121.2,3,2519,1919,0
89757206b887aed36f3e18d858460fea,SP,120.5,2,2520,2130,0
876182d1918783bbe15233febfbd4926,SP,120.27,3,2521,1919,0
bdf0d02d36a1d839d0c39c4a887cdd49,SP,120,5,2522,1629,0
698f5fa55a5f73d0740e9d9a773e8093,RJ,120,4,2522,1767,0
003554e2dce176b5555353e4f3555ac8,GO,120,1,2522,2436,0
1927cdb9fa74f5270097f6250e8e8f34,SP,120,1,2522,2436,0
7994081388d55b9cf976c050653dd359,SP,120,1,2522,2436,0
a353b1083c9863d756d9404695016d64,ES,120,1,2522,2436,0
bba8d0c234a52b87b3957037a215d1a4,GO,120,1,2522,2436,0
35281d148dcf7134bae913c57db4e6da,SP,119.99,1,2529,2436,0
3903c788ded8dc03b5ebab37a2f3e9a1,SP,119.98,5,2530,1629,0
07a9bc7f61396b658ddf3ac534efe44c,SP,119.9,1,2531,2436,0
674207551483fec113276b67b0d871ff,SP,119.9,1,2531,2436,0
7c4402417d51474d4d0cda9557340e40,SP,119.9,1,2531,2436,0
a150c540f572d0fb53992264bc5c10b5,SP,119.9,1,2531,2436,0
d1aa1ec0839dcab73a6161130eb1f94a,PR,119.9,1,2531,2436,0
e9b6c33b71b67737693b4cfa68341c8d,SP,119.9,1,2531,2436,0
be1e9e378700cecaa4ebf71433d7915c,SP,119.89,2,2537,2130,0
8eb88b0acb3f90a717ad659221471fa7,SC,119.8,2,2538,2130,0
910a922b426b7ff95eaee129ad6c0e1f,SP,119.8,2,2538,2130,0
bf0045791395e66460eb04749c68672a,SP,119.8,2,2538,2130,0
26e13b6ff5b641b329e5524241ee2c93,SP,119.7,4,2541,1767,0
a9b533a26e898b12e8b8d4c07279bf4d,RJ,119.6,4,2542,1767,0
22c32ec35d0116ef02c281798a25bf8b,PR,119.58,4,2543,1767,0
36f98ad67cc981f50ce8aed093d5783c,PR,119.4,2,2544,2130,0
fc38b5dceee1a730fad8853453437fbd,SP,119.2,5,2545,1629,0
fc908879b9ca1bd65419e54e50432d38,SP,119.2,4,2546,1767,0
e82de6494d91d3c4c54450f59b227a94,SP,118.9,3,2547,1919,0
fd312b6bf05efac6c3772d5b52205d8a,SP,118.7,2,2548,2130,0
e9c2dc0dd4ac38448289be644ac94f42,SC,118.39,3,2549,1919,0
4c60877808f4318ef1107fbeb8f89afa,SP,118,2,2550,2130,0
aa1eb17b9fdf6dfd546e25c45c7b9235,SP,117.99,3,2551,1919,0
fc5a0d7a310a7a41abf86a458585ff2b,SP,117.9,1,2552,2436,0
40ec8ab6cdafbcc4f544da38c67da39a,PR,117.8,2,2553,2130,0
b416191c9813d821a295cfabafff4161,SP,117.8,2,2553,2130,0
13dd308f81fea30cc670c656b2b46cc3,SP,117.7,3,2555,1919,0
9bade61a92bed55a25d2b67b9f4ed739,PR,117.68,2,2556,2130,0
bca9230d3bbb4efa51872bf605a2f1ad,SP,117.57,5,2557,1629,0
781a66c0d89e30814d49fe8b5e14cd07,SP,115,1,2558,2436,0
93bef6edaa84956e8e575016449b6351,SP,115,1,2558,2436,0
9bf11dfc0bec77e5a23028043c3c5a8f,MG,115,1,2558,2436,0
039b29ff3b3473435d0cd59040575de9,SP,114.9,9,2561,1239,0
8c351ed7c326c62123318f4f3246e906,SP,114.9,2,2561,2130,0
296729ffb9b684050dd24836dac4494a,SP,114,2,2563,2130,0
cd52a8efd71af3336b14b5039b951cc1,SP,111.8,2,2564,2130,0
4c4d546adf3c3868fe19c9ec6e9ffda9,PR,111.7,2,2565,2130,0
818d28f936e791926d33bcb6ee94ef79,SP,111.6,4,2566,1767,0
28d162ab86bb49d719c32f0ee6186eaa,SP,109.99,1,2567,2436,0
2c9005d8043aff18b8557ffb7b13cda4,ES,109.9,1,2568,2436,0
4be9ae93c4fc0f41713d71a4194ee1b3,MG,109.9,1,2568,2436,0
e732329483fd5f27367dd997b47f598a,SC,109.9,1,2568,2436,0
7bb8fac2913a6064ec412e583c6d8b4d,SP,109,1,2571,2436,0
db7ed69a53aa9fb1c01930ba54a88bbe,SP,109,1,2571,2436,0
4cc43a222a0f94910728b62b97a8c5f8,SP,108.5,1,2573,2436,0
bb3dca718920a4d7ec3cc9ffb025108b,SP,108,2,2574,2130,0
e88165a185134e13fdfc85d4fa654db8,SP,108,2,2574,2130,0
941554c5757b73ba0e50aa7732310afc,SP,107.69,3,2576,1919,0
c26ba52cf8d2f34915f2f6b7ffa0a3f3,RJ,107.47,3,2577,1919,0
44717f64ec2a457979cf83c429077666,RS,107,2,2578,2130,0
077c5fae4bea9500e3737b16f71b9d3a,SP,106.8,4,2579,1767,0
a69aa24cec11168e7e39a3fbc727e925,SP,105.97,3,2580,1919,0
271b8923c6a549e02d3c9fd1f8c0422b,SP,105.19,1,2581,2436,0
3d2400ac620cffa23ac81bd192f7f555,SP,105,1,2582,2436,0
3bb32fedaa74e4ad20f4ce067733bd31,SC,103.7,2,2583,2130,0
62de60d81c55c29d76a6bce418b31cef,SP,103,1,2584,2436,0
461ff5303b6c9c1a4a07f40c5aece516,PR,102.7,3,2585,1919,0
ab91571efab27993ff2f6b36e38055c3,SP,102.24,3,2586,1919,0
160851d3ece7aa1a510f8d1a4bb8a8af,SP,102.05,2,2587,2130,0
be67f78487e2cecb0d55bc769709e4f5,MG,102,1,2588,2436,0
96e5dc09087bad639b4ee193104ec2e5,RJ,101.9,2,2589,2130,0
4fae87d32467e18eb46e4a76a0a0b9ce,RS,100.9,1,2590,2436,0
a4fc6eadaff1576af888509a53420f6a,SP,100.86,1,2591,2436,0
011b0eaba87386a2ae96a7d32bb531d1,SP,99.98,1,2592,2436,0
79b93a308a97792cf53ac75f46da00b5,RJ,99.9,1,2593,2436,0
80cfd480be3eb6d6267139f5cb793555,SP,99.9,1,2593,2436,0
2d20f1cd18725c91147da0791d498022,PR,99.8,1,2595,2436,0
26562f211dd1364af2a8596dc945e8ae,SP,99,2,2596,2130,0
247587846358bb1d2e4c6522020b36fe,SP,99,1,2596,2436,0
a7c53f6b3b61adbdaa99dda97e8cbd56,SP,99,1,2596,2436,0
aa8af66c623d7d544dfe4bb85b5ebe3b,MG,99,1,2596,2436,0
1fbe10c70e30765ed1de86d9f7e98409,SP,98.75,2,2600,2130,0
00ab3eff1b5192e5f1a63bcecfee11c8,SP,98,1,2601,2436,0
4e42581f08e8cfc7c090f930bac4552a,SP,98,1,2601,2436,0
5f57db27027655e6c6a391601daa0258,ES,98,1,2601,2436,0
eaaa46e98c9e61f6764dd1d7a2ab8b3e,RN,98,1,2601,2436,0
1c742ac33582852aaf3bcfbf5893abcf,MG,97.9,1,2605,2436,0
74c7dec0a384d8a05950e629bd23bde9,SP,97.78,4,2606,1767,0
c7bb64409aa480bb7d0335faaaf3d242,SC,97.6,4,2607,1767,0
70126eecc6aa1274392a1743866e9678,SP,97.4,3,2608,1919,0
782f78b632a43875dd5b53e3e49c9564,SP,97.34,1,2609,2436,0
270572bb714b00531be85e16e1550f26,SP,96.99,1,2610,2436,0
034b9387752bfa309f350a70cd45ffa3,SC,96,8,2611,1322,0
f43827dd686be3a4a80e00aa299990fb,SP,95.54,1,2612,2436,0
74a9b9bddf14ece02beb81f52c41a88d,SP,95,2,2613,2130,0
22a23e5ac7061fc538cc2a019afaaf16,MG,95,1,2613,2436,0
623ad9d0c1e14bb5464a8c72bff7b4af,MG,95,1,2613,2436,0
253c025bab43881055aeecde5e2d8b77,PR,94.82,2,2616,2130,0
43b2c864251aa0ce4030c746984e088a,DF,94.8,2,2617,2130,0
443d880f15cbd3572885e1d44bf2c478,SP,94.8,1,2617,2436,0
7a704e63bb29c446869efde5d57524c8,PR,94.49,1,2619,2436,0
6235903333ba7de1928c869e268e5964,SC,94.06,1,2620,2436,0
2aafae69bf4c41fbd94053d9413e87ee,RS,94,2,2621,2130,0
376d67b61dce0c990155286e7ae486a4,SP,94,1,2621,2436,0
5305693ffae2d3463377b1f6fe67b15a,SP,93.56,1,2623,2436,0
6b2612338467c08c9b25f0cc55b1578d,PR,92.9,1,2624,2436,0
01266d4c46afa519678d16a8b683d325,PR,90.25,3,2625,1919,0
1cbcd2ee0afb3fc09963b87eb65e7e4f,PR,90,1,2626,2436,0
52b53f7061969fe471d119b6195da864,SP,90,1,2626,2436,0
f8f35af4634605e6693c17cc3ffff5a8,MG,90,1,2626,2436,0
6d04126aba80df143fd038e711b8fd96,RJ,89.99,1,2629,2436,0
d7d517afce974cd491b8d52bb5b5b1fc,SP,89.99,1,2629,2436,0
8dd386be0767c330276ea6a3f96532d3,SC,89.98,1,2631,2436,0
741f8c587cb4248ebc5b779a0e8e0e51,SP,89.95,5,2632,1629,0
154bdf805377afea75a3bd158e9eab10,SP,89.9,1,2633,2436,0
2bdb95a56a36ebbc6640337ac5eac174,SP,89.9,1,2633,2436,0
4aba6a02a788d3ec81c03137144d9a80,SC,89.9,1,2633,2436,0
889009a0ed0bb52c87819941192931b8,SP,89.9,1,2633,2436,0
97e50a621f8e801f4baf69e08687c192,SP,89.9,1,2633,2436,0
a72f15980dc3e9bfd1a49ac9b2f3af65,SP,89.9,1,2633,2436,0
5741dc2bf5044c34d0698681c5081bed,SP,89.7,3,2639,1919,0
b8d890108a7a80e4f5d59eea9f362438,PR,89.7,2,2639,2130,0
6624bc09786f0e41ae48dfc5eeb1a9e2,MG,89.54,1,2641,2436,0
499185655c29ecfdbfe776ef7cf875b5,RS,89,1,2642,2436,0
b3809b8d4394588a47c8470ea331e135,SP,89,1,2642,2436,0
da2782c804606d2a5d8e1760dbb3e7ec,SP,89,1,2642,2436,0
65c255b299faf2d12050937cc219c46c,SP,88.2,2,2645,2130,0
466222e777149751370e7e98fb623b0c,RJ,87.9,1,2646,2436,0
dd264199fc8b687ad029de7de6d760e6,PR,87.9,1,2646,2436,0
9cea4682e16655f7da87f406902e989e,PR,87.76,4,2648,1767,0
2fa13c8bd5705d279f7ed5cc9ec61c68,SP,87.4,2,2649,2130,0
4fe2f67634d00c021aa01f96b6f2d68e,PR,86.8,2,2650,2130,0
60da8bfa7eebe230b7d66ac4082d79b3,SP,86.6,3,2651,1919,0
b86a47b3366e3b5424a7b225781f4908,MG,86.5,1,2652,2436,0
00d8b143d12632bad99c0ad66ad52825,MG,86,1,2653,2436,0
a2b911e9ad40dc7d61c142a4683e2d85,RJ,85.9,1,2654,2436,0
5566627eab3fe93fd6ee08798226101a,PR,85.5,5,2655,1629,0
2b5ed0c9139dae8883a200dfcb272ece,SP,85.41,4,2656,1767,0
cb5ff1b9715e99589f3e0c7a6afab9e3,PR,85,4,2657,1767,0
b5dd7151a92ccaaa282cbe9681a05f44,SP,85,1,2657,2436,0
0dfbed20065e425d2eaefb101f9816c0,SP,84.35,3,2659,1919,0
324583d68897f5ddbaf38f6248322176,SP,84,2,2660,2130,0
dedcab67899479e4ea5dcc4eba47f587,SC,84,2,2660,2130,0
f5b84683a9bf9e1df748cf40f601b39c,SP,83.9,1,2662,2436,0
11d4c477d09821164bca4f70a2eae031,SP,83.04,3,2663,1919,0
a56a8043ebf66e42119618fb8cf232c6,SC,83,1,2664,2436,0
ba8e85df286308fe68a2ce83a8f8b2d6,SC,80.9,1,2665,2436,0
52454f90d4c30c016768db02f88c1a74,SP,80.5,3,2666,1919,0
1a8e2d9c38b84a9702ac7922924b0573,SC,80,1,2667,2436,0
8b11118053756a9a2932f447e11fc1b5,SP,79.99,1,2668,2436,0
a45765f8afb1e594b22bf9e974b46765,SP,79.99,1,2668,2436,0
c0f3eea2e14555b6faeea3dd58c1b1c3,SP,79.99,1,2668,2436,0
e09887ca8c7bf8a4621ce481820414ef,SP,79.97,2,2671,2130,0
0f519b0d2e5eb2227c93dd25038bfc01,SP,79.9,1,2672,2436,0
9fbd5666d8618fa571c4230fafa09bd6,SP,79.9,1,2672,2436,0
b5b800c4065bebf4d3442311c9857344,SP,79.9,1,2672,2436,0
ca5832c6960267b71041f74bb39e8b12,SC,79.9,1,2672,2436,0
cd233f8bfa30ebfd651f47ee7d054951,SP,79.9,1,2672,2436,0
dcb7367a92f5ffb89f1e2152ed260285,SP,79.9,1,2672,2436,0
a7b7354cc588f7566a848bcbb1ce3d96,SP,79.8,2,2678,2130,0
aa17b35ce4de7b565be3249ba838944f,SP,79.8,2,2678,2130,0
e5bd51692380fd8cabb19b756b95e714,SP,79.8,2,2678,2130,0
519a7aa428f18d125a283cf8c014fdd6,SC,79.7,3,2681,1919,0
918f6fbcf3ab724d805867303e593a1b,SP,79.7,2,2681,2130,0
c8665a4dd081a2c436b1cd921079d0d9,SP,79.39,1,2683,2436,0
babcc0ab201e4c60188427cae51a5b8b,SP,79,1,2684,2436,0
166e8f1381e09651983c38b1f6f91c11,SC,78.8,2,2685,2130,0
8132b9bd16876e1b0f8808d43825dd48,SC,77.9,1,2686,2436,0
739c7d7be81f63812dea0d1b1451c651,PB,77.5,2,2687,2130,0
ec2e006556300a79a5a91e4876ab3a56,SP,77.4,2,2688,2130,0
5de1c80811ce7007f62f00d971236c09,SC,76.8,2,2689,2130,0
3e51f9cbe317bc3a88f2c76583811ee4,SP,76.09,1,2690,2436,0
497709c2976a8fa308730a2dec5b0726,SP,76,1,2691,2436,0
d52cbce9845184537284a23c3bc3da0e,SC,75,2,2692,2130,0
43a5d4a57af536fddc96d08be3afdfcb,MG,75,1,2692,2436,0
47f55702f598c7c6cc8458b0fbc1c49a,MG,75,1,2692,2436,0
6dd7dce75cd55c1ce255dc38d9f0cd46,SC,75,1,2692,2436,0
a1bea9970d8f65b240555f99c2214f7f,PR,75,1,2692,2436,0
ec21206b7894c503788a684a7bc822a6,RJ,75,1,2692,2436,0
05aebce0b5c8f0d41b29b686f2d05fd3,SP,74.99,2,2698,2130,0
9c3a1c416c765687bc79a04113269929,MG,74.9,1,2699,2436,0
6187a137b2af59dfdbad8d9f8c373c14,SP,74.8,2,2700,2130,0
a90a5da8b09e44264a177c0374a5ac87,PR,74.7,3,2701,1919,0
d8d9567d0bfb0bc7eb845a205ba42657,SP,74.6,4,2702,1767,0
164a5a8794e6d42e14f55e447b12a3bc,PR,73.99,1,2703,2436,0
a7d0f8dd44f57ef6de7f7f02e3d82630,SP,73.79,2,2704,2130,0
204b4e07bddef3c9b317f70189135b22,MG,73.4,1,2705,2436,0
d4d99b60c4c94cd35acd502cec65dc8d,SP,72.9,1,2706,2436,0
e5c84227854980f1db19a58958c551d9,PR,72.81,4,2707,1767,0
8f0fbe2cd4d472157dc1cdef6edecaa9,SP,71.88,2,2708,2130,0
028872bfa080090a9d0abd4f1af168f8,MG,70.5,1,2709,2436,0
e4f121bf6ef8b9a1d4d3e65dd0473fab,SP,70,2,2710,2130,0
4003520d80d0bad1d5623f7aa3c63cda,RJ,70,1,2710,2436,0
a89e143d5211473ae18db9577ee34b64,SP,70,1,2710,2436,0
bbf4a892cac7b82422baa711dffb8997,PR,70,1,2710,2436,0
f90f77ef2799a27f80d90c425ca944f7,PR,70,1,2710,2436,0
0a198e95d32b1be2da9424c962a6ebfa,MG,69.99,1,2715,2436,0
4e92348462c75b6c842b994ce84a0ed4,RS,69.9,1,2716,2436,0
b5d034ac251546e25afe9067f05c1539,SP,69.9,1,2716,2436,0
d598f929fc44e1e38678e7f47250ec04,GO,69.9,1,2716,2436,0
d6cd01c59123df02fc226eadbadb5f89,SP,69.9,1,2716,2436,0
d9b00a97818674c7f8d8b1ef0e689679,PR,69.9,1,2716,2436,0
f3511c85f59f8dec53d140501ee8e7a8,PR,69.9,1,2716,2436,0
fe9d9cf8631285d5982c6e2cf27fb114,MG,69.9,1,2716,2436,0
17998cf586426bf0f2c3726cb0a4b211,MG,69.8,2,2723,2130,0
5587130f9850696ed7fafbc91c2cee44,SP,69.8,2,2723,2130,0
bbd3acfe6de99892e73940d3fdceaf68,SP,69,2,2725,2130,0
8cb7c5ddf41f4d506eba76e9a4702a25,GO,69,1,2725,2436,0
edb65fe661681b1c0de8bd47c8655855,SP,69,1,2725,2436,0
723a46b89fd5c3ed78ccdf039e33ac63,RS,66.64,1,2728,2436,0
a5ff20ff766e7f50bd5066f33da14413,SP,66.59,2,2729,2130,0
c6381b1321d7d97717a5bb4ed5b77882,SP,66,2,2730,2130,0
d58d521f3789def2e7a22715e0badd93,SP,65.98,2,2731,2130,0
c32fc744b9160ac853450488e3cfea93,SP,65.8,2,2732,2130,0
76623fde66e6b63b59440fd34160512d,SP,65.4,3,2733,1919,0
d4a5e99e0dd915df64ba55a7fbd583fd,SP,65.15,2,2734,2130,0
52831e5990d0771cb4951d6f12928167,SP,65,1,2735,2436,0
447d377bdb757058acb569025ee18a93,RS,64.99,1,2736,2436,0
933446e9a59dece7ae9175103820ca8f,PR,64.99,1,2736,2436,0
c8771b1a10bb99bb34d3c459c5cffb53,SP,64.9,1,2738,2436,0
391bbd13b6452244774beff1824006ed,SP,63.9,1,2739,2436,0
b452cb0ae35044c4a53179c39f49fb06,SP,63.7,2,2740,2130,0
9e94fa26a70ede4d26226e918e8706a2,SP,62.8,1,2741,2436,0
f0ec78809fe0bc3edb11c9fe5b97b059,SP,62.6,2,2742,2130,0
2cb98e27ce1c18abdb42209b34c382a7,SP,62.49,1,2743,2436,0
6a3139c7bf09ece22a4713d956acbe5e,SP,61.9,1,2744,2436,0
f7c31656c19db6275a8acadca289f426,SP,61.56,1,2745,2436,0
b3e2faf2c1004d674f16a3aa3197f0e1,SP,61.47,3,2746,1919,0
1d0646a72178a6fb37ee8082140e06ec,SC,61,2,2747,2130,0
7963e546f34e098b578f9ad102494601,SP,60.99,1,2748,2436,0
be7a093e5b4d147b36b72bb1f9e415e5,PR,60.9,1,2749,2436,0
83f2b4881141ce3fcd4e985125d3279e,SP,60.7,3,2750,1919,0
9ac75591b69c3402684b6ce0310f22ee,SP,60.5,1,2751,2436,0
24a6daf925d9d591870a66660416de31,SP,60,2,2752,2130,0
85e7c62c1d6ea078c3897424f867a7c8,SC,60,2,2752,2130,0
7c462184585ae80bd6e5774c62ce50f2,SP,60,1,2752,2436,0
0ee4fb99ac55ffbbc98795aa01b7f8fa,SP,59.9,1,2755,2436,0
3e46a38ee171c503c3b4a3f23fe3bf0c,SP,59.9,1,2755,2436,0
6ebf4eceee4dd9847201c82e77ef8123,RJ,59.9,1,2755,2436,0
75fdd0a732287f9497b179f6bd445d32,SP,59.9,1,2755,2436,0
8fb67a334bacec338885b4e9e1708073,PR,59.9,1,2755,2436,0
9ef932e837d8b7f392c0bfee9d359dc2,SP,59.9,1,2755,2436,0
c240c4061717ac1806ae6ee72be3533b,RJ,59.9,1,2755,2436,0
528ce32f560edd11add4169f6a5b65be,SP,59.8,2,2762,2130,0
3da38366e7bd9baf6369071f782ecdf0,CE,59.47,1,2763,2436,0
63704069d9bd3a75c1cf59babe56004a,SP,59.3,1,2764,2436,0
db1f0f7c7e5e87f40b62226f020bb297,PR,59.01,3,2765,1919,0
0af2ab31141893d26aca5a404a537dab,SP,59,1,2766,2436,0
1d953075c2f0dd990bacf27b83b330f1,MG,59,1,2766,2436,0
2f1e7b90e01d9f086cbcb301c0c3d406,SC,59,1,2766,2436,0
dd5450b022b2d00a2145a66331e1aef6,SC,59,1,2766,2436,0
37303482a42fb700d8d127e70a9cd6c8,SP,58.9,1,2770,2436,0
d180e07dc1e58c31c3f0cd599dc4d945,MG,58.8,1,2771,2436,0
8fff28c4263ddec387f28d237fb42773,SP,58.6,2,2772,2130,0
cecd97bc34ed8330bd4cd15713eda670,SC,57.99,1,2773,2436,0
cac4e0bc1a3269fa2b6ea5e763f6115b,SC,57.88,2,2774,2130,0
48e5ee06fb2dc74df1c711a9b6dfac2a,MG,57,1,2775,2436,0
ac9b01377919cdbd2a1bbb8d5837c70b,SP,55.9,1,2776,2436,0
3e35a8bb43569389d3cebef0ce820f69,SP,55.8,1,2777,2436,0
0b1ca3ef18a63d7eb0c8897fa0849c08,SP,55,1,2778,2436,0
d85efbc8eff2b7adf524e2820569adc8,SP,55,1,2778,2436,0
ebe3dabc4955c9b0d695e7bda38bf5c3,SP,55,1,2778,2436,0
c7246702dc991a06d788120dc7544391,CE,54.86,1,2781,2436,0
26f6b7ab07be3e9e69ce82a6552efc19,RJ,54.8,2,2782,2130,0
c13fb473e7cb8b83ccd543c094df0608,SP,54.8,2,2782,2130,0
d297f1055de2956aedfd3b04113dce3e,SP,54.3,1,2784,2436,0
720e6cf846ea7572cbb66b743fb91e6c,SP,54,1,2785,2436,0
c1552b1dab6e6f760950368ae61fb600,SP,53.8,2,2786,2130,0
a2a41aedb70551d4a85aa04dc2fced48,SP,52.79,2,2787,2130,0
392f7f2c797e4dc077e4311bde2ab8ce,RN,52,2,2788,2130,0
84c945f15571830c1a91a33978e94009,SP,51.98,2,2789,2130,0
258447aad3f7b01e2643c89f64dc5647,PR,51.9,1,2790,2436,0
07e8e8fc5222bb358e6f259da3197074,SP,51.8,2,2791,2130,0
e9e446d01bd10a97a8ffcfc4a3a20cb2,SP,51.15,3,2792,1919,0
eaf6d55068dea77334e8477d3878d89e,SP,51,3,2793,1919,0
535bf14f36346c7f59d87cece104d70c,RJ,50,1,2794,2436,0
8cf21434553b02cbd37c0bbd07e041b0,SC,49.99,1,2795,2436,0
d4f91e8be86b38da2ee35bc489645a9d,SP,49.99,1,2795,2436,0
217f005bb37ff3aeef5b2ae1788e75ba,SP,49.98,2,2797,2130,0
2c2c9832d1bb38c5b0034a3b47d313ee,RS,49.9,1,2798,2436,0
3ded4e2d5f135cb103e5949d7263d2dd,MG,49.9,1,2798,2436,0
58e4b302b54937e55a678c4d15111da4,PR,49.9,1,2798,2436,0
7b3447b497e55af8c15fc7bd89d7b81a,SP,49.9,1,2798,2436,0
9140ef75cc8211c4035935e80e567204,PR,49.9,1,2798,2436,0
fe19dce63ae80346207c6c55713d1023,MG,49.9,1,2798,2436,0
7315baebc0572ff220d226283dc66728,SP,49.85,2,2804,2130,0
2c00c85d30361cd2ced2969cffbbffa3,MG,49.8,1,2805,2436,0
1b61fb1f0f2185d89e9a126c498e9cc7,PR,49.7,1,2806,2436,0
42d4b7e70819438f5ada61c965e92d7e,GO,49.6,1,2807,2436,0
e0487761face83d64fcada2408959a36,SP,49.25,2,2808,2130,0
1f7dfad2cb384ea4d2d7e1ffbd78c407,SP,49,1,2809,2436,0
2ef086a599b597572aca4433b7ed6b3d,SC,49,1,2809,2436,0
c963a25b8671419c6ce9eebe8fd03218,RJ,49,1,2809,2436,0
ce33c6211beaa8fef4cae8b52db39862,SP,49,1,2809,2436,0
d63f306de130e0391d38a792541723b8,SP,49,1,2809,2436,0
29c322e3f09f886f8bacbe91dfbd979e,RS,48.98,1,2814,2436,0
417a1e6c7321084d2a0ae0d023cfad93,RS,48.9,1,2815,2436,0
2e2f44824ab87a0cb961f68bf4073e7f,PR,48,1,2816,2436,0
513a54369b6a8a6602fcb0e129c6d78d,SP,47.8,2,2817,2130,0
a3fa18b3f688ec0fca3eb8bfcbd2d5b3,SP,47.8,1,2817,2436,0
9d213f303afae4983637247556438ede,SP,47.7,2,2819,2130,0
ae9690c6e8fee182c28c9ff8e11ca52c,SP,47.4,1,2820,2436,0
cad10cc982ab6a391570c211b995c17c,SP,47.4,1,2820,2436,0
baf15155e37ef5492731459bdc05be8a,SP,47,1,2822,2436,0
7494d0dcba8551df6cf37f1b905dc2f7,SP,45.9,1,2823,2436,0
51e0557bc7b86de13e946c60ee91ce39,MG,45.8,1,2824,2436,0
8629a7efec1aab257e58cda559f03ba7,GO,45.22,1,2825,2436,0
2d8cfba3fcd3170555941605edaa196a,SP,45,1,2826,2436,0
70ee69419916dc13e3aed619061f996c,SP,45,1,2826,2436,0
1f2eebc0e970fd3c463e4f5d9652687a,SP,44.99,1,2828,2436,0
89dda63a3c907c468ec88c310ed91213,SP,44.99,1,2828,2436,0
5a4236931428800e9d9cc04af0987118,SP,44.97,1,2830,2436,0
5415337f1863452476d42d9f14a16a61,MG,44.9,1,2831,2436,0
da3fede3469bf49b7293ce3fc45b294d,SP,44.9,1,2831,2436,0
e5545d4d4473876ea78c5bcebca365c3,SP,44.5,1,2833,2436,0
42fb44130ac3134cde8e35cf8ec7df25,SP,43.8,2,2834,2130,0
15b3b1b81484422eb41df68ac87f1f50,SP,43.35,1,2835,2436,0
05a48cc8859962767935ab9087417fbb,SP,42.9,1,2836,2436,0
4125d9385a25e82d2f72d3a0fd55bc3f,SP,42.9,1,2836,2436,0
7f02656561b680def9986c0795a8a080,SP,42,1,2838,2436,0
3a3c180dd702a725bd0ba4117689239e,PR,41.9,1,2839,2436,0
6561d6bf844e464b4019442692b40e02,SP,41.9,1,2839,2436,0
749e7cdabbaf72f16677859e27874ba5,SP,41.9,1,2839,2436,0
16bdc8cefd0e32a6f0824d296c5ad14a,SP,41.76,1,2842,2436,0
a213f1bd6458f4a158f3746cb2514559,PR,41.52,1,2843,2436,0
9b1f656ca3060f8af17a50d8a024b533,SP,41,2,2844,2130,0
4e2627090e6e5b9fabba883a37897683,MG,39.9,1,2845,2436,0
c2bda99904207edd1834f03e0022b007,SP,39.9,1,2845,2436,0
d4828feed4cda2cd9d6b37899a95a71e,CE,39.9,1,2845,2436,0
df683dfda87bf71ac3fc63063fba369d,RS,39.9,1,2845,2436,0
edb58a1390adf273840030a3d6253829,SP,39.9,1,2845,2436,0
fedaedd3ca31d56ab33e92035e4b361c,RJ,39.9,1,2845,2436,0
389e45560e33d2d0747f949dcddbc08e,SP,39,1,2851,2436,0
9558aa23f77a9e0a0eca83540999f43b,PR,39,1,2851,2436,0
c74f14c1e26cf1bd5bd34b6a1e274426,SC,39,1,2851,2436,0
e595809a6c31ec4314fd06ef198c244d,SC,39,1,2851,2436,0
0936e1837d0c79253456bbb2ffaaef10,SP,38.9,1,2855,2436,0
2eeb6531ee027a48d401e72bebdd87d3,SP,38.7,3,2856,1919,0
d7ab82074b5f1dfba46db123df101bff,SP,38.67,2,2857,2130,0
e72b4feb7abe210c52aa667abc25a3a2,SP,38.2,1,2858,2436,0
9200e6ce317b67196b6b0bad4d4bd567,RJ,36.9,1,2859,2436,0
1d139e3a3b14025640d8df1b230aace0,SP,36.49,2,2860,2130,0
c161d1327ebc3a156c09582ab2f59f6c,SP,35.99,2,2861,2130,0
630008e0f062605a415d694489f6f82e,SP,35.35,1,2862,2436,0
5cf1ec37aea089f45110c70653a166ab,SP,35,2,2863,2130,0
3a52d63a8f9daf5a28f3626d7eb9bd28,SP,35,1,2863,2436,0
baeda7047354773262ba2405f97038ba,SP,35,1,2863,2436,0
c716e0b86ed568878475b60fbb6323ad,SP,35,1,2863,2436,0
cb162c8eef257253782d245c08d9097c,SP,34.99,1,2867,2436,0
84deb808079d1be601c209c1e771b1cc,PR,34.93,2,2868,2130,0
c0e6839516f5398edc34adf5f1d53d1a,SP,34.92,1,2869,2436,0
5a32c398a06c345440bf2a683b017ad3,RJ,34.9,1,2870,2436,0
41958cbd3335433c8740300e8cd600d5,SP,32.99,1,2871,2436,0
539ed9e19811677513447759be5eccfc,MG,32.83,2,2872,2130,0
7d81e74a4755b552267cd5e081563028,SP,32.5,1,2873,2436,0
eb4a59a06b3948e851a7d7a830bcbc42,BA,32,1,2874,2436,0
d7f1cfc638473be93baedbfd02208016,RJ,30,1,2875,2436,0
fdf736c18c589ed030e058312203e1b2,MG,30,1,2875,2436,0
32f83ffe11cd40f7adcf4eef171f52d9,RS,29.99,1,2877,2436,0
87b4428a334b8f676fd9a7f3bf544fb5,SP,29.99,1,2877,2436,0
9315e491484b1b0081ca166fc164108d,PR,29.99,1,2877,2436,0
139157dd4daa45c25b0807ffff348363,SP,29.9,1,2880,2436,0
28a26ebce31d5918b181ede016fd693b,MG,29.9,1,2880,2436,0
3aa3c89ae3cd482385568be76120f63c,GO,29.9,1,2880,2436,0
436bf27f2f18474fc6047702e9f8a866,SP,29.9,1,2880,2436,0
455f46ef09a9e45667e2981df84b5cc2,SP,29.9,1,2880,2436,0
a09a13f18ed27932d08438aa6f12756e,RS,29.9,1,2880,2436,0
c43d924a0f1688ee9fae0efcd6f539d4,RJ,29.9,1,2880,2436,0
c97aa4ee7420f937da13b7f9e2228b99,RS,29.9,1,2880,2436,0
c0e0b73d039eb9a99b6ce4cb7a429cd3,SC,29.88,1,2888,2436,0
0336182e1b3e92f029d5354832045fdf,SP,29.8,1,2889,2436,0
7b3f6ce5c6c22e9b96e7581ebf0df6e1,SP,29.8,1,2889,2436,0
9996ae921c50e8dff411ac69c0b4bb8b,SP,29.7,2,2891,2130,0
72c73be2b085b9d57650dd53eb2004c9,SP,29.4,1,2892,2436,0
c9d2ba8dde44a275ae06475ed1d2fafc,MG,28.79,1,2893,2436,0
999f6d9a1c7c81f43be44c6b7d076210,SP,28,2,2894,2130,0
8b181ee5518df84f18f4e1a43fe07923,SP,27.9,1,2895,2436,0
b026643914f651e8371425e5b8a1e780,RJ,27.9,1,2895,2436,0
f1fdf2d13186575751aa25876536d85c,SP,26.3,1,2897,2436,0
70c0fda4c313d87115644d39e62eec60,PE,25.99,1,2898,2436,0
c12d7463a579237ffb9248bd7cff378b,SP,25.9,1,2899,2436,0
6c9875b2f94ba781186f0c1aed8d1687,SP,25,2,2900,2130,0
7cb946b1ad19faebe28c3e86c2794ec3,MG,25,1,2900,2436,0
38f276ca6e7cc95a6d1bb55ac9e5550f,SP,24.99,1,2902,2436,0
3986c0b54f6b748b75e7bd4e092aa3e5,PR,24.99,1,2902,2436,0
1c83418358f249c9d6affa52d579db0e,SP,24.9,1,2904,2436,0
33fd411ed63a7c2f9005e3f065d9f85d,RS,24.9,1,2904,2436,0
cad9969167c09b48ae6f1d123f7fa68d,MG,24,1,2906,2436,0
bd43e172d599bed47a85da877172ca8c,SC,23.92,1,2907,2436,0
43753b27d77860f1654aa72e251a7878,BA,23.9,1,2908,2436,0
544863df86ed3b78a04e0820d41430ee,ES,23.9,1,2908,2436,0
bcd2d7510d58e293f20fad6438c1b314,PR,23.9,1,2908,2436,0
2c54051840f19eca309a5423cf22df36,PR,23.7,2,2911,2130,0
5e063e85d44b0f5c3e6ec3131103a57e,SP,22.9,1,2912,2436,0
bc8c8d665ec4664d286be0d521722b19,SP,22.5,1,2913,2436,0
eb1bf309f4f6af9a97e9ddac3fdbeabe,SP,22.3,1,2914,2436,0
0bb27263628258b8111a0262769fa9db,SP,22.2,1,2915,2436,0
34675b28b826facfde119785bf287dc1,PR,21.99,1,2916,2436,0
f09b760d23495ac9a7e00d29b769007c,SP,21.9,1,2917,2436,0
98f52e1020fe788c10c0418de4393fec,RJ,21.6,1,2918,2436,0
ed49da7cadefc454d6a67de249eab240,SP,21.5,1,2919,2436,0
b77a27b1864483e721dc831d5ba4afa0,RJ,20.9,1,2920,2436,0
e64ddbe1cbcf4f2fc3092b7c481f3f9d,SP,20.9,1,2920,2436,0
e0b162a693bc7f9eab00f783a31d60ea,RS,20,1,2922,2436,0
e76ecc7e9a1a1e3c6df9d2a8261c423d,MG,20,1,2922,2436,0
455befea1bb853c75ccbca94cff26e5c,RJ,19.99,1,2924,2436,0
bb7ad8a45c027be8ab075b8e465f8ca0,SC,19.98,2,2925,2130,0
0b46f784306be7200ca1700aa55d819f,MG,19.9,1,2926,2436,0
668bf321538e5072858eaef6087ce027,PR,19.9,1,2926,2436,0
698624c6632eeba1774924dbea24c700,SP,19.9,1,2926,2436,0
7caa63f175b1cecbfaadd8b5ab9998c7,SP,19.9,1,2926,2436,0
87f3e35268860433e13d577825aada95,SP,19.9,1,2926,2436,0
bac44fa8e13424950488659b5f765c41,SP,19.9,1,2926,2436,0
d93b8458c6fe139d85cfa5eadbf55bd2,SP,19.9,1,2926,2436,0
bd65d163ded559eb90a10cd09fec178f,SP,19.8,1,2933,2436,0
9d69ba0a7a626a64dc5db08e529559cf,SP,19.3,1,2934,2436,0
ab75b89cc49c9ab3160d0c91565a442a,SP,18.99,1,2935,2436,0
6c77cd583b36a13aacccf2b3ee23e233,SP,18.9,1,2936,2436,0
82921991ff5b557b045605b8bbf08d49,SP,18.9,1,2936,2436,0
ce4755084bc097113867e6454f8f5e52,SP,18.9,1,2936,2436,0
804287717b9156fb7a787acd9af4fac1,PR,18.8,1,2939,2436,0
13e85aac53340018b40c2af68001b7e0,SP,17.8,1,2940,2436,0
bee36b4f9a2b9fdcaff6ec05df202ed0,SP,16.9,1,2941,2436,0
6bcb2352a2a0c38b845f598298ab9d26,PR,15.9,1,2942,2436,0
eae9af4811c294c56795d70e715b7337,SP,15.9,1,2942,2436,0
f3862c2188522d89860c38a3ea8b550d,SP,15.5,1,2944,2436,0
20f0aeea30bc3b8c4420be8ced4226c0,SP,14.9,1,2945,2436,0
b2f4d63c7203f539a78252565ca32257,RJ,14.9,1,2945,2436,0
c3e2398fcc7e581cda2e546557bf6968,SP,14.9,1,2945,2436,0
a61cc04793308395a840807104365121,SP,14.63,1,2948,2436,0
20d53aad4fe5ee93a64f8839609d3586,MG,14.5,1,2949,2436,0
5b92bfa4120daa27c574daa2e386c693,SP,14,1,2950,2436,0
fb503a924a0b9db19d83dd0ac6dbef8c,RS,13.9,1,2951,2436,0
6614814a00d344b846ae209f95ee7e3f,SP,13,1,2952,2436,0
b5f0712d22a873b6797ab6cc65c3fcba,SP,12.99,1,2953,2436,0
7ab0dd5487bab2dc835337b244f689fb,SP,12.5,1,2954,2436,0
9e25199f6ef7e7c347120ff175652c3b,SP,12.5,1,2954,2436,0
c1d1ebb4745cc43cb6f05e9c8a705c9a,SP,12.5,1,2954,2436,0
c1dde11f12d05c478f5de2d7319ad3b2,SP,12.5,1,2954,2436,0
3d62f86afa7c73be2628a3be1423f5a0,SP,12,2,2958,2130,0
3ac588cd562971392504a9e17130c40b,SP,11.9,1,2959,2436,0
cc1f04647be106ba74e62b21f358af25,SP,11.9,1,2959,2436,0
f9f68daa2af419d38f745478bcb3da1a,SP,11.2,1,2961,2436,0
344223b2a90784f64136a8a5da012e7f,SC,10.9,1,2962,2436,0
95cca791657aabeff15a07eb152d7841,PR,9.99,1,2963,2436,0
c18309219e789960add0b2255ca4b091,RJ,9.9,1,2964,2436,0
0f94588695d71662beec8d883ffacf09,SC,9,1,2965,2436,0
4965a7002cca77301c82d3f91b82e1a9,SP,8.49,1,2966,2436,0
ad14615bdd492b01b0d97922e87cb87f,SC,8.25,1,2967,2436,0
702835e4b785b67a084280efca355756,MG,7.6,1,2968,2436,0
1fa2d3def6adfa70e58c276bb64fe5bb,SP,6.9,1,2969,2436,0
77128dec4bec4878c37ab7d6169d6f26,SP,6.5,1,2970,2436,0
