"seller_id","seller_state","seller_city","total_orders","total_revenue","avg_order_value"
"4869f7a5dfa277a7dca6462dcf3b52b2","SP","guariba","1124","22698793","19772.4678"
"53243585a1d6dc2643021fd1853d8905","BA","lauro de freitas","348","21794044","54485.1100"
"4a3ca9315b744ce9f8e9374361493884","SP","ibitinga","1772","19688212","10101.6993"
"fa1c13f2614d7b5c4749cbc52fecda94","SP","sumare","578","19091714","32973.5993"
"7c67e1448b00f6e969d365cea6b010ab","SP","itaquaquecetuba","973","18657005","13769.0074"
"7e93a43ef30c4f03f38b393420bc753a","SP","barueri","319","16598149","51547.0466"
"da8622b14eb17ae2831f4ac5b9dab84a","SP","piracicaba","1311","15981687","10324.0872"
"7a67c85e85bb2ce8582c35f2203ad736","SP","sao paulo","1145","13965869","12091.6615"
"1025f0e2d44d7041d6cf58b6550e0bfa","SP","sao paulo","910","13820856","9732.9972"
"955fee9216a65b617aa5c0531780ce60","SP","sao paulo","1261","13183671","8956.2982"
"46dc3b2cc0980fb8ec44634e21d2718e","RJ","rio de janeiro","503","12281138","23482.0994"
"6560211a19b47992c3666cc44a7e94c0","SP","sao paulo","1819","12070283","6047.2360"
"620c87c171fb2a6dd6e8bb4dec959fc6","RJ","petropolis","722","11246150","14455.2057"
"7d13fca15225358621be4086e1eb0964","SP","ribeirao preto","558","11243618","19691.0998"
"5dceca129747e92ff8ef7a997dc4f8ca","SP","santa barbara d´oeste","322","11112673","32398.4636"
"1f50f920176fa81dab994f9023523100","SP","sao jose do rio preto","1399","10665571","5537.6796"
"cc419e0650a3c5ba77189a1882b7556a","SP","santo andre","1651","10109096","5880.8005"
"a1043bafd471dff536d0c462352beb48","MG","ilicinea","702","9930923","13206.0146"
"3d871de0142ce09b7081e2b9d1733cb1","SP","campo limpo paulista","1064","9340740","8258.8329"
"edb1ef5e36e0c8cd84eb3c9b003e486d","RJ","teresopolis","165","7914490","45485.5747"
"ccc4bbb5f32a6ab2b7066a4130f114e3","PR","curitiba","184","7292672","38585.5661"
"f7ba60f8c3f99e7ee4042fdef03b70c4","SP","sao bernardo do campo","218","6807000","29724.8908"
"fe2032dab1a61af8794248c8196565c9","SP","campinas","293","6568971","21537.6098"
"8581055ce74af1daba164fdbd55a40de","SP","guarulhos","380","6401122","14990.9180"
"cca3071e3e9bb7d12640c9fbe2301306","SP","ibitinga","699","6303516","7715.4419"
"04308b1ee57b6625f47df1d56f00eedf","SC","bombinhas","92","5899180","64121.5217"
"522620dcb18a6b31cd7bdf73665113a9","PR","cascavel","172","5669049","31848.5899"
"de722cd6dad950a92b7d4f82673f8833","PE","recife","337","5512630","14622.3607"
"37be5a7c751166fbc5f8ccba4119e043","SP","sao paulo","269","5473555","19689.0468"
"17e34d8224d27a541263c4c64b11a56b","SP","riberao preto","247","5444028","20938.5692"
"7ddcbb64b5bc1ef36ca8c151f6ec77df","SP","sao paulo","325","5443566","16298.1018"
"25c5c91f63607446a97b143d2d535d31","MG","itauna","156","5420878","20379.2406"
"218d46b86c1881d022bce9c68a7d4b15","SP","ribeirao preto","382","5371030","12788.1667"
"ceaec5548eefc6e23e6607c5435102e7","SP","sao paulo","198","5147818","24989.4078"
"f5a590cf36251cf1162ea35bef76fe84","SP","sao bernardo do campo","113","5123278","43417.6102"
"e882b2a25a10b9c057cc49695f222c19","RJ","teresopolis","57","5105754","88030.2414"
"2bf6a2c1e71bbd29a4ad64e6d3c3629f","RJ","nova friburgo","30","5062890","163319.0323"
"f8db351d8c4c4c22c6835c19a46f01b0","SP","salto","659","5008260","7014.3697"
"b2ba3715d723d245138f291a6fe42594","SP","sao paulo","324","4930218","14086.3371"
"17f51e7198701186712e53a39c564617","SP","sao paulo","56","4801900","78719.6721"
"8160255418d5aaa7dbdc9f4c64ebda44","SP","ibitinga","380","4636839","10935.9410"
"966cb4760537b1404caedd472cc610a5","SP","diadema","67","4592826","68549.6418"
"77530e9772f57a62c906e1c21538ab82","PR","curitiba","312","4567660","11988.6089"
"4e922959ae960d389249c378d1c939f5","SP","jacarei","412","4533842","10165.5650"
"850f4f8af5ea87287ac68de36e29107f","SP","sao paulo","186","4528537","23709.6178"
"c826c40d7b19f62a09e2d7c5e7295ee2","SP","guarulhos","346","4465304","12233.7096"
"b33e7c55446eabf8fe1a42d037ac7d6d","SP","pradopolis","149","4421517","29088.9276"
"ba90964cff9b9e0e6f32b23b82465f7b","SP","guarulhos","38","4421250","116348.6842"
"eeb6de78f79159600292e314a77cbd18","SC","lages","82","4351084","52422.6988"
"c3cfdc648177fdbbbb35635a37472c53","PR","curitiba","278","4304818","14022.2085"
"4d6d651bd7684af3fffabd5f08d12e5a","SP","jau","363","4299900","11053.7275"
"b839e41795b7f3ad94cc2014a52f6796","SP","sao caetano do sul","33","4282900","118969.4444"
"e9779976487b77c6d4ac45f75ec7afe9","SP","praia grande","645","4222969","5722.1802"
"17a053fcb14bd219540cbde0df490be0","SP","mogi guacu","124","4035324","27265.7027"
"d91fb3b7d041e83b64a00a3edfb37e4f","SP","praia grande","524","3992639","7605.0267"
"834f3294fba9f932f56edc879193f925","SP","araraquara","66","3990750","60465.9091"
"391fc6631aebcf3004804e51b40bcf1e","SP","ibitinga","521","3947530","6524.8430"
"712e6ed8aa4aa1fa65dab41fed5737e4","SC","videira","77","3938500","46335.2941"
"634964b17796e64304cadf1ad3050fb7","RJ","rio de janeiro","265","3911410","12109.6285"
"2eb70248d66e0e3ef83659f71b244378","SP","campinas","187","3899072","19792.2437"
"7142540dd4c91e2237acb7e911c4eba2","SP","penapolis","316","3718194","11335.9573"
"7178f9f4dd81dcef02f62acdf8151e01","SC","videira","202","3679540","17114.1395"
"ea8482cd71df3c1969d7b9473ff13abc","SP","sao paulo","1132","3669676","3088.9529"
"59417c56835dd8e2e72f91f809cd4092","SP","limeira","18","3645900","202550.0000"
"c70c1b0d8ca86052f45a432a38b73958","SP","hortolandia","260","3628915","10800.3423"
"06a2c3af7b3aee5d69171b0e14f0ee87","MA","sao luis","389","3609798","8979.5970"
"c3867b4666c7d76867627c2f7fb22e21","SP","guara","228","3466690","14384.6058"
"7299e27ed73d2ad986de7f7c77d919fa","MG","araguari","335","3410744","9527.2179"
"e9bc59e7b60fc3063eb2290deda4cced","PR","maringa","209","3354369","12901.4192"
"1835b56ce799e6a4dc4eddc053f04066","SP","ibitinga","417","3300532","5990.0762"
"5c243662ce92d84573bfaff24c3e3700","SP","sao paulo","98","3286202","32862.0200"
"dbc22125167c298ef99da25668e1011f","MG","borda da mata","394","3282912","7872.6906"
"9c0e69c7bf2619675bbadf47b43f655a","SP","sao jose dos campos","151","3272040","16360.2000"
"2528513dd95219a6013d4d05176e391a","SP","osasco","160","3266020","19674.8193"
"76d5af76d0271110f9af36c92573f765","SP","sao paulo","128","3194460","20609.4194"
"70eea00b476a314817cefde4aad4f89a","SP","itatiba","106","3142475","28057.8125"
"0241d4d5d36f10f80c644447315af0bd","PR","curitiba","238","3139770","12763.2927"
"88460e8ebdecbfecb5f9601833981930","PR","maringa","246","3132040","10440.1333"
"7681ef142fd2c19048da7430856b5588","SP","guarulhos","58","3121181","41068.1711"
"87142160b41353c4e5fca2360caf6f92","RS","porto alegre","305","3109598","9172.8555"
"855668e0971d4dfd7bef1b6a4133b41b","SP","itatiba","300","3084922","9919.3633"
"e59aa562b9f8076dd550fcddf0e73491","PR","curitiba","69","3071630","37458.9024"
"70a12e78e608ac31179aea7f8422044b","SP","jacarei","312","2996353","9276.6347"
"53e4c6e0f4312d4d2107a8c9cddf45cd","SP","pedreira","463","2958777","5778.8613"
"d23019c84ffae2d5ef2270367b8605fc","PR","londrina","39","2920510","74884.8718"
"1554a68530182680ad5c8b042c3ab563","MG","monte siao","246","2897964","10853.7978"
"900ba814c251a692506d7834c1218441","SP","salto","86","2883303","33526.7791"
"0b90b6df587eb83608a64ea8b390cf07","PR","maringa","163","2849276","13632.8995"
"59b22a78efb79a4797979612b885db36","MG","uberlandia","125","2718450","20439.4737"
"d1c281d3ae149232351cd8c8cc885f0d","SP","ibitinga","214","2683361","11227.4519"
"b32be1695eb7ec5f10f72d9610a12527","RS","caxias do sul","44","2657500","59055.5556"
"12b9676b00f60f3b700e83af21824c0e","RS","montenegro","133","2637600","19831.5789"
"a3a38f4affed601eb87a97788c949667","SC","joinville","251","2629462","10113.3154"
"7e1fb0a3ebfb01ffb3a7dae98bf3238d","SP","franca","155","2616953","15484.9290"
"de23c3b98a88888289c6f5cc1209054a","SP","sao paulo","161","2593367","14569.4775"
"9f505651f4a6abe901a56cdc21508025","SP","sao paulo","393","2591284","6082.8263"
"16090f2ca825584b5a147ab24aa30c86","SP","atibaia","398","2557916","6300.2857"
"b94cc9f10ddc85e4ba73a6f7974e7101","RJ","macae","39","2534610","64990.0000"
"a416b6a846a11724393025641d4edd5e","SP","sao paulo","157","2493024","14164.9091"
"c003204e1ab016dfa150abc119207b24","SP","cajamar","195","2490429","12452.1450"
"1c68394e931a64f90ea236c5ea590300","PR","sarandi","142","2483275","14522.0760"
"f62d7bb4a613ec758a03342d46b580b2","MG","vicosa","32","2466500","77078.1250"
"1900267e848ceeba8fa32d80c1a5f5a8","SP","ibitinga","406","2463957","4711.1989"
"001cca7ae9ae17fb1caed9dfb1094831","ES","cariacica","195","2448703","10464.5427"
"b37c4c02bda3161a7546a4e6d222d5b2","SP","sao paulo","4","2407500","160500.0000"
"dc4a0fc896dc34b0d5bfec8438291c80","SP","ibitinga","225","2365598","9775.1983"
"2b3e4a2a3ea8e01938cabda2a3e5cc79","SP","sao paulo","52","2362915","43757.6852"
"40db9e9aa57f7bb151bcda6b0f9bdbb7","PE","recife","12","2316800","193066.6667"
"612170e34b97004b3ba37eae81836b4c","RS","novo hamburgo","107","2306502","20968.2000"
"7b0df942f46435babab05d49b744b2c4","SP","braganca paulista","32","2260063","70626.9688"
"1a3df491d1c4f1589fc2b934ada68bf2","SC","joinville","160","2247240","13141.7544"
"710e3548e02bc1d2831dfc4f1b5b14d4","PR","rolandia","131","2236925","16327.9197"
"744dac408745240a2c2528fb1b6028f3","PR","colombo","78","2232260","26894.6988"
"7ad32824caee82087b3e2e5f33b1bf32","SP","ibitinga","147","2201810","12232.2778"
"ff69aa92bb6b1bf9b8b7a51c2ed9cf8b","SP","sao paulo","20","2194080","109704.0000"
"f45122a9ab94eb4f3f8953578bc0c560","SP","piracicaba","184","2176468","11048.0609"
"897060da8b9a21f655304d50fd935913","SP","ribeirao preto","304","2174051","5264.0460"
"06e5eefc71ec47ae763c5c6f8db7064f","RS","porto alegre","90","2164867","23278.1398"
"b1b3948701c5c72445495bd161b83a4c","SP","sao paulo","14","2151950","153710.7143"
"8444e55c1f13cd5c179851e5ca5ebd00","MG","congonhal","92","2148096","21059.7647"
"05ff92fedb5be47920fea08e501238b9","RS","santo angelo","57","2123598","35393.3000"
"8f2ce03f928b567e3d56181ae20ae952","SP","pirituba","151","2121320","12333.2558"
"59fb871bf6f4522a87ba567b42dafecf","SP","sao paulo","123","2117860","16942.8800"
"d2374cbcbb3ca4ab1086534108cc3ab7","SP","ibitinga","514","2092602","3375.1645"
"00ee68308b45bc5e2660cd833c3f81cc","SP","sao paulo","135","2026000","11779.0698"
"48162d548f5b1b11b9d29d1e01f75a61","SP","piracicaba","66","2010939","22594.8202"
"729f06993dac8e860d4f02d7088ca48a","SP","limeira","94","1988518","17597.5044"
"004c9cd9d87a3c30c522c48c4fc07416","SP","ibitinga","156","1956973","11648.6488"
"bfd27a966d91cfaafdb25d076585f0da","SP","serra negra","114","1922500","16717.3913"
"dc317f341ab0e22f39acbd9dbf9b4a1f","RS","cachoeirinha","55","1898840","32738.6207"
"96493fab2fbb13a14d0c0e8772eef5c3","SP","sao paulo","63","1896900","29639.0625"
"f457c46070d02cadd8a68551231220dd","PR","maringa","195","1879830","8173.1739"
"0dd184061fb0eaa7ca37932c68ab91c5","SP","guarulhos","161","1844692","9557.9896"
"44073f8b7e41514de3b7815dd0237f4f","DF","brasilia","142","1838064","12172.6093"
"d650b663c3b5f6fb392b6326366efa9a","SP","cotia","57","1833590","32168.2456"
"cd68562d3f44870c08922d380acae552","SP","ribeirao preto","122","1811970","14046.2791"
"527801b552d0077ffd170872eb49683b","SP","garca","90","1794280","19503.0435"
"821fb029fc6e495ca4f08a35d51e53a5","SP","sao paulo","24","1785162","71406.4800"
"a888faf2d1baececa6baf9c3d603ee1f","PR","umuarama","53","1756480","32527.4074"
"9de4643a8dbde634fe55621059d92273","SC","joinville","72","1756034","21679.4321"
"c72de06d72748d1a0dfb2125be43ba63","BA","guanambi","21","1752200","79645.4545"
"165fc07beebdcb6190fba8a06db2a449","PR","maringa","50","1748140","27314.6875"
"94144541854e298c2d976cb893b81343","RS","viamao","68","1728628","22745.1053"
"8b321bb669392f5163d04c59e235e066","SP","sao paulo","930","1726294","1717.7055"
"1e8b33f18b4f7598d87f5cbee2282cc2","SP","sao paulo","122","1723356","12398.2446"
"0c8380b62e38e8a1e6adbeba7eb9688c","MG","tres coracoes","180","1722899","7903.2064"
"54a1852d1b8f10312c55e906355666ee","SP","santa barbara d'oeste","198","1705646","8443.7921"
"abe42c5d03695b4257b5c6cbf4e6784e","RJ","rio de janeiro","49","1700000","34693.8776"
"76d64c4aca3a7baf218bf93ef7fa768d","PR","curitiba","64","1691180","24509.8551"
"c3acdfac4e3e97ff87529454fbc03642","SP","sao paulo","12","1678800","139900.0000"
"8ae520247981aa06bc94abddf5f46d34","SC","navegantes","65","1632099","25109.2154"
"41b39e28db005d9731d9d485a83b4c38","SP","santo andre","187","1630675","7312.4439"
"4a3ccda38b2129705f3fb522db62ca31","SP","marilia","64","1616909","22149.4384"
"ef0ace09169ac090589d85746e3e036f","RJ","sao goncalo","128","1610540","11586.6187"
"1f1bb1f0859883505541bdd6606193e5","SP","sao paulo","27","1604084","55313.2414"
"7aa4334be125fcdd2ba64b3180029f14","SP","laranjal paulista","214","1601295","6756.5190"
"fa40cc5b934574b62717c68f3d678b6d","SP","sao paulo","304","1590048","4718.2433"
"86ccac0b835037332a596a33b6949ee1","SC","blumenau","178","1589434","7641.5096"
"4b9750c8ad28220fe6702d4ecb7c898f","SP","limeira","217","1581540","7156.2896"
"d921b68bf747894be13a97ae52b0f386","MG","formiga","77","1564580","20319.2208"
"6061155addc1e54b4cfb51c1c2a32ad8","SP","campinas","28","1563340","47373.9394"
"0adac9fbd9a2b63cccaac4f8756c1ca8","SP","louveira","106","1555760","11610.1493"
"2a5b78b41cd05baeac8df54c6606b92c","MG","formiga","46","1555428","27775.5000"
"c33847515fa6305ce6feb1e818569f13","SC","brusque","114","1551985","12124.8828"
"229c3efbfb0ea2058de4ccdfbc3d784a","MG","belo horizonte","118","1547900","10675.1724"
"e5a38146df062edaf55c38afa99e42dc","SP","sao paulo","120","1527089","12315.2339"
"c847e075301870dd144a116762eaff9a","MG","uberaba","41","1524880","36306.6667"
"85d9eb9ddc5d00ca9336a2219c97bb13","MG","belo horizonte","499","1510724","2950.6328"
"213b25e6f54661939f11710a6fddb871","SP","salto","152","1510595","7950.5000"
"f9244d45189d3a3605499abddeade7d5","SP","sao paulo","20","1508144","75407.2000"
"e2a1ac9bf33e5549a2a4f834e70df2f8","SP","sao paulo","5","1499945","299989.0000"
"2a84855fd20af891be03bc5924d2b453","MG","belo horizonte","155","1498900","9427.0440"
"01fdefa7697d26ad920e9e0346d4bd1b","PR","londrina","128","1480253","11386.5615"
"79ebd9a61bac3eaf882805ed4ecfa12a","PR","cascavel","133","1478309","10559.3500"
"080199a181c46c657dc5aa235411be3b","SP","osasco","79","1450420","17474.9398"
"4c2b230173bb36f9b240f2b8ac11786e","SP","sao paulo","258","1447457","4219.9913"
"a5cba26a62b8b4d0145b68b841e62e7f","PR","campo mourao","53","1443884","26738.5926"
"1b4c3a6f53068f0b6944d2d005c9fc89","SC","sao ludgero","111","1442050","12539.5652"
"5cf13accae3222c70a9cac40818ae839","MG","patos de minas","148","1429330","9221.4839"
"66922902710d126a0e7d26b0e3805106","MG","belo horizonte","150","1426730","9204.7097"
"8e6d7754bc7e0f22c96d255ebda59eba","SP","sao jose dos campos","84","1410738","10935.9535"
"aba1721a889e04decc910aa13b768ef4","SP","sao paulo","83","1410330","15329.6739"
"f08a5b9dd6767129688d001acafc21e5","RS","porto alegre","11","1406963","78164.6111"
"c6bda72e4dbf5c5866b13cb1810c6d03","SP","sao paulo","59","1405938","23829.4576"
"2e90cb1677d35cfe24eef47d441b7c87","SP","sao paulo","127","1389471","10142.1241"
"3b15288545f8928d3e65a8f949a28291","SP","ibitinga","101","1376482","11665.1017"
"b8bc237ba3788b23da09c0f1f3a3288c","SC","itajai","45","1368571","29118.5319"
"d94a40fd42351c259927028d163af842","MG","baependi","100","1367480","12545.6881"
"a6bd7d1ccdac48c6b33b28596b7eb122","PB","mamanguape","15","1366911","91127.4000"
"610f72e407cdd7caaa2f8167b0163fd8","SP","sao paulo","16","1358516","79912.7059"
"ce248b21cb2adc36282ede306b7660e5","SC","jaragua do sul","64","1356019","20861.8308"
"6039e27294dc75811c0d8a39069f52c0","SP","osasco","63","1350080","18244.3243"
"6d66611d7c44cc30ce351abc49a68421","SP","sao paulo","164","1342860","7717.5862"
"34d1ca11b242c0fee2c834ae8d788566","MG","congonhas","40","1342224","32737.1707"
"289cdb325fb7e7f891c38608bf9e0962","SP","belo horizonte","109","1341055","10728.4400"
"a3e9a2c700480d9bb01fba070ba80a0e","SP","ibitinga","129","1337180","9350.9091"
"a673821011d0cec28146ea42f5ab767f","SP","sao paulo","125","1336600","9479.4326"
"240b9776d844d37535668549a396af32","RJ","niteroi","35","1333209","38091.6857"
"1f9ab4708f3056ede07124aad39a2554","SP","tupa","76","1331293","17289.5195"
"8cc6a0e5738e61a87b03c78b2ba9db4b","MG","andradas","23","1327270","55302.9167"
"d05ae8f7a5bd1d2a690a44cd079e4e27","RJ","rio de janeiro","77","1324400","16555.0000"
"0b35c634521043bf4b47e21547b99ab5","PR","teixeira soares","50","1323565","17189.1558"
"669ae81880e08f269a64487cfb287169","SC","rio do sul","161","1313387","7099.3892"
"05f51e13da97139648b8125c31e5f51b","MG","belo horizonte","57","1310031","21833.8500"
"440dd6ab244315c632130ecfb63827b1","SP","votuporanga","91","1308900","14227.1739"
"d50d79cb34e38265a8649c383dcffd48","SP","sao paulo","70","1301242","18589.1714"
"c31eff8334d6b3047ed34bebd4d62c36","SP","salto","120","1299161","10736.8678"
"431af27f296bc6519d890aa5a05fdb11","SP","ribeirao preto","116","1297460","10463.3871"
"6edacfd9f9074789dad6d62ba7950b9c","SP","guarulhos","205","1296640","6002.9630"
"9e6229250fedbe05838fef417b74e7fb","SP","mirandopolis","73","1296230","16834.1558"
"039e6ad9dae79614493083e241147386","SP","sao paulo","5","1292500","258500.0000"
"e24fc9fcd865784fb25705606fe3dfe7","SP","braganca paulista","51","1276800","23214.5455"
"ed4acab38528488b65a9a9c603ff024a","SP","sao paulo","32","1275945","31898.6250"
"00fc707aaaad2d31347cf883cd2dfe10","PR","maringa","103","1268490","9396.2222"
"530ec6109d11eaaf87999465c6afee01","PR","cascavel","94","1268211","12556.5446"
"75d34ebb1bd0bd7dde40dd507b8169c3","BA","salvador","57","1265633","18890.0448"
"99eaacc9e6046db1c82b163c5f84869f","SP","franca","63","1264228","18869.0746"
"b372ee768ed69e46ca8cdbd267aa7a38","SP","sao jose do rio preto","63","1263000","18304.3478"
"cfb1a033743668a192316f3c6d1d2671","SP","votorantim","143","1260954","7044.4358"
"1ca7077d890b907f89be8c954a02686a","SP","santana de parnaiba","108","1247464","9822.5512"
"ad97a199236354e53fcd91a5a913e9a2","SC","brusque","16","1244685","73216.7647"
"ac3508719a1d8f5b7614b798f70af136","RS","canoas","101","1244614","12322.9109"
"2b1a40c1daabc6ca280c4b815c101841","MG","divinopolis","22","1234260","37401.8182"
"d6b1ce66b035a475f00c017792ff9769","SP","salto","92","1227740","11367.9630"
"fbc14c0cf93505ef89f64665ffa4a7b5","SP","serrana","18","1222782","67932.3333"
"6e386f64c84e482f0b9abf960797ee1b","SP","sao paulo","29","1220930","42101.0345"
"056b4ada5bbc2c50cc7842547dda6b51","RJ","queimados","64","1220340","18774.4615"
"c66dccfb3f109511246da627dd5a2498","SP","registro","44","1218255","27687.6136"
"2e1c9f22be269ef4643f826c9e650a52","SP","sao paulo","161","1217024","7287.5689"
"c8b0e2b0a7095e5d8219575d5e7e1181","SP","itaquaquecetuba","84","1217021","14317.8941"
"66e0557ecc2b4dbea057e93f215f68d8","SP","sao paulo","30","1214100","40470.0000"
"87b740daf17b5d1be335a64164ec6842","SP","suzano","11","1209989","109999.0000"
"2138ccb85b11a4ec1e37afbd1c8eda1f","SP","sao paulo","388","1208922","2885.2554"
"7202e2ba20579a9bd1acb29e61fe71f6","SP","franca","51","1208570","22803.2075"
"70c27847eca8195c983ed7e798c56743","RJ","rio de janeiro","77","1207752","12324.0000"
"ff063b022a9a0aab91bad2c9088760b7","SP","santo andre","94","1207650","12579.6875"
"a7f13822ceb966b076af67121f87b063","SP","itaquaquecetuba","73","1201769","14306.7738"
"8b8cfc8305aa441e4239358c9f6f2485","PR","londrina","15","1189200","79280.0000"
"701938c450705b8ae65fc923b70f35c7","SP","s jose do rio preto","74","1187929","10702.0631"
"7901646fdd36a55f564ffaf2dbccaaf7","RJ","rio de janeiro","22","1185708","43915.1111"
"09f952a5f58d2285b0372551ae8f9b01","SP","sao bernardo do campo","50","1182150","21109.8214"
"48436dade18ac8b2bce089ec2a041202","SP","volta redonda","134","1182111","8041.5714"
"adbc26658d6c7b4b6219f9d934598091","PR","curitiba","88","1180640","12833.0435"
"72c5da29406b4234927b81855e7b64f6","SP","guarulhos","31","1179869","38060.2903"
"128639473a139ac0f3e5f5ade55873a5","PR","maringa","527","1179585","2129.2148"
"ce7d1888639e6fb06b2749cbfdac1ff7","MG","baependi","78","1179389","14040.3452"
"e8b3a3a38279a82f0e5d006d5e5b7d2c","PR","jussara","80","1176240","13838.1176"
"bba3293d6f5d5af2f415e004e8b93ae3","SP","sao paulo","17","1170210","68835.8824"
"e26901d5ab434ce92fd9b5c256820a4e","SP","maua","197","1160150","5396.0465"
"25e6ffe976bd75618accfe16cefcbd0d","SP","sao paulo","106","1155262","10045.7565"
"c4d51195486dc781531876a7d00453d8","SP","presidente prudente","17","1146898","67464.5882"
"d1b65fc7debc3361ea86b5f14c68d2e2","SP","mogi guacu","39","1141317","28532.9250"
"b4f8921fcc4ff77b66bea6dda43dcd51","RS","caxias do sul","18","1139505","56975.2500"
"0be8ff43f22e456b4e0371b2245e4d01","SP","sao paulo","156","1133600","6477.7143"
"c60b801f2d52c7f7f91de00870882a75","SP","guarulhos","39","1129650","28965.3846"
"5d378b73ab7dd6f0418d743e5dcb0bd1","SP","sao paulo","6","1125400","187566.6667"
"1d8dbc4f32378d715c717c1c1fc57bae","PR","arapongas","91","1120599","11552.5670"
"6cd68b3ed6d59aaa9fece558ad360c0a","MG","belo horizonte","149","1118857","7126.4777"
"cab85505710c7cb9b720bceb52b01cee","SP","sao paulo","201","1112460","5453.2353"
"80e6699fe29150b372a0c8a1ebf7dcc8","PR","pinhais","96","1111966","11346.5918"
"ccb83a794700270fde70898fe9ff368b","SC","sombrio","12","1106200","92183.3333"
"5a8e7d5003a1f221f9e1d6e411de7c23","SP","campinas","137","1104210","6168.7709"
"8d956fec2e4337affcb520f56fd8cbfd","SP","sao bernardo do campo","210","1098820","4840.6167"
"95e03ca3d4146e4011985981aeb959b9","RJ","rio de janeiro","172","1086516","5718.5053"
"7ea5bfa6c340f58f8e71fc1f0412b0d6","MG","belo horizonte","96","1083841","10625.8922"
"813348c996469b40f2e028d5429d3495","SP","jundiai","172","1081353","5545.4000"
"82e0a475a88cc9595229d8029273f045","SP","sao paulo","41","1074802","13605.0886"
"23d7c96d4a1160db1c726b248601b25a","SP","capivari","50","1065824","20496.6154"
"c9c7905cffc4ef9ff9f113554423e671","SP","itapecerica da serra","127","1065718","7667.0360"
"dd2bdf855a9172734fbc3744021ae9b9","MG","belo horizonte","105","1060700","9642.7273"
"0ea22c1cfbdc755f86b9b54b39c16043","MG","sete lagoas","234","1059210","3997.0189"
"c864036feaab8c1659f65ea4faebe1da","PR","campo largo","58","1045420","18024.4828"
"6973a06f484aacf400ece213dbf3d946","SP","sao jose dos campos","89","1041872","9646.9630"
"54965bbe3e4f07ae045b90b0b8541f52","PR","foz do iguacu","73","1035170","12779.8765"
"ea566164622c6b439516ab18062c42cd","SP","sao  paulo","50","1030942","19825.8077"
"33a6f4b1e7cdc205511e76ba1b6e0186","SP","guarulhos","105","1029501","8170.6429"
"f262cbc1c910c83959f849465454ddd3","SP","sao paulo","189","1019986","4999.9314"
"1c5e4e49b9079480255b49d50aac1aa9","SP","santos","12","1017311","84775.9167"
"b499c00f28f4b7069ff6550af8c1348a","SP","limeira","147","1016218","5583.6154"
"c510bc1718f0f2961eaa42a23330681a","SP","indaiatuba","12","1014100","84508.3333"
"9d5a9018aee56acb367ba9c3f05d1d6a","GO","aparecida de goiania","66","1011998","12974.3333"
"7b1222c3624aa89b9558b50a2594188c","SP","sao jose do rio preto","22","1010352","45925.0909"
"5882820ef11c4c068eea0677a7a879b4","RS","caxias do sul","14","992550","70896.4286"
"0df3984f9dfb3d49ac6366acbd3bbb85","MG","betim","86","989149","11240.3295"
"9d4db00d65d7760644ac0c14edb5fd86","SP","sorocaba","97","984571","9945.1616"
"06532f10282704ef4c69168b914b77be","PR","paincandu","7","982795","122849.3750"
"5343d0649eca2a983820bfe93fc4d17e","SP","santo andre","70","981902","8926.3818"
"f3b80352b986ab4d1057a4b724be19d0","DF","brasilia","86","981510","10785.8242"
"5058e8c1e82653974541e83690655b4a","SP","itaquaquecetuba","62","981283","12743.9351"
"bd23da7354813347129d751591d1a6e2","SP","sao paulo","86","970460","11154.7126"
"17ca9b9e9b9ef8fdb529001b49ebb50f","MG","betim","115","964986","7538.9531"
"e96498ed8daaa3e9c23f7a62da76591c","SP","sao paulo","34","961909","28291.4412"
"e7df4cd29ab5abab70fb0783ddb53987","SP","sao paulo","23","960870","40036.2500"
"cf8ab1616079e2793aa29d524df01bb1","SP","sao paulo","6","959400","159900.0000"
"b2ac621f0d0322434d04a12b078b9369","PR","curitiba","30","957550","31918.3333"
"ef506c96320abeedfb894c34db06f478","SP","sao paulo","316","955650","2878.4639"
"1c129092bf23f28a5930387c980c0dfc","SP","sao paulo","200","952862","4350.9680"
"4830e40640734fc1c52cd21127c341d4","SP","sao paulo","204","949050","4476.6509"
"3db66a856d18a9cba7c9241fc5221c50","MG","ponte nova","94","947830","9771.4433"
"ce27a3cc3c8cc1ea79d11e561e9bebb6","SP","sao paulo","122","946545","6268.5099"
"01cf7e3d21494c41fb86034f2e714fa1","PR","francisco beltrao","59","943956","14522.4000"
"a00824eb9093d40e589b940ec45c4eb0","SP","bofete","3","939997","313332.3333"
"3c487ae8f8d7542beff5788e2e0aea83","DF","gama","30","938570","28441.5152"
"31344c16881c08a8a72c6d2eb29918c1","MG","uba","42","936580","22299.5238"
"05feb94f19d094d4b0f9281f0b1d4c99","SP","mogi das cruzes","6","935300","155883.3333"
"aaed1309374718fdd995ee4c58c9dfcd","SC","timbo","104","934545","8419.3243"
"270297ead4c65a6cd2593960d2af6b21","SP","sao paulo","17","934440","49181.0526"
"81a1104df0f08b59c68aa5b03cfe398e","PR","sao jose dos pinhais","72","932098","12945.8056"
"7b07b3c7487f0ea825fc6df75abd658b","SP","sao paulo","91","925947","9645.2813"
"ca3bd7cd9f149df75950150d010fe4a2","SP","sao paulo","68","925347","6854.4222"
"aafe36600ce604f205b86b5084d3d767","SC","sao jose","129","925140","7062.1374"
"d71d863e5ef30d94e440c11be17dcd8f","SP","osasco","23","924690","30823.0000"
"7040e82f899a04d1b434b795a43b4617","SP","sao paulo","208","921370","4131.7040"
"cb8bcce248bb1fb274ba762d8b971456","MG","santa rita do sapucai","66","915240","13660.2985"
"dd7ddc04e1b6c2c614352b383efe2d36","SP","sao paulo","121","914861","6442.6831"
"6c12e40690c335dbc2f68a4134d30dc1","PR","castro","16","913920","50773.3333"
"0db783cfcd3b73998abc6e10e59a102f","SP","santos","132","907740","6625.8394"
"06df0c10d34e459d9672bc77388742eb","PR","maringa","26","907000","30233.3333"
"048c2757535328e0d7dac690ad3c0aae","SP","franca","50","906508","18130.1600"
"5b8154610ebb21fb90eb587365e673df","SP","sao jose dos campos","37","904805","22620.1250"
"624f4ece8da4aafb77699233d480f8ef","SP","sao paulo","52","904600","16751.8519"
"4e7c18b98d84e05cbae3ff0ff03846c2","SP","jaboticabal","81","903890","10271.4773"
"8b28d096634035667e8263d57ba3368c","SP","sao jose dos campos","139","902530","5977.0199"
"403aa86912527d730337ffcb0fb096ab","MG","belo horizonte","11","895989","81453.5455"
"066a6914e1ebf3ea95a216c73a986b91","PR","foz do iguacu","66","895638","12439.4167"
"f27e33c6d29b5138fa9967bcd445b6d5","SP","sao paulo","93","888830","9069.6939"
"32b8764b4ef628b53608fc34011fcc13","SC","lages","36","888400","23378.9474"
"5f2684dab12e59f83bef73ae57724e45","SP","sao paulo","67","887097","12152.0137"
"d03698c2efd04a549382afa6623e27fb","BA","ilheus","18","886547","42216.5238"
"f80edd2c5aaa505cc4b0a3b219abf4b8","SP","sao paulo","116","885550","7084.4000"
"8e8a7ce9f2f970dc00e2acf6f6e199f6","RJ","sao goncalo","63","882100","13782.8125"
"af4a0e4cfe1d9c26b6712b1be25a72e5","MG","mateus leme","21","875798","33684.5385"
"9b013e03b2ab786505a1d3b5c0756754","SP","vicente de carvalho","170","871455","3961.1591"
"6d803cb79cc31c41c4c789a75933b3c7","SP","sao joaquim da barra","58","871140","13199.0909"
"1da3aeb70d7989d1e6d9b0e887f97c23","SP","sao paulo","261","869156","2682.5802"
"b1a81260566c1bac3114a6d124413f27","RS","carazinho","51","868469","16082.7593"
"562fc2f2c2863ab7e79a9e4388a58a14","SP","campinas","255","865925","3267.6415"
"a49928bcdf77c55c6d6e05e09a9b4ca5","SP","sao paulo","96","864690","8314.3269"
"17306570e772e7718c92a562d33f5f1d","SP","bariri","27","864000","28800.0000"
"fffd5413c0700ac820c7069d66d98c89","SP","amparo","57","853500","14715.5172"
"6c7d50c24b3ccd2fd83b44d8bb34e073","SP","presidente prudente","112","844596","6703.1429"
"259f7b5e6e482c230e5bfaa670b6bb8f","SP","poa","136","839314","5180.9506"
"054694fa03fe82cec4b7551487331d74","SP","itajobi","20","828610","39457.6190"
"db2956745b3a8e9f3785c99f34b5d25e","SP","sao sebastiao","45","826100","17958.6957"
"b92e3c8f9738272ff7c59e111e108d7c","MG","uba","62","823109","11758.7000"
"cbd996ad3c1b7dc71fd0e5f5df9087e2","SP","sao jose do rio preto","160","821750","4347.8836"
"397c4d0c005b6f41f90098ac724e28cb","SP","santo andre","5","817700","163540.0000"
"4371b634e0efc0e22b09b52907d9d469","SP","sao paulo","101","816800","7358.5586"
"67883baaae6134ee81b271a542613728","SP","sao paulo","19","816790","42988.9474"
"86bb7c4b535e49a541baf3266b1c95b1","SP","franca","16","816240","51015.0000"
"fdb9095204a334cd8872252ffec6f2db","SP","sao paulo","46","815600","13370.4918"
"52d76513f0c4d97f3b99570e2c94ee31","RS","novo hamburgo","19","815310","29118.2143"
"33a17d60c64393351ebf1ef860f4e0f2","RS","porto alegre","43","815248","17345.7021"
"93dc87703c046b603023e75222018b45","MG","belo horizonte","33","814935","23968.6765"
"784ba75dd9d20200c4caed3d7a77141a","SP","sao paulo","19","814233","37010.5909"
"4bfc7a4a1cf8d4d2121c27422d9e50b5","SP","sao paulo","26","812440","20311.0000"
"8fb791022c1fc8909664f48ab7dc636d","SP","sao paulo","5","811995","162399.0000"
"7d456afc660226829370f3173d14520c","SP","mogi das cruzes","55","811825","9121.6292"
"6c177e38df6d3f34182b1f1d427231bf","PR","curitiba","53","811289","15023.8704"
"6bd69102ab48df500790a8cecfc285c2","SP","sao paulo","5","807000","161400.0000"
"fcb5ace8bcc92f75707dc0f01a27d269","SP","guarulhos","59","800935","11441.9286"
"b1fc4f64df5a0e8b6913ab38803c57a9","RJ","sao goncalo","107","799474","6607.2231"
"903037660cf848a717166eb7a06d616e","SP","sao paulo","44","793518","13449.4576"
"5656537e588803a555b8eb41f07a944b","DF","brasilia","171","793126","4287.1676"
"3078096983cf766a32a06257648502d1","SP","scao jose do rio pardo","56","791084","12968.5902"
"972d0f9cf61b499a4812cf0bfa3ad3c4","SC","brusque","81","791042","9198.1628"
"750303a20e9c56b2a6bc45cdce0b897d","GO","goiania","53","787600","14064.2857"
"bbf9ad41dca6603e614efcdad7aab8c4","CE","fortaleza","14","784600","56042.8571"
"725c32fa80c2faacc4fc88450d27314e","SP","sao paulo","89","783888","8428.9032"
"8476243f92442881ddd5b578975cf115","RS","campo bom","12","783800","65316.6667"
"2dee2ce60de9709b1a24083217181a1f","MT","sinop","54","778450","14153.6364"
"b18dc380845b24038cfc48006478f099","SP","diadema","43","775396","16154.0833"
"7bac63f6603d382cc8d0832eb6c100a8","SP","sao paulo","19","775195","40799.7368"
"5b925e1d006e9476d738aa200751b73b","SP","sao paulo","63","774850","12299.2063"
"6fd52c528dcb38be2eea044946b811f8","SP","sao paulo","67","774302","9217.8810"
"257e61d3251fb5efb9daadddbc2cf7ca","PR","apucarana","12","772900","64408.3333"
"ebd2d60905fb58271facef5596b620d3","SP","lencois paulista","82","771302","9074.1412"
"3bb548e3cb7f70f28e3f11ee9dce0e59","PR","maringa","46","769002","14509.4717"
"2089a6d640999f9b9141ac719b2af596","SP","sao carlos","41","767602","18722.0000"
"08633c14ef2db992c11f840f04fad4cd","SP","ribeirao pires","74","764430","7880.7216"
"73a63f72308aa20a46f4b1632018f196","PR","curitiba","27","764080","21830.8571"
"4e17c65a516f69d023a2ae78b84f28d6","SP","suzano","61","763926","10323.3243"
"52f976b17ea7f2f087f56dcc419328f6","PR","california","6","763000","127166.6667"
"9596c870880d900012f2e8e6e30d06d7","MG","varginha","21","762535","33153.6957"
"0432ead42b6c8a0bdf68154add917fdf","SP","maua","82","757440","8706.2069"
"42bde9fef835393bb8a8849cb6b7f245","DF","brasilia","34","757400","19420.5128"
"8a432f4e5b471f8da497d7dc517666e2","SP","presidente prudente","95","755500","7127.3585"
"e5a3438891c0bfdb9394643f95273d8e","SP","limeira","216","754996","3056.6640"
"058fd0aa2bfdb2274e05e1ae971dabb6","SP","santo andre","60","754990","11983.9683"
"7008613ea464bad5cb9b83456e1e6a8f","SC","canoinhas","123","753870","4959.6711"
"640e21a7d01df7614a3b4923e990d40c","SP","ibitinga","115","752889","5535.9485"
"c26a2be5b53b7db6b276280da212a779","RJ","nova friburgo","13","748200","41566.6667"
"062ce95fa2ad4dfaedfc79260130565f","RS","lajeado","54","747910","12676.4407"
"bd0389da23d89b726abf911cccc54596","DF","brasilia","87","747216","8302.4000"
"a420f60ff1aa9acc80d0e42959f2b313","SP","sao paulo","67","744330","10787.3913"
"7a241947449cc45dbfda4f9d0798d9d0","MG","jacutinga","56","743466","11264.6364"
"0bae85eb84b9fb3bd773911e89288d54","SP","itajai","136","743356","5126.5931"
"18a349e75d307f4b4cc646a691ed4216","SP","sao paulo","109","742521","5800.9453"
"512d298ac2a96d1931b6bd30aa21f61d","RJ","rio de janeiro","11","740194","61682.8333"
"e0a366315b1b726b6c7832d664c0f530","SP","sao paulo","43","740009","14509.9804"
"f25e239052084705e17a982bc600ab2a","SP","sao paulo","8","738000","92250.0000"
"d51e0a403fe2e689ece6c73359d96e12","SP","pompeia","18","738000","29520.0000"
"b410bdd36d5db7a65dcd42b7ead933b8","GO","goiania","42","736890","17545.0000"
"381c83fdca332ea6afd896da20bf6e4a","PR","curitiba","46","735580","15990.8696"
"a2e874074c877c5a05abae80ad6e488f","SP","sao jose do rio preto","40","735500","17511.9048"
"961dff0a659b4561334372337dd897d9","RJ","rio de janeiro","3","729700","243233.3333"
"b347677812ea483b0f528eaf8cbc09b7","PR","curitiba","21","728899","34709.4762"
"4aba391bc3b88717ce08eb11e44937b2","BA","arraial d'ajuda (porto seguro)","27","728688","26024.5714"
"aced59e9b31ef866a94f9e7f29d8d418","SP","sao paulo","61","726850","10848.5075"
"e333046ce6517bd8bb510291d44f0130","SP","ipaussu","68","726800","9821.6216"
"0873d9f8f36123f8d910f4760e788cfb","SP","barueri","6","726559","121093.1667"
"8648b1e89e9b349e32d3741b30ec737e","SP","jacarei","93","722875","7228.7500"
"6a51fc556dab5f766ced6fbc860bc613","SP","marilia","24","721787","23283.4516"
"cee48807215b30a12ca2ca10ffb5f250","SP","guaruja","39","721223","18030.5750"
"d624126b9206f595fb3fbb6ba03b28a8","PR","curitiba","23","719880","25710.0000"
"ade45994b717ccee333492330fbf037b","PR","umuarama","10","719600","71960.0000"
"dbb9b48c841a0e39e21f98e1a6b2ec3e","SP","sao paulo","108","718685","6090.5508"
"cc63f0dd2acba93ffed4fe9f8e0321fa","SP","sao jose do rio preto","55","709671","11264.6190"
"febab0275244b9a49a623f0bd613ca2f","SP","pedreira","106","709482","5630.8095"
"54065e9aef7e9e9c2dc23b7594db021a","RJ","rio de janeiro","12","707900","58991.6667"
"87e24fc7052259b1f7f607d61c10d8be","SP","sao paulo","7","707359","101051.2857"
"d13e50eaa47b4cbe9eb81465865d8cfc","SP","santo andre","66","707305","10401.5441"
"014c0679dd340a0e338872e7ec85666a","MG","timoteo","14","705800","47053.3333"
"7722b1df1b0e383e000397b2c11e3e19","SP","sao bernardo do campo","133","704660","4893.4722"
"f1fd5ab1181f827ffad998c1a5de7d74","PR","curitiba","15","704599","46973.2667"
"dd55f1bb788714a40e7954c3be6df745","SP","sao paulo","35","704176","19031.7838"
"679769a98cfcc6da877c8486ff1c13f3","MG","ipatinga","21","702900","33471.4286"
"6fa9202c10491e472dffd59a3e82b2a3","SP","sorocaba","3","701424","233808.0000"
"b8630e1121437d41cb08e3c749c2c2e2","RJ","duque de caxias","12","698800","58233.3333"
"d98eec89afa3380e14463da2aabaea72","RS","porto alegre","168","696853","3807.9399"
"30829ded4523ab9224b93bc49a62c95f","RS","parai","18","691171","22295.8387"
"d9bd94811c3338dceb4181f3dbc0c73e","SP","sao paulo","54","691102","11329.5410"
"36a968b544695394e4e9d7572688598f","SP","santos","148","686447","4400.3013"
"b3b17aab11f273023a5f22ca52e1eb70","PR","londrina","7","685000","52692.3077"
"58f1a6197ed863543e0136bdedb3fce2","MG","conselheiro lafaiete","44","683300","15184.4444"
"5b67882648febfb6e1225e6ad7164f6b","PR","umuarama","27","681348","22711.6000"
"33dd941c27854f7625b968cc6195a552","ES","vila velha","5","678750","135750.0000"
"40d54b51e962dbe09cabbcfd33298dee","SP","santo andre","30","678556","21888.9032"
"ff1fb4c404b2efe68b03350a8dc24122","SP","mogi das cruzes","46","677100","13818.3673"
"54219883e72aad869adfb2a54b7bfa0f","SP","sorocaba","5","675000","135000.0000"
"e3b4998c7a498169dc7bce44e6bb6277","SP","sao paulo","1","673500","673500.0000"
"3340ef1913fb70d28420f6ceb685c339","PR","maringa","32","673115","16026.5476"
"455c5640e8c5bd1b2ee85c0158f85727","SC","luiz alves","8","672950","84118.7500"
"80ceebb4ee9b31afb6c6a916a574a1e2","PR","londrina","1","672900","672900.0000"
"abe021b01ba992245271b9aa422032df","PR","curitiba","2","672000","336000.0000"
"31ae0774c17fabd06ff707cc5bde005f","SP","americana","11","671985","61089.5455"
"ececbfcff9804a2d6b40f589df8eef2b","SP","franca","97","671415","6518.5922"
"fa1a9dec3a9940c072684a46728bf1fc","SC","icara","55","667400","11123.3333"
"1127b7f2594683f2510f1c2c834a486b","SP","campinas","110","666970","5210.7031"
"33c51922b6e3c16b24a8f28e5833c99d","PR","londrina","18","665787","33289.3500"
"b4ffb71f0cb1b1c3d63fad021ecf93e1","SP","sao paulo","143","663569","4046.1524"
"5670f4db5b62c43d542e1b2d56b0cf7c","SP","sao paulo","22","663009","30136.7727"
"63b464dbf392c7b80d12d932fa7cafed","SP","sao paulo","36","662200","17426.3158"
"609e1a9a6c2539919b8205cf7c4e6ff0","SC","brusque","87","659523","5073.2538"
"83e197e95a1bbabc8c75e883ed016c47","RJ","mage","46","657419","12174.4259"
"aac29b1b99776be73c3049939652091d","MG","uberlandia","94","656366","5010.4275"
"5d0363b33554b373851fc1622e4d5f3c","SP","atibaia","93","654879","6966.7979"
"11305281b50fff20ae8bb473f8e11876","MG","uba","35","652870","16321.7500"
"751bdc4d83a466c7206cd42e8f426b03","SP","ribeirao pires","51","652096","9589.6471"
"ee27a8f15b1dded4d213a468ba4eb391","GO","goiania","1","649900","649900.0000"
"e5e33c0d8e7e002f398f5dc4cbbb338f","SP","bauru","26","649490","24055.1852"
"282f23a9769b2690c5dda22e316f9941","MG","belo horizonte","98","646428","5930.5321"
"516e7738bd8f735ac19a010ee5450d8d","RJ","rio de janeiro","74","646319","7881.9390"
"4c03b9dd4c11ee2cb35c96c49efc9420","SP","campo limpo paulista","48","645860","13455.4167"
"92eb0f42c21942b6552362b9b114707d","SP","sao paulo","334","641641","1792.2933"
"7dc8c42cc750eeafea6c85712ffee9bf","SP","sao paulo","41","640968","12819.3600"
"376a891762bbdecbc02b4b6adec3fdda","GO","goiania","57","640623","11045.2241"
"34056b8b55c1775a22af2331670a799c","SP","penapolis","77","639870","8310.0000"
"dbdd0ec73a4817971d962698f2fea022","CE","fortaleza","16","638400","39900.0000"
"4b5f66b7adcf57f1ecc0d3c07dd6b177","PR","vendas@creditparts.com.br","23","638178","16794.1579"
"02f623a8eb246f3c5f7c2f96462654e6","SP","botucatu","44","637800","14495.4545"
"ff4ea69c2a729e83e63c7579e4ef8170","SP","guarulhos","8","636800","79600.0000"
"57e632711dec9ec14ca7546769483e7e","SC","navegantes","62","635006","9769.3231"
"1da366cade6d8276e7d8beea7af5d4bf","MG","uba","42","634859","13226.2292"
"989becdce12ebc39863c2bceab6f3ca1","PR","curitiba","15","630290","42019.3333"
"bd4889b5e9133b35b66e42a8665cea5c","SP","sao paulo","36","627190","14933.0952"
"6b243f80ed07b10f0e8aa0f21a205f3c","PR","curitiba","79","626010","7033.8202"
"ea67327e24487bdfac5fbfa37ea124df","SP","ibitinga","32","625018","18382.8824"
"670c26e0f1bf8d0576271d5cfaec6d2b","PR","maringa","77","625010","7267.5581"
"2528744c5ef5d955adc318720a94d2e7","SP","jundiai","5","624500","124900.0000"
"eb3071b9f0b0ddaa2df5ea130f09f26b","SP","sao paulo","9","623000","56636.3636"
"dee656f0f566ed1aa85bd137c943f08f","SP","cruzeiro","92","621208","6608.5957"
"dfc5fb7259bb2b599ca565e6e9448f0f","SP","sao bernardo do campo","33","612463","18013.6176"
"8a32e327fe2c1b3511609d81aaf9f042","SP","sao paulo","126","610112","3610.1302"
"f12ff17ad8bbf01ec5c33b17e506649b","SP","sao paulo","28","610100","21789.2857"
"d6b664fa0667064c6d76394e7848d790","SP","araraquara","6","608000","101333.3333"
"bacb1f0ed56ad24198f5810d2b3fe9a5","SP","jacarei","38","607805","15994.8684"
"6f892e20a171e98efe17fdb971ff319b","SP","sao paulo","41","604900","12098.0000"
"ad781527c93d00d89a11eecd9dcad7c1","SP","sao jose do rio preto","38","603963","15893.7632"
"2c9e548be18521d1c43cde1c582c6de8","SP","mogi das cruzes","124","601356","3516.7018"
"ba143b05f0110f0dc71ad71b4466ce92","SP","sao paulo","83","599870","7141.3095"
"9baf5cb77970f539089d09a38bcec5c3","SP","indaiatuba","31","598968","18717.7500"
"f4c4daa86e30c7e5a553a8d518ac03a5","PR","cascavel","18","598431","33246.1667"
"bba74270a87732727b5a3b4fd9ac1c39","MG","betim","35","596460","14911.5000"
"37515688008a7a40ac93e3b2e4ab203f","SP","dracena","227","595410","2491.2552"
"26d8a1c7c75d513045798992ead43aa2","PR","apucarana","34","593713","16492.0278"
"8e6cc767478edae941d9bd9eb778d77a","MG","araguari","100","592935","5490.1389"
"6a8b085f816a1f75f92dbac6eb545f8f","SP","bebedouro","125","588417","4424.1880"
"0691148aee60ca47977c187804f935ae","PR","londrina","47","586851","11072.6604"
"f84a00e60c73a49e7e851c9bdca3a5bb","RJ","rio de janeiro","88","584924","6030.1443"
"688756f717c462a206ad854c5027a64a","SP","guarulhos","81","583767","5896.6364"
"2fdde51ad3e12f297da656d4fbd5d0b5","SC","joinville","9","580300","64477.7778"
"02d35243ea2e497335cd0f076b45675d","RN","natal","14","579400","36212.5000"
"0bf0150d5b9d60d9cd2906003332f085","SP","sao paulo","39","577460","9313.8710"
"05d2173d43ea568aa0540eba70d2ca76","MG","alfenas","62","575966","8726.7576"
"f46490624488d3ff7ce78613913a7711","SP","guarulhos","80","569095","6541.3218"
"a63bfbaa882c8f4542891b4e2246cc7f","RJ","niteroi","6","568200","94700.0000"
"91f848e9f4be368f4318775aac733370","SP","sao paulo","60","566861","8098.0143"
"52ac6f920b7280e4c6d30dd94de6259b","PR","pinhais","6","565730","80818.5714"
"9616352088dcf83a7c06637f4ebf1c80","PR","umuarama","91","564310","5817.6289"
"8c16d1f32a54d92897cc437244442e1b","SC","blumenau","108","564260","4781.8644"
"e8b4225284fbb02d16f200513f1f395d","SP","novo horizonte","30","563862","18795.4000"
"080102cd0a76b09e0dcf55fcacc60e05","MG","belo horizonte","122","561265","4384.8828"
"d63c73efd41eb002280e7ec831424edb","SP","piracicaba","2","559800","279900.0000"
"b14db04aa7881970e83ffa9426897925","SP","sorocaba","78","559590","5329.4286"
"f181738b150df1f37cb0bd72e705b193","SP","carapicuiba","36","552970","14945.1351"
"04aa0a1c5ce6b222003403a3e11c3cc0","SP","cosmopolis","11","551800","32458.8235"
"cc3d14116804f7209f3884f6367f1152","PR","curitiba","27","547780","18259.3333"
"94e93ce877be27a515118dbfd2c2be41","SP","votuporanga","29","543658","15989.9412"
"575df70bde3f9f2b30bf8d2e9910d725","SP","sao jose do rio preto","27","541005","15911.9118"
"3f0e48d209018b466fcd3bb4ccfeb520","PR","curitiba","9","539900","53990.0000"
"c4af86330efa7a2620772227d2d670c9","SP","mogi das cruzes","4","539600","134900.0000"
"e2aee0892199b1d92530e371abd825bf","PR","rolandia","36","539277","13827.6154"
"3ade81dab5a172b88e1871c28ae05260","SP","sao jose do rio preto","28","538360","17945.3333"
"23c38debaffe4a25a30fdbd9b586a13f","SP","votorantim","41","538218","11700.3913"
"83deb69e889cf80f82be1dc6d5f2d486","SC","florianopolis","40","536301","12769.0714"
"2a261b5b644fa05f4f2700eb93544f2c","SP","porto ferreira","51","535500","6530.4878"
"817245bcc3badd82bbd222e0366951a6","SP","bauru","28","534560","12149.0909"
"e62b2d6ac10570a035a30bafcf01d263","SP","sao paulo","62","534039","7521.6761"
"916c9de0b5ad957346eeeb12f332687e","PR","curitiba","22","533650","19764.8148"
"a4b6b9b992b46e9ef863637af96e04bc","SC","florianopolis","6","529300","66162.5000"
"b6d44737c043328708f6749c2dbe50bd","SP","santo andre","61","528460","6689.3671"
"e06f09ec0a4aca210779cf1cfc63cf19","SP","sao paulo","29","527949","17030.6129"
"02ecc2a19303f05e59ce133fd923fff7","SP","santo andre","21","526419","21934.1250"
"e9c6969d40e6a3d2d0f90013165c2b98","SP","sao paulo","10","523998","52399.8000"
"5bffbafbb22daf6d3bfc216a46db8708","RJ","nilopolis","21","523970","22781.3043"
"4d0041cdbe51b4617d95c70b19decc74","MG","juiz de fora","8","523520","65440.0000"
"3be634553519fb6536a03e1358e9fdc7","SP","sao paulo","80","523102","5506.3368"
"f67efa3f0b6761102a7f8c6b7b571f5d","PR","curitiba","31","518868","16214.6250"
"f680f85bee2d253556ac91be391d2c82","SP","carapicuiba","45","518392","9599.8519"
"5b179e9e8cc7ab6fd113a46ca584da81","SP","sao paulo","34","517350","14370.8333"
"822bad9bc42b51213ba522fe87b7ab5d","SC","balneario camboriu","18","516000","28666.6667"
"709e16e2b25c7474d980076c6bfc4806","SP","birigui","60","515190","6439.8750"
"d566c37fa119d5e66c4e9052e83ee4ea","SP","sao paulo","65","514570","7048.9041"
"fad44952713764836814be105382aee5","RJ","rio de janeiro","32","512900","16028.1250"
"4917cee8d902e13428c3ec4b1ca6f315","SC","blumenau","31","510390","16464.1935"
"45ba18c210d42734ec52c0c1c574e9ee","SP","sao roque","35","509944","13419.5789"
"b39d7fe263ef469605dbb32608aee0af","SP","ibitinga","43","506320","10548.3333"
"67bf6941ba2f1fa1d02c375766bc3e53","PR","curitiba","15","506200","25310.0000"
"0cbcee27c791afa0cdcb08587a2013a8","MG","tres coracoes","37","505415","12959.3590"
"e067ad2c1c0b48758eb1b5228bcf7a68","SP","santos","54","504255","8266.4754"
"afe0067131b73e40875c9b6c10bd2e21","MG","lagoa da prata","45","504050","11201.1111"
"3df020b72d3d44b3af9d110fa3940b65","SP","jales","55","503990","4990.0000"
"e0878efa0e0b7e5313ac0b43bc04c081","PR","curitiba","26","502540","17947.8571"
"099095b050cfe8eb1ddff5317587e96e","SP","sao paulo","16","500384","26336.0000"
"4bf2f4ee540798a61f9636d12cd9cc80","SP","assis","29","499556","16651.8667"
"f84fa566034f5e8e880a07ec624c56af","SP","indaiatuba","89","499391","4993.9100"
"835f0f7810c76831d6c7d24c7a646d4d","SP","sao paulo","42","499020","10396.2500"
"45213867cefbf2cd4c6177e10216a951","SP","araras","14","495542","35395.8571"
"9674754b5a0cb32b638cec001178f799","SP","sao paulo","84","494173","5201.8211"
"dbd66278cbfe1aa1000f90a217ca4695","SP","sao paulo","85","492890","4978.6869"
"e9d99831abad74458942f21e16f33f92","SP","sao paulo","130","492248","3303.6779"
"3ab971ce71839580d2ae5b4e40fe8044","SP","sao paulo","35","491700","13289.1892"
"9df5750209b83567ec144eb299d7d634","RS","sao leopoldo","11","491700","44700.0000"
"503c1de08ae81a2d86f17951b204db55","SP","sao paulo","22","490699","22304.5000"
"1bb2bdb95f4841f1bba2c0d2cd83d3c9","SP","sao paulo","79","490576","5910.5542"
"f789d2c4f2c2eb38fc4373e7a4b35264","MG","juiz de fora","44","486424","9927.0204"
"0d85bbda9889ce1f7e63778d24f346eb","MG","uberlandia","51","484520","8353.7931"
"f7496d659ca9fdaf323c0aae84176632","SP","sao paulo","25","483767","18606.4231"
"1336efc61c316ddf92c899eb817f7cae","SP","assis","74","483731","5690.9529"
"ce69a8021d18961dd2a40269b7c2c293","PR","curitiba","19","481800","25357.8947"
"abcd2cb37d46c2c8fb1bf071c859fc5b","MT","cuiaba","44","481732","9445.7255"
"8f580d36c1e9d6fbce95283403c7d447","SP","ribeirao preto","8","481325","60165.6250"
"c12b92bf1c350f3e6bf88d3596219c86","SP","garca","17","480878","28286.9412"
"f6122bc84774df1b372bdb3bb88ddb9f","SP","barueri","3","479987","159995.6667"
"2a7dc43cecabf23403078e2188437d1d","SP","sao paulo","52","479591","8881.3148"
"fcdd820084f17e9982427971e4e9d47f","SP","ribeirao preto","16","478399","17718.4815"
"cfa5ab0e4d3fc212fd0b3410e7081c62","MG","uba","15","478081","23904.0500"
"c35affa65afd250151285c5917fc1c8a","SP","sao paluo","8","477992","59749.0000"
"dfa0c4c6229ab200a4a1336b4d7128ff","SC","florianopolis","77","477710","5554.7674"
"acce39e832338debb07b02385cde5967","MG","contagem","44","474810","10791.1364"
"30a2f535bb48308f991d0b9ad4a8c4bb","SP","santa barbara d'oeste","71","473130","5438.2759"
"0307f7565ff85b299b6e5ef162b1b1a9","SP","sao jose do rio preto","6","471190","78531.6667"
"ad420dd0c4f92f8af951ac24b86d0cf5","MG","fronteira","42","470529","10228.8913"
"582d4f8675b945722eda7c0cb61ba4c7","SP","bertioga","59","470296","6623.8873"
"968268a686aa05d1f529fb07dff08130","SP","sao paulo","12","467729","38977.4167"
"8931a84a914b3fe9b1ddaa4d704947ca","SP","sao paulo","29","466830","14588.4375"
"b2479f944e1b90cf8a5de1bbfde284d6","SP","ibitinga","101","466653","3617.4651"
"1a932caad4f9d804097d7f8e615baed1","SP","sao paulo","20","466100","15536.6667"
"7e3f87d16fb353f408d467e74fbd8014","SP","sao paulo","91","465309","5003.3226"
"0176f73cc1195f367f7b32db1e5b3aa8","SP","ibitinga","37","464320","12218.9474"
"ef990a83bbea832f36ebe81376335aa8","SC","joinville","43","464259","10551.3409"
"537eb890efff034a88679788b647c564","RJ","rio de janeiro","158","461790","2700.5263"
"a3dd39f583bc80bd8c5901c95878921e","BA","salvador","34","460781","12453.5405"
"9add47bf45ce8e8c7db6b9cf670b1e09","PR","fazenda rio grande","41","460644","10712.6512"
"06579cb253ecd5a3a12a9e6eb6bf8f47","SP","sao paulo - sp","61","458740","6553.4286"
"31da954dc0855f2495c6310f70a2f931","SP","araras","29","458300","15276.6667"
"4c498c7345e89aebad651544829beca0","SP","carapicuiba","47","457027","9723.9787"
"2addf05f476d0637864454e93ba673d5","DF","brasilia","12","455200","37933.3333"
"c68fb906c8f4b4b946d8386bfa6e5467","SP","jaboticabal","45","454116","9460.7500"
"1fe5540d7c1c37a595fefbacd5570d9e","RJ","paraiba do sul","20","453760","18150.4000"
"37dd29b36c458d82f74a953c40c43645","SP","limeira","7","453699","56712.3750"
"13fa2a6c6b9d0f43cb588d7c82117a12","SP","sao paulo","9","452800","45280.0000"
"c840d3fdbba0790404fdae73d253b253","PR","curitiba","9","452228","32302.0000"
"45d33f715e24d15a6ccf5c17b3a23e3c","SP","sorocaba","56","451849","7790.5000"
"180c3376aff0e43dd5788709df48a843","SP","sao paulo","5","451300","45130.0000"
"b561927807645834b59ef0d16ba55a24","SP","sao paulo","85","450199","4738.9368"
"55d3daac7c404d59e51c2aa2f4dc5a23","SP","sao paulo","21","448060","16002.1429"
"b4a476fbd28de64b1e347abf9089366a","SP","itapevi","30","447904","12797.2571"
"e81e1f9c3e762e620f3fb60a51499e16","SC","curitibanos","17","446599","24811.0556"
"8bd0f31cf0a614c658f6763bd02dea69","SP","sao paulo","33","445534","12729.5429"
"b90e891671cffd9557f33a97dc523645","PR","sao jose dos pinhais","34","444900","11407.6923"
"bbad7e518d7af88a0897397ffdca1979","SP","sao paulo","68","442632","5269.4286"
"d379f449f2a3b271bc01c0782020f705","MG","divinopolis","28","442306","15251.9310"
"0ef83d7d83ed97cd2a0049ac8be5f88a","PR","curitiba","48","442101","8038.2000"
"fc906263ca5083d09dce42fe02247800","MG","belo horizonte","112","441790","3775.9829"
"f021c962aaba8ef6eb527a9c2c8394d1","SC","itajai","5","439850","87970.0000"
"beadbee30901a7f61d031b6b686095ad","SP","guarulhos","64","437398","6432.3235"
"15aac934c58d886785ac1b17953ea898","ES","muqui","25","435390","16745.7692"
"eed78ac17f7f795a19a709745f00cd4e","SP","botucatu","22","434950","7766.9643"
"a3f0b55de503387383c7b1de3ad7f678","PR","curitiba","24","434840","16724.6154"
"c500367424994318b9e779ff1ae9a330","SP","paulinia","9","434640","48293.3333"
"2ff97219cb8622eaf3cd89b7d9c09824","SP","salto","87","433910","4616.0638"
"834f8533b2ecb6598dd004ff3de7203a","SP","sao paulo","41","432435","9609.6667"
"9803a40e82e45418ab7fb84091af5231","GO","rio verde","11","427875","23770.8333"
"282c7480173bb9c01dd41cc739fec010","SP","sao paulo","5","427420","53427.5000"
"cc5a78bbad32776dc4e3af205218368c","MG","divinopolis","33","426918","11234.6842"
"1fdc574883ef3b33ad41562d93f3a74a","SP","limeira","18","425100","23616.6667"
"43f8c9950d11ecd03a0304a49e010da6","SP","carapicuiba","41","424959","10364.8537"
"9b1585752613ec342d03bbab9997ec48","RJ","rio de janeiro","3","424898","141632.6667"
"3c03b12bab54d8b37d79d914bfdb1aa0","RJ","sao joao de meriti","37","423634","9851.9535"
"8a130737016f838139d31878787a39c9","SP","sao paulo","56","422203","6809.7258"
"6288c69c4ce638e59925e59193f98b16","SP","santo andre","20","419680","20984.0000"
"23613d49c3ac2bd302259e55c06c050c","SP","porto ferreira","69","419310","5307.7215"
"8bb48dc19fccaa8613b6229bf7f452a2","SP","assis","82","419072","4411.2842"
"b19f3ca2ea475913750f25a5c37c8d8f","MG","divinopolis","19","417416","21969.2632"
"5c030029b5916fed0986310385ec9009","SC","sao jose","7","416440","41644.0000"
"bccf933e006e9b94a6184af782963e77","SP","assis","45","416274","9049.4348"
"f76a3b1349b6df1ee875d1f3fa4340f0","SP","sao paulo","24","416079","17336.6250"
"8b9d6eec4a7eb7d0f9d579ce0b38324d","RJ","mesquita","48","415955","7999.1346"
"cd6efc47efaabf134f8bdb654e10b4f1","RJ","rio de janeiro","31","415855","12995.4688"
"6fc26fe110feebd80a433e1f012a84f9","SP","fernandopolis","35","415087","5765.0972"
"65febd49fd28ec955651299159b1f527","SP","sao paulo","33","413671","10886.0789"
"cac4c8e7b1ca6252d8f20b2fc1a2e4af","SP","indaiatuba","74","412819","5034.3780"
"681fce914360217db47784ae28905a96","PR","araucaria","23","412733","17197.2083"
"d66c305afaec317ebee552073a674429","MG","ribeirao das neves","38","412659","9378.6136"
"98dac6635aee4995d501a3972e047414","SP","sao paulo","89","411575","2166.1842"
"e883aa812c37a7413226856f4579fe91","SP","itapevi","26","409710","14127.9310"
"2a167ca73899c85001a837d8fb4962f6","SP","sao paulo","2","409700","136566.6667"
"42b729f859728f5079499127a9c2ef37","SP","sao paulo","103","409696","3127.4504"
"99002261c568a84cce14d43fcffb43ea","MT","cuiaba","36","408800","11355.5556"
"6b3bd31ad8fcda4b2635ec9f3ff2ecdf","RJ","rio de janeiro","35","406390","9675.9524"
"f35b3c613c4f7b2275f4185d0a3c59ec","SP","sao paulo","9","404725","44969.4444"
"715bbd5ba4e6b74cb0d2f29eb45058b0","SP","serra negra","62","404330","6317.6563"
"382229d1e840115ffe3dbf5ff460e417","RJ","rio de janeiro","45","403706","8410.5417"
"e70053bf73d1b5863932e53a9fa47496","SP","sao paulo","7","402500","57500.0000"
"3c7c4a49ec3c6550809089c6a2ca9370","SP","sao paulo","139","400275","2533.3861"
"55a5b51f93f2b70ea513f5a047b0262a","MG","sao joao del rei","39","400230","9761.7073"
"6ec1a01e866584bb679eb9b098345919","SP","santos","30","399891","12899.7097"
"951e8cef368f09bb3f3d03c00ca4702c","SP","ibitinga","62","399331","5787.4058"
"6b333a05bf188ef3e1f1662a86bd9855","DF","brasilia","12","399091","30699.3077"
"bede56095ba33c42038fb85f707b8a42","SP","valinhos","2","397390","198695.0000"
"50c9975695009e5e6473912e83a6d1da","MG","claudio","50","396440","5830.0000"
"ec8879960bd2221d5c32f8e12f7da711","SP","itatiba","35","395750","11307.1429"
"bf3c6d2a28b2b5501e6c15448982dcc9","SP","sao paulo","35","395650","9201.1628"
"3f995f07c49d0d55a99d5c54957f7d81","SP","itapecerica da serra","43","395570","9199.3023"
"81f89e42267213cb94da7ddc301651da","SP","presidente prudente","46","395500","7605.7692"
"11bfa66332777660bd0640ee84d47006","SP","ribeirao preto","76","392587","3848.8922"
"d20b021d3efdf267a402c402a48ea64b","SP","ibitinga","86","392230","3845.3922"
"fde0cc9ea29c8ccfc0a2c22256a58c71","PR","curitiba","35","392200","11205.7143"
"7f152321c60a266edc53af1925ef96c1","SC","criciuma","20","391980","19599.0000"
"d5ba419e26d246a0719437cf37d9b46d","SP","sao paulo","33","391150","11504.4118"
"d673a59aac7a70d8b01e6902bf090a11","SP","ibitinga","79","390894","4653.5000"
"79ed755314cfe6df0daef2c6cd3022cd","SP","rio claro","23","390750","15630.0000"
"3361277dc30b7cccdb0c286b24219756","PR","maringa","29","390505","9297.7381"
"f00e21b1e91a79653163b7fd8f293ff1","SP","andradas","31","390009","12580.9355"
"14d7985702e72162bbf13b6beb74ab2b","SP","santo andre","37","388700","10228.9474"
"02f5837340d7eb4f653d676c7256523a","PR","curitiba","30","388305","12943.5000"
"8090490573c6c0aa343a7231ebcb8c86","SP","sao paulo - sp","26","387112","14888.9231"
"1b938a7ec6ac5061a66a3766e0e75f90","SP","penapolis","29","385980","12450.9677"
"d12c926d74ceff0a90a21184466ce161","SP","sao paulo","76","385028","3969.3608"
"c9a06ece156bb057372c68718ec8909b","DF","brasilia","11","384900","34990.9091"
"42fa4ee7240e9b8eb4576358ec142ba7","RS","caxias do sul","22","384570","17480.4545"
"8ed8ea9a57c862f2c18c2fe41f601d56","SC","blumenau","19","383190","20167.8947"
"6860153b69cc696d5dcfe1cdaaafcf62","SP","capivari","74","382763","4556.7024"
"232a6014e7b10cba61c6c2b2ea6bb4b0","SP","cafelandia","32","381997","10914.2000"
"4d600e08ecbe08258c79e536c5a42fee","PR","entre rios do oeste","7","381617","54516.7143"
"2e13c71026e1a39ba5cc1b86dcb679aa","SP","sao paulo","24","379300","13546.4286"
"cb41bfbcbda0aea354a834ab222f9a59","SP","sao paulo","11","379200","34472.7273"
"6a0cbc8af2e8abd1bdfb777943d174c6","SP","batatais","34","378815","11141.6176"
"38874e327ce94d11390b96eb42d61928","SP","itaquaquecetuba","6","377994","62999.0000"
"3f3486b61f45078d4f31ee5e43d8c5bb","SP","sao paulo","39","376973","9665.9744"
"2199e7fe213c16213bf5d6a7eadc9a5d","SP","registro","24","376729","12557.6333"
"f0b47fbbc6dee9aafe415a6e33051b3f","SP","maua","67","376692","4431.6706"
"7d76b645482be4a332374e8223836592","SP","sao paulo","172","376574","2057.7814"
"891071be6ba827b591264c90c2ae8a63","SP","sao paulo","85","376335","4181.5000"
"5d9dc90a686a8fddacffab6bab5653a3","SP","santana de parnaiba","12","376194","31349.5000"
"edf96ef93ed595084bbcbd9224bd2894","SP","sao paulo","25","375700","13417.8571"
"2d2c62bef4c8ba0dd74e0e228e808539","SP","ribeirao preto","16","374900","23431.2500"
"1d0997ff06b524ce9289ffd75114ecd3","PE","recife","3","374700","124900.0000"
"3c4e0452bff7a2a788179488d3d77032","PR","colombo","32","374640","10406.6667"
"eb4df17aed01d918c65f0f8d650900c0","SP","paulinia","11","373987","33998.8182"
"13d058e4eeac2ce8217660b2f8a05812","SP","osasco","22","373978","16999.0000"
"77e4abfd739aed9c46480f90f81c0eb4","DF","brasilia","18","373699","20761.0556"
"23a0ffca143a15b9b5bbdb7d552f626a","SP","sao pedro","23","371851","15493.7917"
"822166ed1e47908f7cfb49946d03c726","RJ","tres rios","69","371483","3439.6574"
"ec80e49e69745ab6c14f984bf2149423","SP","limeira","12","370900","30908.3333"
"a44fb5a447105f8469bdf16bf9159f25","RS","porto alegre","19","370610","19505.7895"
"520b493b57809f446cb0a233bb3e25c7","SP","santos","63","369890","5066.9863"
"c0563dd588b775f2e37747ef6ad6c92c","SP","santo andre","28","369720","13204.2857"
"0509040ea3fe50071181bbc359eb7738","MG","belo horizonte","87","368935","3843.0729"
"5f5b43b2bffa8656e4bc6efeb13cc649","SP","sao paulo","27","367720","12680.0000"
"b1fecf4da1fa2689bccffa0121953643","MS","campo grande","19","366964","18348.2000"
"2745f798279e0ed033addcc1474776d7","SP","sao paulo","32","366853","11464.1563"
"c731d18cea9bf687ffee82a241c25b11","SC","concordia","24","366200","14084.6154"
"33ac3e28642ab8bda860a2f693000e78","SP","cotia","34","366103","10460.0857"
"8b2492b7ff4468839593fafeed55bad9","RJ","sao goncalo","29","366008","8133.5111"
"56642bcb79900e777d68e91915cb4267","SP","sao paulo","48","365764","6531.5000"
"7f2617c58d5d06806987308b45654351","SP","sao paulo","22","365680","15899.1304"
"5d3bb11474a06bdc23fb9e89f1164ee0","SP","assis","31","365460","11420.6250"
"f97e2b0650c2068227e1d366140eb62f","SP","santo antonio de posse","16","365400","17400.0000"
"6bb0724edf0b62fb91ac404873a97241","SP","cotia","17","365300","20294.4444"
"38e679b9e0064cd94c6f035707344dae","PR","londrina","27","364415","13014.8214"
"ed4311e67debd72b8610a5347a743087","SP","guarulhos","25","363600","13984.6154"
"1eade46fba20122dc4aefb379f8c636b","SP","sao paulo","58","363537","4847.1600"
"e49c26c3edfa46d227d5121a6b6e4d37","PE","brejao","34","362435","10355.2857"
"271c58a1d139c45eaf3316107c6d3a3b","SP","sao paulo","27","359763","13324.5556"
"3364a91ec4d56c98e44174de954b94f6","RO","porto velho","6","357994","59665.6667"
"8f119a0aee85c0c8fc534629734e94fd","SP","barueri","75","357888","4418.3704"
"99a54764c341d5dc80b4a8fac4eba3fb","SP","sao paulo","44","357876","5422.3636"
"3c010235b7345c92f125d14ee232a76b","PR","mandirituba","15","357800","23853.3333"
"f2336e113377dd21c744d9c4fc8293a9","SP","sao paulo","4","356300","89075.0000"
"602044f2c16190c2c6e45eb35c2e21cb","SP","ibitinga","48","355917","6471.2182"
"218f991754f360af9c2daa5e0b8e990c","SP","sao paulo","14","355432","20907.7647"
"585175ec331ea177fa47199e39a6170a","MG","montes claros","1","354900","354900.0000"
"406822777a0b9eb5c50e442dd4cd3ec5","SP","tatui","44","354809","7713.2391"
"a0415d9b25ede3c4b1e477e9916ffc03","RJ","nova iguacu","9","354420","39380.0000"
"66dc1b1632bd6a3e508510c5b3492107","SP","jau","36","354219","8639.4878"
"f3da5b2ff499efb8d4a6d371d175d7dd","SP","sao paulo","77","354089","4318.1585"
"71039d19d4303bf9054d69e9a9236699","SP","sao paulo","35","353720","9308.4211"
"96804ea39d96eb908e7c3afdb671bb9e","MG","ibia","37","353075","9053.2051"
"6750d71153f00fc58829af2a8ef1bcf1","RJ","rio bonito","6","351400","58566.6667"
"3d8fa2f5b647373c8620330c4e077a9f","SP","sao paulo","42","350174","7450.5106"
"4559697a8f7e637227c2eeaed843baff","SP","presidente prudente","39","348630","8939.2308"
"e7d5b006eb624f13074497221eb37807","SP","santo andre","28","347893","5522.1111"
"8ff38bc3969e67c36c48343a07090f66","SP","sao paulo","2","347200","43400.0000"
"ed46f1eb4a638113deb2a1137b5f22e9","SC","indaial","4","347000","86750.0000"
"822b63912576852aea9a8436d72317b7","SP","mogi guacu","6","346593","49513.2857"
"bce6a5ecf98e99fd2a8868b15c51f04b","SP","guarulhos","14","346490","23099.3333"
"f0837c8d71434931d9e38e7b79234797","RS","arvorezinha","22","344690","14986.5217"
"df560393f3a51e74553ab94004ba5c87","PR","loanda","26","342978","12702.8889"
"276677b5d08786d5dce7c2149dcce48b","MG","belo horizonte","31","342420","7609.3333"
"b17b679f4f5ce2e03ce6968c62648246","SP","ribeirao preto","50","342418","6714.0784"
"4677a5437afda5fa7140b927b07be1cc","PR","japira","11","341570","31051.8182"
"f4db9b37944bcb8873e6b456ee190bbf","SP","itaquaquecetuba","21","340978","15499.0000"
"827f8f69dfa529c561901c4f2e0f332f","PR","curitiba","91","340839","3277.2981"
"cfd7ddab722b902f7ac5b5f3ba6d723d","MG","contagem","12","338503","26038.6923"
"960945e1a9535cbc0cd6ddd35fbe7ae8","SP","sao paulo","28","338173","11661.1379"
"1b8356dabde1d35e17cef975c3f82730","SP","sao paulo","55","336640","5610.6667"
"070d165398b553f3b4b851c216b8a358","SP","sao paulo","31","333317","8771.5000"
"6481e96574816ead57975da2c0f6d80d","SP","sorocaba","32","332490","7732.3256"
"6b90f847357d8981edd79a1eb1bf0acb","SP","guarulhos","45","332208","7068.2553"
"db4350fd57ae30082dec7acbaacc17f9","SP","sao paulo","136","330432","2278.8414"
"994f04b3718c2bab35c2adfa8afecd2a","SP","jaguariuna","47","328980","5981.4545"
"a2b5b6105ea5942300631d2e76f4ffe0","SP","osasco","16","328669","20541.8125"
"54c04bdb5ec46762f8f08c7e8f86ed4a","SC","florianopolis","18","328166","17271.8947"
"5b51032eddd242adc84c38acab88f23d","MG","borda da mata","12","328000","23428.5714"
"52562a9f449c3dc3d53f5f5b9ed74903","RN","parnamirim","14","326660","23332.8571"
"aeb36d67f1414f234d42a29e27cf1f17","SP","santo andre","4","326380","81595.0000"
"594f9aaa48e5bf431f011ddc5669b0d5","MG","contagem","37","324880","8549.4737"
"a938325a4b357fd23a6a4d5bb126408e","RJ","nilopolis","24","323100","12924.0000"
"643214e62b870443ccbe55ab29a4dccf","SP","sao paulo","65","322923","4892.7727"
"c64a2aec32cc408a8a4c6d7c46017f91","RS","imbe","9","322150","35794.4444"
"afa6714acee029b2dfdf357e5579cc03","SP","descalvado","16","322076","18945.6471"
"4c18691b6037662be2df78a765d98ab5","SP","sao paulo","63","319552","4769.4328"
"d57e18d5f73c7ccb7f7339b61166898d","SP","sao paulo","61","318770","5059.8413"
"e48b04bf1aa1ef711caebeb7aede6180","PR","curitiba","25","318710","12748.4000"
"e89c4adbe7b1d0819dbb636e16461cf1","SP","indaiatuba","24","318130","12725.2000"
"870d0118f7a9d85960f29ad89d5d989a","MG","pocos de caldas","45","315720","5175.7377"
"c8b3445d737de6befde0c88ede534a5e","SP","sao paulo","30","314904","8747.3333"
"5bc24d989e71e93c33e50a7782431b0e","MG","campo do meio","17","314800","18517.6471"
"f326006815956455b2859abd58fe7e39","SP","fernandopolis","9","314716","10490.5333"
"3cfa1358a6caa965278721344c8d76f2","SP","sao bernardo do campo","5","314028","62805.6000"
"c394e193cda3b4225ff2094d32184849","SP","sao paulo","2","313489","28499.0000"
"238fac594e170b59c6d228f5a4f4f1d9","SP","dois corregos","29","312600","10420.0000"
"21e83881401b92b49fb09a16d3852291","MG","uberlandia","12","310906","23915.8462"
"5b35136197710e16ac5e7b7c2bd4ea85","RJ","rio de janeiro","7","310420","34491.1111"
"5c6d4016c2a288f074fa0848a2b653d2","SP","sao paulo","31","310000","9117.6471"
"08cdbae123ff67ca4e36d9d641ce0119","MG","uba","4","309899","51649.8333"
"95f83f51203c626648c875dd41874c7f","MG","borda da mata","50","307766","4734.8615"
"f61c63d13f7cd800549d5acdd390ae72","SP","pilar do sul","26","307230","11816.5385"
"aae3bfea055532c57fb453ed3ec80b30","SP","santo andre","48","305792","6115.8400"
"612a743d294c27884fb7b80d2b19ba35","PR","curitiba","2","305770","101923.3333"
"d9e8c084b68fe958861d8f2c21202e6b","SP","sao paulo","9","305000","25416.6667"
"b8555308bfdb4ca1ed54325a58da9a97","SP","sao bernardo do campo","26","304720","10882.8571"
"0ebd97a106433a45a4aebe57c1799778","MG","contagem","31","304680","9521.2500"
"4da0e408c99d2fdc2126dc9fce518060","PR","cornelio procopio","44","302600","5603.7037"
"4c8545742faaf58fafd5fd14d25d75cf","SP","fernandopolis","4","302000","75500.0000"
"55f7a3319d80f7fdf078b8f03e6725fe","SP","osasco","22","301378","13699.0000"
"2d50d6282f8aa2257819a77bfaa0efe0","SP","ibitinga","42","300848","6996.4651"
"3bdff180c7e1f6551a643b99c265a120","SP","sao paulo","56","300820","5186.5517"
"5bc55dbe2f12b6af6d83ed46023e0dc8","MG","coronel fabriciano","17","299210","14248.0952"
"0c7533c71df861ec58ad7ff999ed0e8d","SP","valinhos","61","298930","4094.9315"
"fce62094ffe6a4009188ec44e681dfdd","SP","sao paulo","4","296970","26997.2727"
"9646c3513289980f17226a2fc4720dbd","SP","sao jose dos campos","69","296440","3900.5263"
"d17f467e4bf608a510c20d82f4ba3b6b","RS","caxias do sul","11","296378","26943.4545"
"b1ac6ea7895bc3dd6f0f6f4abbdd2821","RS","canoas","38","296200","7794.7368"
"8cbac7e12637ed9cffa18c7875207478","SC","jaragua do sul","66","295598","3649.3580"
"f4aba7c0bca51484c30ab7bdc34bcdd1","SP","sao paulo","108","295190","2566.8696"
"e908c0f3646e8b60375734a350d95d71","SP","sao paulo","1","295100","295100.0000"
"dd58ee93286b0821565574c570e9e1dc","PR","curitiba","2","294800","147400.0000"
"60562ab00b8054280520d390c8c0045c","SP","sao paulo","17","294300","17311.7647"
"f44b6f775a2b390380e0e30b5c9d3eee","SP","sao paulo","10","293000","29300.0000"
"606ce7768feac12c5e8bd58db8b08f0f","SP","campinas","5","291660","58332.0000"
"2156f2671501a81034d7d07f217609d0","SP","sp","21","290950","13854.7619"
"20d83f3ef0e6925fd74bfd59170babf7","SP","sao paulo","40","290360","5377.0370"
"d3dcf0604eabf0224fbd5948b5e02f69","SP","sao paulo","9","290230","32247.7778"
"1771297ac436903d1dd6b0e9279aa505","SP","guarulhos","28","288127","8003.5278"
"1987cd4be10fe09ee50454f9c354d1c6","MG","ouro fino","14","287770","17985.6250"
"bd697db56ff8e7c9cd1abeb7f72029b2","SP","sao paulo","21","286979","13665.6667"
"49e7217cfe4e427191c378ec626d8737","MG","formiga","12","286880","22067.6923"
"430315b7bb4b6e4b3c978f9dfa9b0558","SP","sao paulo","19","286440","14322.0000"
"a6fe7de3d16f6149ffe280349a8535a0","SP","franca","50","284490","5578.2353"
"fec6275253471ace26d209bbaa64cd0f","RJ","nova friburgo","9","284000","28400.0000"
"b494891378bd8f4560abe576c52deacd","SP","sao paulo","19","283900","13519.0476"
"d32e3909cfb714fb2a6cb092c85b9c5f","SP","jundiai","10","282790","25708.1818"
"730937bf88cb151eb2eb849f642fc213","SP","rio claro","22","282120","10850.7692"
"5f1dc28029d2c244352a68107ec2b542","SP","sao paulo","62","280730","3599.1026"
"820cc752a266cdc6c1a1e61dd4583330","PR","maringa","15","280280","18685.3333"
"df56d7b40d437f88407c5f78b63bc328","PR","cascavel","22","279128","11165.1200"
"cb3dd9ce66268c7a3ca7241ac70ab58c","SP","sao paulo","48","278832","5576.6400"
"ae7ab174effdead6c241e547e4ca13f0","PR","arapongas","6","277860","39694.2857"
"c4f7fee5b0db50e87766f5a4d1b1b758","SP","sorocaba","5","276203","55240.6000"
"f125f3a310c2e5f822d116147de1e474","SP","sao paulo","16","276140","12551.8182"
"bb7a14e229b1c95156719c3d9552eeee","RJ","rio de janeiro","10","276020","27602.0000"
"8f54d64f28a993550aa7943f12572959","MG","ipatinga","15","275550","17221.8750"
"a1474fd46fd3430168f7ec202da39408","SP","pinhais","12","275250","19660.7143"
"1838dd9b8977065acf51d95e0053ea7a","MG","belo horizonte","62","275050","4231.5385"
"1444c08e64d55fb3c25f0f09c07ffcf2","BA","lauro de freitas","1","274900","274900.0000"
"f7ccf836d21b2fb1de37564105216cc1","SP","ibitinga","69","274840","3764.9315"
"3fd1e727ba94cfe122d165e176ce7967","SP","araraquara","35","274740","7631.6667"
"f805b96fa705ba7995a221f1749dc141","PR","maringa","7","274444","39206.2857"
"977f9f63dd360c2a32ece2f93ad6d306","SP","tabatinga","23","273007","11375.2917"
"3b872fd4747f01cc56206f2934198618","SP","ibitinga","25","272674","10099.0370"
"5cbbd5a299cab112b7bf23862255e43e","PR","pinhais","36","272606","7173.8421"
"458d868c9642f55f18f04e951a3fdde6","RS","porto alegre","2","271800","135900.0000"
"33576ec5412fb5905d876f12f33bfde6","PR","curitiba","31","271800","8493.7500"
"78744a20ee2f80ba64f6804c25def2b8","PE","recife","6","271500","45250.0000"
"fe26f3ecb51a15e6d8335cd92da42562","SP","sao paulo","7","270896","38699.4286"
"d93844a9c55ba7ce353388bcf849ea56","PR","curitiba","12","270850","19346.4286"
"51702dc2a3e106c76dbff722b5bf0726","SP","conchal","13","270510","19322.1429"
"31561f325664a8a7aba4c8d0c3a9b3db","SP","sao paulo","36","270219","7111.0263"
"2a1348e9addc1af5aaa619b1a3679d6b","MG","belo horizonte","48","269740","5289.0196"
"974cf2cb8f4b7add98709c30df02fe10","SP","araraquara","30","269470","8982.3333"
"0015a82c2db000af6aaaf3ae2ecb0532","SP","santo andre","3","268500","89500.0000"
"432c37c9dfba871172ec162e20118b8c","DF","brasilia","44","267987","4872.4909"
"a17f621c590ea0fab3d5d883e1630ec6","SP","sorocaba","63","267792","3433.2308"
"c9aafcd0621b2207c10e32c649cada4d","SP","sao paulo","40","267126","5683.5319"
"d93919c944be9cff128f6c9cb899eacb","SP","mombuca","33","266670","8080.9091"
"9c068d10aca38e85c50202e17b4a7e88","MS","coxim","17","265890","15640.5882"
"d25aa0aaacb370e912f8cf6efeba38b3","SC","massaranduba","17","265845","12659.2857"
"6f229cc508fc6915ed5c499efd93baa4","RJ","rio de janeiro","13","265480","18962.8571"
"bc302730ea8cf49b5c74f579febb5bbf","SP","campinas","11","264090","24008.1818"
"f1b93673502375d491780bb49d615dbc","SP","sao jose dos campos","8","263893","26389.3000"
"1b7e5006cb25dd23ce8686691013b121","SP","sao paulo","11","263674","23970.3636"
"ccf8813e5a7d6c84d865cd38bfc2b130","SP","taubate","26","263550","10136.5385"
"8d79c8a04e42d722a75097ce5cbcf2ef","CE","caucaia","26","262782","9732.6667"
"9906e7aa42a3c067b7c9a564d01c4320","PR","maringa","12","261900","16368.7500"
"8ab42aa58097fd4668d60cc648225d5f","GO","goiania","20","261675","10064.4231"
"4305fe92735c8a43d154ff6dd2b8d927","MG","coronel fabriciano","17","260610","13716.3158"
"e99e927c81e3f51739c94fcdfca9f10f","MG","uberlandia","21","259785","10824.3750"
"a369d693961cb93b61ca2cc518872a85","SP","sao jose do rio preto","11","259700","14427.7778"
"fdaaf5bfda82b7b80535610c831b8d09","SP","sao jose do rio preto","10","258890","17259.3333"
"f593898ec748b7a8cb81fc04edafd98a","SP","pedreira","19","258804","11763.8182"
"244c2f1bff6afe1f2eaf9bfe9b2aed38","SP","mogi das cruzes","23","258000","9555.5556"
"2c4c47cb51acd5ea5db5e0ae0e26542a","SP","buritama","12","257590","17172.6667"
"0885aaf116795758dfeb5f1032487bcd","SP","ferraz de vasconcelos","27","257310","8872.7586"
"41ab63a91b8b264e8c8780368bf1dd5b","MG","belo horizonte","12","257195","19784.2308"
"1ce3ae5a399804d1a87e706f8a813c3e","SC","jaguaruna","40","256300","5825.0000"
"cd06602b43d8800bd0afad514919d35c","SP","sao paulo","43","255531","4914.0577"
"157c3e4b42f81ac4a44e8b1ca2fe9876","SP","sao paulo","23","254850","8220.9677"
"b76dba6c951ab00dc4edf0a1aa88037e","SP","sao paulo","157","254531","1524.1377"
"bb5bd94c8f59cc050072d2930c869cac","SP","sao paulo","16","254387","14963.9412"
"3d39fbf22a665714baf62fae36029e23","SP","campinas","8","250420","31302.5000"
"ffa6adafb71b807dc13159e26431354c","PR","londrina","17","250090","14711.1765"
"b335c59ab742f751a85db9c411a86739","MG","araguari","30","249411","8045.5161"
"de0c78824586e9a5f5f04fd84e25df39","SP","vargem grande paulista","14","248930","15558.1250"
"cea729054f157f5870bdd321a958d994","SP","sao paulo","24","248210","9546.5385"
"6989574bd97d9773f10d232b6c07da59","PR","curitiba","7","247840","35405.7143"
"fe49ee029e61e789a1f3a5525f57ba8d","SP","osasco","16","247369","15460.5625"
"2e3be8a987a30d7544dbbda6861cc14e","MG","belo horizonte","14","247286","16485.7333"
"5eeb9c756d9780b96283e5a2ac6da334","SP","ribeirao preto","9","247100","27455.5556"
"c2d70ce2c5d0a2eb75e78668236e6dc8","SP","sao paulo","13","247090","16472.6667"
"1c40343cc5d18c2d8248ac2f3366de34","SP","limeira","21","246141","11188.2273"
"cce6ab8d1682639fe45ab70234f1665f","SP","curitiba","61","244270","3816.7188"
"a08692680c77d30a0b4280da5df01c5a","SP","sao paulo","6","243300","14311.7647"
"318f287a62ab7ac10b703ac37435a231","SP","sao paulo","51","243248","3987.6721"
"4b0fdb526525f9890eb145bf1534640e","SP","ibitinga","18","241900","12095.0000"
"888faa8bfb0b159c37de6d898b961c31","SC","braco do norte","19","241830","10514.3478"
"04aba03279157f6d4e0fe8ccaf21963c","RJ","santo antonio de padua","15","241600","16106.6667"
"d06d019f72a04e5497a0b64190af170c","SP","cotia","17","241593","14211.3529"
"1354d51653f645349064725ed204e85e","SP","sao paulo","18","241000","12050.0000"
"76833248bbc0e65a0293ec62023e4396","SP","birigui","2","239998","119999.0000"
"82bd0703a4aefd6b599e5bfdaed378fb","SP","marilia","20","239428","10409.9130"
"efcd8d2104f1a05d028af7bad20d974b","SP","aracatuba","46","238479","4769.5800"
"1996942dc085d7773ba77a529b163cd0","SP","pradopolis","9","238352","26483.5556"
"47efca563408aae19bb7206c2d969ea9","PI","teresina","11","238300","21663.6364"
"6bbcb8924baf70b7fe2fe2097e8cd407","SC","blumenau","10","238250","21659.0909"
"acadd4d36859671cb635527c6c977533","SP","santa rosa de viterbo","12","238100","19841.6667"
"cfe94489ddd337d1e29e12f2a7205d10","SP","sao paulo","20","237600","9900.0000"
"323ce52b5b81df2cd804b017b7f09aa7","SP","sao paulo","29","237430","8187.2414"
"120476eb7a04c149d14772edaf5d9bf2","RJ","angra dos reis","4","236880","39480.0000"
"d3f39f05462b79a4562d35893a28f159","SP","mococa","33","236340","6387.5676"
"5160d23075764e18e07c1f4a87fad743","SP","sao bernardo do campo","33","235900","6207.8947"
"4978a02ea9c8be7a9b5480680f40334e","SP","sao paulo","18","235661","12403.2105"
"8603f0038fe0e52fedd3382d266723de","SC","garopaba","10","235500","23550.0000"
"ede0c03645598cdfc63ca8237acbe73d","SP","ribeirao preto","43","235215","5004.5745"
"c004e5ea15737026cecaee0447e00b75","SP","sao paulo","1","235000","235000.0000"
"3504c0cb71d7fa48d967e0e4c94d59d9","SP","maua","53","234994","4433.8491"
"4391ea5c5990502176a1dcda44a2373d","RS","porto alegre","3","234900","46980.0000"
"34f563c82a85b99ae9e6d60db5fc2e28","RS","campo bom","8","233230","29153.7500"
"62c50c1af4dfdc4149d25c5222043d39","SP","sao paulo","12","232583","13681.3529"
"0bb738e4d789e63e2267697c42d35a2d","SP","sao roque","29","230840","7694.6667"
"fd386aa7bed2af3c7035c65506c9b4a3","SP","sao paulo","69","230415","3031.7763"
"5a93f3ab0ef4c84ed5e1b5dbf23978bc","SP","monteiro lobato","38","229928","5347.1628"
"f1c1ac3f3efc07e659c035008e615e66","SP","sao paulo","3","229496","25499.5556"
"1d4587203296c8f4ad134dc286fa6db0","SP","sao paulo","40","228750","5579.2683"
"6338ea67c41078a46ad99cc009654956","RS","farroupilha","37","228609","5195.6591"
"7238a95bb63ef7e498389fb863b834a1","SP","limeira","15","226570","15104.6667"
"8fe8786ee000001ab51d030dfd4a7bf1","SC","paulo lopes","5","225500","45100.0000"
"655220df33262c7e0c4949a147366f94","SP","diadema","13","224500","14966.6667"
"dd533b429f380718b70ad9922c294bae","SP","barretos","39","224488","5220.6512"
"7b8e8ec35bad4b0ef7e3963650b0a87b","SC","tubarao","5","224428","44885.6000"
"5abb8ea023c77787f2c15da891c8d384","SC","joinville","13","224100","17238.4615"
"54583ab379489add547fe47b628db589","SP","sao bernardo do campo","10","224000","22400.0000"
"e5f9e61ceb5f523cc966e0f34095032f","SC","brusque","4","223800","55950.0000"
"cac876b37d3abcd6bd76caca30277996","PR","cascavel","27","222977","6756.8788"
"b83cedfb587e7911540e3f576d6917ce","SP","sao paulo","24","222495","8899.8000"
"9a84ba99f5367fdbd4598363496f1ea2","GO","luziania","15","222338","14822.5333"
"fb89df7f89fd1b8f03fa2acca1ba7364","PR","foz do iguacu","22","222000","8880.0000"
"747e73c01a4593d4cf60dcf970fd2689","PE","vitoria de santo antao","3","221799","73933.0000"
"77a515caa36327151d1cc6c32a9f00e1","SP","diadema","26","221739","8528.4231"
"e5475dcab1e07b63d7f6e902d8f5eda8","SP","diadema","19","219200","11536.8421"
"91f0eec23d4a61d7d7caeefa3f0ad1ca","SC","tubarao","11","219080","19916.3636"
"14a08204d03bb6b6bde8029f801ae0eb","SP","sao paulo","28","218540","5751.0526"
"1b1ae47a313a825a7ccceb8e2e30fa9d","PR","bocaiuva do sul","10","218400","21840.0000"
"850913d59ce317156b00f3705f1c3edb","SP","atibaia","29","218300","7276.6667"
"8ca1551acf9832a4cf467bbbac15851f","PR","campo largo","11","217640","18136.6667"
"b74d1c09cb380e1d03a6f859c6f4224b","RJ","rio de janeiro","30","217461","5722.6579"
"4992e76a42cb3aad7a7047e0d3d7e729","SP","sao paulo","56","217120","2974.2466"
"53d00c40e32aeb924a84ce72b1af869d","SP","ibitinga","17","216585","12740.2941"
"2be17df1c49978426251562096c3cc09","SC","tubarao","16","216500","13531.2500"
"0ffa40d54288e4f3499b8780dd0f144f","SP","presidente prudente","33","216280","6179.4286"
"0725b8c0f3f906e58f70cbe76b7c748c","SP","guarulhos","16","216152","6004.2222"
"7fc87cc3e89b3d1d5cabdca32f8485aa","SP","guarulhos","14","215390","15385.0000"
"f214d28e8d8e3ef068748498ccc2f813","SP","sao paulo","52","215243","3776.1930"
"72bc2cce903c872fe376a8faaa81d237","SP","sao paulo","17","214920","11940.0000"
"e8f6dc8e6a1dcde89d20e3995c8d90b3","SP","sao paulo","35","214874","4883.5000"
"b56906f7fd1696e043f1bcce164c487b","SP","echapora","40","214849","5115.4524"
"373ee4a3a775a733770ca3f790b8b9ac","RJ","rio de janeiro","13","214149","9734.0455"
"723cd880edaacdb998898b67c8f9da30","SP","ibitinga","11","213653","17804.4167"
"8bdd8e3fd58bafa48af76b2c5fd71974","SP","sao paulo","10","213583","21358.3000"
"f5f2ab9bdb6b30c14c61be68c5ed37da","SP","porto ferreira","18","213468","11859.3333"
"87d30a6a0cbf89356e49324971ab1d24","SP","sao paulo","17","213413","12553.7059"
"9bcdfa7b615b3abb9461d9e3ad9886ae","SC","blumenau","14","212607","10630.3500"
"3a734b715d333a2588a3d54a0c9b8746","SP","osasco","15","212152","10102.4762"
"8f78f0903005064036736c7173a5c2ed","MG","tiradentes","13","211370","10065.2381"
"cf2384dd2f1dddea3f838efed0945e65","SP","serra negra","16","210150","13134.3750"
"ffdd9f82b9a447f6f8d4b91554cc7dd3","PR","curitiba","18","210120","10506.0000"
"e9511df20ccd82658a30c37b7fb343af","SP","bauru","22","209660","6988.6667"
"3bfba5a77604f6dfae7e6dd7aaf65821","PR","londrina","4","209550","52387.5000"
"7f7b8245c336066a1f9933c359f11d77","SP","mogi mirim","38","209436","4870.6047"
"df91910b6a03bb2e3358fa6a35e32f6f","SP","sao paulo","13","209320","16101.5385"
"8de8fe3af4449ed695d2434c933ed73e","SP","sao paulo","1","209000","209000.0000"
"165b1235e9e9942cb5fae67103576fb0","SP","ribeirao preto","11","208515","13032.1875"
"6aa3928696eab49a19a466e665a649fd","RJ","nova iguacu","18","207500","9431.8182"
"082e0bf4cb865a6533b1e8e498cc0255","SP","botucatu","11","207330","9014.3478"
"e38db885400cd35c71dfd162f2c1dbcf","DF","brasilia","30","206680","6458.7500"
"ed859002ad59dbf8cf3602696a6c3000","PR","londrina","6","206390","18762.7273"
"ea65d8b58316a6f2362f2a9e4b3e86ad","SP","campinas","9","206140","12883.7500"
"f615fe7efbef0f4f08fd3086bc7a3e60","SP","atibaia","22","206137","8962.4783"
"412a4720f3e9431b4afa1476a1acddbe","SP","campinas","21","205810","9355.0000"
"4e8dacf3d38f281ae26c3e0321d92d88","SP","sao paulo","8","205546","22838.4444"
"be9a160a9011f627c3e121d076c1ec7b","SC","jaragua do sul","5","205500","41100.0000"
"bc2ac6b95e1accce9858528ee566c17e","SP","campinas","18","204500","9295.4545"
"f7720c4fa8e3aba4546301ab80ea1f1b","PR","curitiba","59","204355","2653.9610"
"c6381d2d013342748761e906d45aff76","RS","portao","15","204298","7296.3571"
"78c99c6dff4eeae5be99bf635ed21e3f","SP","marilia","31","203088","5207.3846"
"71592660bbcb6a4664e97b6f8b68babc","SP","sao jose do rio preto","6","202718","28959.7143"
"0ed6ce5d87fd9c69eaacaeb778d67235","SP","americana","42","202652","4825.0476"
"fac1a9017ade7bdc94058fc1c969f355","SP","sao paulo","9","201084","20108.4000"
"1782ce2db72c3dda627d5e7c898104e1","SP","taboao da serra","9","201080","20108.0000"
"3a1a1fec38dd360f15fc912e821e169d","SP","sao paulo","15","200738","13382.5333"
"116ccb1a1604bc88e4d234a8c23f33de","SP","sao bernardo do campo","61","200489","2746.4247"
"d6ab728cf30867cf3f1a2e216ae2f9b7","SP","sao paulo","12","200200","14300.0000"
"3d2531eccfbde1d7c8db7a3a12fb267a","MG","contagem","10","199954","19995.4000"
"8ec76bb0965af3f007692b26fa9d6623","SC","criciuma","1","199900","199900.0000"
"6b536a23086fba0d58c08d68814397f6","RJ","niteroi","18","199680","9076.3636"
"17908cf9b444ee34047cadd5c0f4a516","GO","anapolis","11","199399","18127.1818"
"bf100ecb7997df312b285358fb32f92c","PR","sao jose dos pinhais","20","199190","9485.2381"
"9449f25aeaf531019b76999ea49a6949","RJ","rio de janeiro","9","197955","21995.0000"
"13074f016982ff2bd6c58ced8682f000","RS","bento goncalves","13","197700","14121.4286"
"c013e57c075a06e5b5c48ee03c525719","SP","sao carlos","42","197155","4381.2222"
"91f5779a8731baca4809fdeade81803f","RJ","barra mansa","6","197146","32857.6667"
"f41ce2e25237f9092cd8e6e7516c7a2f","SP","guarulhos","26","196190","7266.2963"
"bf84056e679dbe9c69929847a40e338f","SP","sao paulo","35","191808","5047.5789"
"93b9a99027bd8bd6af682aff18dd19bf","SP","mairipora","19","191600","9580.0000"
"cd843d4cf8ef32827de0396605163ba3","MG","juiz de fora","5","191500","38300.0000"
"9dda5bbacd45e18d6485fee649205d09","MG","santa rita do sapucai","19","191260","8693.6364"
"901b460cdce0c64e471230d7f2f9f3a3","RS","porto alegre","5","190400","38080.0000"
"6df688df543f90e9b38f4319e75a9d88","MG","belo horizonte","39","189176","3439.5636"
"112453736dbe3889cfb74e1aaa0ba0c1","SP","sao paulo","7","189000","13500.0000"
"5ab05b6d86d417796c69ffd6774ec832","SP","assis","10","188610","15717.5000"
"65b081a070633e057c462abdd6fb9dd8","GO","morrinhos","19","188509","9425.4500"
"5debea795b07621e1f90532e18f96145","PR","apucarana","25","188378","5708.4242"
"4c8b8048e33af2bf94f2eb547746a916","SP","ibitinga","19","188245","8184.5652"
"e24d3429d294b2eb200b064ebb035879","SP","sao paulo","19","187858","8539.0000"
"5b33b527da3c5b969cc99dc435cad09a","PR","paranavai","16","187279","11016.4118"
"abbf6046bbdf1028606a5bc7f00c99e7","SC","xanxere","6","186725","31120.8333"
"95ec4458365c4d11f452ccf538377619","SP","limeira","27","186676","6021.8065"
"4e5725ba188db8252977a4f0227bd462","SP","ribeirao preto","21","186509","7771.2083"
"daeb5653dd96c1b11860f72209795012","MG","belo horizonte","38","186410","4779.7436"
"3e8bd881d92466e63ba9e3e809cd3c50","RJ","rio de janeiro","8","186238","20693.1111"
"0417b067eeab773d2f7061a726dc477f","SC","sao bento do sul","13","185918","14301.3846"
"c8467937e403e76a8ee9f0ab13f6f5ef","MG","pocos de caldas","30","185379","5617.5455"
"8c3b533c63cca56240f94f1e3a6b18ef","MG","belo horizonte","3","184950","36990.0000"
"30c7f28fd3a5897b2c82d152bb760c17","RJ","niteroi","6","184938","30823.0000"
"a4bd6e9adf39b63f43dc545d3ca1f53d","RJ","rio de janeiro","4","184859","36971.8000"
"74bafed391319577bce6f4d2acc0589a","SP","sao paulo","3","184700","61566.6667"
"272f092de69afedd4d2969440b37f18f","SP","sao paulo","25","184633","4734.1795"
"3a4127e1ba7208ea37044c5092aae170","SP","sao paulo","5","184270","36854.0000"
"ffeee66ac5d5a62fe688b9d26f83f534","SP","mirassol","14","183986","13141.8571"
"7ade73f1b9b4e965f9009a4c3a7e2c15","SP","bauru","26","183530","6797.4074"
"6a38087bc8ad4f89ff453561005f6dea","GO","anapolis","15","183343","8333.7727"
"c679fb69a36e1d8349e8c50a217b4d58","RS","caxias do sul","14","182568","10739.2941"
"55bb6fe5bebe5012e2d7d9928e1128ff","SP","bauru","15","181655","11353.4375"
"a5a1bfcf728ab0e19182959cf0771ee4","SP","socorro","21","181296","7554.0000"
"729b2d09b2a0bdab221076327f13d050","SP","mineiros do tiete","48","180521","3008.6833"
"5b85809efd0d0e4dea1a9544e1280ed9","SP","presidente prudente","12","180460","12890.0000"
"411f3b52d857390502ee4e4d5ceabc2d","SP","ribeirao pires","21","180401","6013.3667"
"7fdb0720c8d7c9075538b365dc8c3a22","PR","toledo","9","180400","18040.0000"
"2ff6b7bff164ef05590a52734e1296da","PR","londrina","7","180359","25765.5714"
"15fa791d5e017f66402dc28c44480657","SP","sao paulo","8","180200","22525.0000"
"c3e1abd72a42fe690fcd89cf5720fe29","SP","mogi guacu","13","179861","13835.4615"
"1976a05ecf2996d6ffb7b5430e635fe7","SP","assis","8","179620","19957.7778"
"a36b125ac6d5fdbc7f50de85c9157bdc","SP","ribeirao preto","23","179365","7174.6000"
"406740ee611378a662d274c7d8c43c4a","ES","vitoria","8","179000","17900.0000"
"fa3a0b5aabb344b9a92e3524b0202123","SP","sao jose dos pinhais","7","178900","25557.1429"
"293dee954235e4e4e43f129313625ebe","DF","brasilia","8","177892","22236.5000"
"d97df38225e5abadaff1e72cb72b823c","SP","sao caetano do sul","28","177600","6342.8571"
"07bf9669d84d1f11be443a9dd938f698","SP","sao paulo","18","177600","7400.0000"
"3481aa57cd91f9f9d3fa1fa12d9a3bf7","SP","capivari","25","177303","7092.1200"
"ca4b77513ac2040591b0d8fae6958380","SP","sando andre","14","177245","11816.3333"
"d5b9a084373da994a6e37f732169a853","SP","santo andre","7","176900","25271.4286"
"1690cada046eb7e92c12f98b1f8a8167","SP","sao paulo","10","176000","17600.0000"
"f63d8f293af3a6454377546bd9dd19ff","SP","votorantim","17","175182","6256.5000"
"cb810bd318f51b3dc3c753944d61a1fa","RJ","niteroi","1","175000","175000.0000"
"dd4d95ba2d15c071e6c695e2ef6ce169","ES","cachoeiro de itapemirim","4","174800","43700.0000"
"4bf658053d453036c70976bccb2c31b2","SP","sao jose do rio preto","2","174299","87149.5000"
"c8417879a15366a17c30af34c798c332","SP","sao paulo","25","173470","4956.2857"
"198c7ea11960a9844b544d9bcdca860c","MG","jacutinga","25","173375","6935.0000"
"dc8798cbf453b7e0f98745e396cc5616","SP","sao paulo","35","173300","4030.2326"
"6ddc28b61be28373b4503a1f61cf98a9","SP","sao paulo","11","173290","15753.6364"
"c5f7feb04a6a1fb3596322bfc3cf1917","SP","sao caetano do sul","11","172060","15641.8182"
"d3674f271c91f824f82d24d92011f669","DF","brasilia","20","171830","8591.5000"
"a70e9066dbfd10b6b97a3f54a1356762","PR","mandaguari","2","171600","42900.0000"
"8378eb36b6b70c5734e83ad7b8cdc3b7","SC","itajai","7","171480","13190.7692"
"7139dc5186aa238b006e066d8fbab2e4","SP","amparo","22","171200","7133.3333"
"dfc475d54e1b6dbeeb7d7d9bdaa63827","PR","curitiba","18","170837","8541.8500"
"656591be56071d4c9ef4e5fee78a578a","SP","santo andre","7","170200","15472.7273"
"244b04680fdbded0acf5aebd9c92b44a","SP","jundiai","2","170180","85090.0000"
"6b1c4d4d9ccf0be3d8544eb0e71e5318","RS","porto alegre","1","169900","169900.0000"
"731ef20c231d9a7103a425e83fd91271","SC","lages - sc","2","169200","56400.0000"
"3ca08eeb8d5595949fed424bd3677742","PR","curitiba","13","168888","12991.3846"
"f9903dd0f812c7e771fcad47b6fff231","SC","blumenau","10","168485","11232.3333"
"3935fe5fe0f82787a9dcb8deb62be09d","SP","sao paulo","16","168169","9892.2941"
"bafc5aa11e413978be29040f51342e70","MG","belo horizonte","9","167955","18661.6667"
"e64d65bc8dbec2accda90c58de5d1246","SP","rio claro","12","167880","13990.0000"
"0b18d63d0cd1d723567903fd34a07df2","SP","sp","9","167814","11986.7143"
"0ac4201fda2c68ebc0e47cb9423cf3c9","SP","sao paulo","13","167688","11977.7143"
"1dc2de47ee26a0a5b12dc14fd6dc0dea","SP","ibitinga","25","167030","6186.2963"
"77fccaae319668a8ab6cd0fd16aec48c","RJ","campos dos goytacazes","11","166700","13891.6667"
"7586919161935337bf6b6d7ff5779648","RJ","rio de janeiro","11","166471","9248.3889"
"5f67c6082caacb26e431a7b17940cece","PR","maringa","13","166260","11875.7143"
"53b0300ca793f9834cd69c0678d35ee8","SP","indaiatuba","5","166215","16621.5000"
"a1040efe9ff4a6f93c28b0499eada8f5","SP","jundiai","1","165883","165883.0000"
"25cf099de44674fde97473224f9d59ab","SP","cotia","50","165436","3308.7200"
"df0f42bc4c2142eacf0eaf2cffd0cfbb","SC","itajai","14","165400","10337.5000"
"b2a6d334e2833acea353624840e25a0e","SP","sao paulo","25","165098","6349.9231"
"26e2c91ef821e1ff8985f408788fe35b","SP","ibitinga","12","164940","11781.4286"
"edc518ba25576a0188a0e8f2c3af186f","SP","guarulhos","6","164739","20592.3750"
"0887a9f087bcd5d9f6642b52f897fc6c","SP","cananeia","12","164200","13683.3333"
"e2c92f9c1c7746d899d18f2e158bbff7","SP","sao jose do rio preto","12","164190","13682.5000"
"5b581417df4480f632484ba681e53944","SC","florianopolis","11","164160","13680.0000"
"7a2d2949aea47fab95fd98d6c9f618b1","PR","curitiba","11","163899","13658.2500"
"2a6fbeaa7ab9e5d59a35841a8da71ce4","SC","jaragua do sul","30","163279","5442.6333"
"1dfe5347016252a7884b694d4f10f5c4","SP","ibitinga","20","163250","6278.8462"
"f1ed6bd0a9b11b581f16c851c6a5a527","RS","porto alegre","17","162277","9015.3889"
"15cd6eefe58588619aaed41dfa6621b1","MG","ouro preto","16","162274","9015.2222"
"b0f2a6122a90a93eb03e68653dd960e3","PR","curitiba","6","162030","23147.1429"
"013900e863eace745d3ec7614cab5b1a","PR","curitiba","23","161970","6229.6154"
"cb5df0dcb9e280b1780e9d589889f2c7","SP","bady bassitt","11","161488","13457.3333"
"8daab2245ebdc277c51098d01c5ad8ef","SP","sao paulo","16","160459","10028.6875"
"427165bf50f8ca07efc7bdc2bfcf1688","SP","americana","5","160350","32070.0000"
"7813ea3ebd9411dc600b4dd01f7a97b9","SP","osasco","9","159940","17771.1111"
"850857dfac77488c307e2b1cbd84ab5a","PR","cascavel","1","159900","159900.0000"
"8a1ff5c35f6595a73fef4c7b96e4908a","PR","sao  jose dos pinhais","2","159800","79900.0000"
"081acf3de680d554796c9cf041be7bc2","MG","vespasiano","4","159730","19966.2500"
"41b86b552e54e3a7009596125aa8b167","SP","sao paulo","10","159530","14502.7273"
"8a2d12a90e92f012ce5226fc6592b653","PR","curitiba","18","159465","8859.1667"
"70f84699be677ec988d1fa824aef7d90","MG","sete lagoas","5","158830","31766.0000"
"845e8036c3f7bf62099352f5ed910240","RJ","rio de janeiro","21","158460","6602.5000"
"f3c38ab652836d21de61fb8314b69182","SP","sao paulo","15","158100","10540.0000"
"392e0502231ae2f8b29994ef6398cd77","SP","cerqueira cesar","17","157290","9252.3529"
"5075aaa8404020ae6aa8bf4792099b41","MG","pocos de caldas","10","157288","10485.8667"
"134285d1f41da5c13a756ee8142c8a4e","SP","sao paulo","3","157270","39317.5000"
"1660ad786c27fd935378b6192a90b417","SP","sao bernardo do campo","12","157000","12076.9231"
"c4fb51fb1c5b7c07bc5e67be6e7e8f6e","PR","curitiba","15","156790","9799.3750"
"9b00ed88b7fdb95d6ff76e27c1b52d16","SP","sao paulo","46","156788","3135.7600"
"47648caee88ccfe951fbb27fbf7b4cbe","SP","diadema","3","156499","52166.3333"
"02c988090b766852e088c69d7fb3b551","SP","americana","12","156437","9777.3125"
"39d54ff918774174706fb065d7f9dc07","SP","sao paulo","22","155469","6477.8750"
"817f85dbb65aa3e70831d90fe75cdf89","SP","tiete","11","155227","14111.5455"
"0eaa7e33d73809f1f925f7d07c506cbd","SP","santo andre","15","155200","10346.6667"
"3785b653b1b82de85ab47dd139938091","PR","ampere","21","155200","6466.6667"
"78a4d36f65a019172c6154468831a69f","SP","bauru","7","154550","22078.5714"
"49cdc90518a4f82676b38b3c1aa43ff6","SP","sao paulo","5","153950","30790.0000"
"06bb3a2fe5e7b7a845b13e8fb91bd944","MG","belo horizonte","17","153619","8534.3889"
"cbf09e831b0c11f6f23ffb51004db972","SP","sbc/sp","10","153520","15352.0000"
"3a490ba60afa30ece0e7d50cfe74a4f0","MG","belo horizonte","8","152920","19115.0000"
"ffc470761de7d0232558ba5e786e57b7","SP","guarulhos","27","152913","5097.1000"
"5bf397d04035b5f45cc41e82ec106803","SP","sao paulo","3","152500","38125.0000"
"3586b8580d9c917874e053a1bb37b5ff","SP","araraquara","36","152470","3545.8140"
"a7c88262832dfc683781d6a421edefae","SP","mogi das cruzes","5","152000","30400.0000"
"866558b3bccef2dbc6d29a2b5995016f","PR","arapongas","5","151940","25323.3333"
"094ced053e257ae8cae57205592d6712","SP","ribeirao preto","19","151920","7995.7895"
"f5f1f2c5f923f36ad79ea1d07185ddc9","SP","taruma","10","151777","13797.9091"
"1dd33b8119b3cb1056ed5dc88cd0aaf4","SP","sao paulo","8","151300","18912.5000"
"a23266650e7c84bb93fbbba502137478","RS","porto alegre","11","151240","9452.5000"
"b33aaadd1a8891d2dfef0c4c3bdf0371","SP","limeira","16","150400","8847.0588"
"d354c38a7182125a748cb10474fe963b","RJ","aperibe","17","150034","7896.5263"
"714b9a1332840f257b49f476bea4e341","SP","monte alto","6","149994","24999.0000"
"9a03a4e9eb0b947652fae4f6121a3f5e","SP","catanduva","7","149700","21385.7143"
"c7b7db6c8f3c64a7cc1afa634db21d50","SP","sao paulo","1","148900","148900.0000"
"659e8466eb3ff1b0e8740d74fb7bbedd","BA","eunapolis","11","148680","10620.0000"
"2a61c271b1ac763450d846849783e922","SP","santo andre","17","148677","6758.0455"
"b6e1504972665f739dec4facb9943775","SP","piracicaba","14","148448","10603.4286"
"9da1ca0bef29ee170e541927a5aeabdc","SP","votuporanga","6","148440","24740.0000"
"f918546be4bec7104d117789ba758b2b","SP","sao paulo","20","148300","6447.8261"
"9b522ba7eae9e1d04082f267144583cc","SP","sao paulo","3","147860","29572.0000"
"6806dad1da97bfb5a9038eac6881f706","PR","guaratuba","10","147700","10550.0000"
"4d232b78ab7ef10393dc3807d827bc0d","MG","belo horizonte","5","147500","29500.0000"
"e256a62e0ac58c0edfba09966142d561","PR","curitiba","12","147411","10529.3571"
"5e105f5c9f63f5f1fd75d6cb942e55b1","SP","sao jose do rio preto","8","147190","18398.7500"
"7ecd59e5e20407131822c1a68ac59c1f","DF","brasilia","24","146671","5057.6207"
"01ed254b9ff8407dfb9d99ba1e17d923","SP","mogi das cruzes","5","146599","29319.8000"
"4ba52dfeba874da5b9ee7b17c7494f04","SP","mogi das cruzes","11","146300","13300.0000"
"1284de4ae8aa26997e748c851557cf0e","SP","laranjeiras do sul","3","145997","48665.6667"
"5145090ab595c0d0b8557199f5701fbf","PR","curitiba","4","145960","36490.0000"
"97512d3fc193b2d1dfcdba0f9d1f0f8a","SP","sao paulo","12","145887","11222.0769"
"d7827b2af99326a03b0ed9c7a24db0d3","SP","londrina","1","145500","145500.0000"
"52f0fe436a347ddad7ed5f9aa4e27eaa","SP","sao paulo","19","145249","6916.6190"
"a414555ce331b8c8aea4a9cb8395194d","SP","sao paulo","7","145095","18136.8750"
"0ad80de75c811326389cfb1daba7d45e","RJ","rio de janeiro","6","144940","24156.6667"
"1b8b75e227c9a9c100d0c210fb6176ce","SP","sao paulo","15","144487","9632.4667"
"2dcf93836ae3ce0d7c93e2f10876467a","SP","sao jose dos campos","9","144380","12031.6667"
"dace965ca58120f92f8d742a9fa1864b","SP","sao paulo","8","144200","18025.0000"
"d1ef48b38baca7e831711c4a0aeb398f","PR","apucarana","28","143913","4232.7353"
"66fd84ee7528c0c0de85d0f44a73d5ab","RS","campina das missoes","11","143811","6848.1429"
"5b0cc932433fa5184b5b94bfe6bcc256","SP","ibitinga","12","143780","8457.6471"
"3771c85bac139d2344864ede5d9341e3","SP","sorocaba","26","143330","4777.6667"
"ec933281fb017b5020d06df29c3f77e8","SP","sao paulo","8","143200","17900.0000"
"c5f7e746b7e6d07def6c0dae9903279b","PR","curitiba","10","142900","12990.9091"
"0aea4c6ae1505b3228ddf3dd7822ee5b","SP","sorocaba","8","142791","17848.8750"
"f5f46307a4d15880ca14fab4ad9dfc9b","SC","rio do sul","9","142294","14229.4000"
"491a5ada3aa1678414e990262c4bbdc1","SP","sao paulo","1","142000","142000.0000"
"0b0ddbc7b9d9584f442c7ac92b0ff6c9","SP","guarulhos","3","141676","47225.3333"
"010543a62bd80aa422851e79a3bc7540","SP","sao paulo","2","141600","70800.0000"
"af3ef48d0e13835e529c29ac573c63e5","SP","araraquara","21","140563","6693.4762"
"921323538c9f1c4e816f2720eac02bea","SP","sao paulo","15","140184","8246.1176"
"8ff1a9df749e454105c55cda13e79143","SP","marilia","13","140060","10004.2857"
"d4ffeb15b67e81ff9af2b4252d99fb7e","SP","atibaia","11","140040","11670.0000"
"04843805947f0fc584fc1969b6e50fe7","RS","ivoti","1","140000","70000.0000"
"d4e12e7884759a14fa0f5f896c791cae","SP","sao paulo","29","140000","4375.0000"
"b8114f2f589a6804810f04f99b36b498","SP","sao bernardo do campo","8","139962","12723.8182"
"01bcc9d254a0143f0ce9791b960b2a47","GO","uruacu","10","139321","13932.1000"
"d9a84e1403de8da0c3aa531d6d108ba6","SP","sao paulo","53","138530","2388.4483"
"8e2b3afb420011ef0c88c9d5f11ea526","SP","campinas","11","138450","12586.3636"
"e7f3bf1ecd8526eb7f3b18059e6716e5","SP","ubatuba","17","138204","7678.0000"
"88cf19ec1fc2c58f161aee259d57142c","SP","sao carlos","14","137297","9806.9286"
"6eb94e1466490d327a09abf8f3552a50","SP","jundiai","9","137295","15255.0000"
"8185694b58b2ba6de20fd41ae608bbea","SP","tabao da serra","8","137230","17153.7500"
"431050a06a317f2b38168dec3dcd2b46","SP","sao paulo","10","137000","13700.0000"
"985c92cc412091f8529c12d7f23d3fef","MG","sao joao del rei","12","136850","11404.1667"
"0bebbb2cea103a4a020c95d43fd7d754","SP","sao paulo","9","136720","15191.1111"
"2e1a7d075abe038c1b2743005fe42ff1","SP","sao paulo","18","136680","6212.7273"
"556a6409838156ea299c9d1f9e2dde43","PR","curitiba","4","136280","34070.0000"
"36890be00bbfc1cdb9a4a38a6af05a69","SP","osasco","13","136130","10471.5385"
"2f73e04d12cdf0c945ded66bb3fcf6c7","ES","cachoeiro de itapemirim","3","135900","45300.0000"
"fe701d88b67eaca109dffd464d1be9f9","RJ","marica","10","135900","13590.0000"
"091065b789659bc3cd9af9cb3a6253ff","RS","canoas","2","135900","67950.0000"
"42ef3192a9ff87a22d1867b74b3ee205","SP","santo andre","23","135409","5887.3478"
"9f50216bfd01913736a55a11b55ea842","SP","taubate","17","135400","7126.3158"
"81336a0f57a33776419727a300249e90","SP","sao carlos","15","135190","7510.5556"
"b9a03475e6447e631b6799ec8274800f","PR","formosa do oeste","10","134910","12264.5455"
"c3ee2331a724e6fc02c4b698b57a73f3","SP","sao paulo","2","134700","44900.0000"
"7e26c750b4cb9f6766f58265ff9ebe95","MG","belo horizonte","23","134430","4978.8889"
"b43d8b707f887a30f4675391098354a0","SP","ipira","3","134200","33550.0000"
"02dcd3e8e25bee036e32512bcf175493","MG","contagem","13","134190","8946.0000"
"186cdd1b2df32caa72cfb410bba768d3","SC","rio negrinho","6","134145","22357.5000"
"5a425cc503b39b262a847fd6212bf53b","PR","londrina","14","134060","9575.7143"
"8ea394aed8138685abe1eb9f25e1021d","SP","sorocaba","2","134000","67000.0000"
"89c127985a8b130cfa45c1d36764017a","SP","osasco","6","133467","22244.5000"
"7357b52d27cbaa90f81a96cbc1279396","MG","lagoa santa","12","132802","11066.8333"
"3faf68a3b0af94b10bac70d86077be49","SP","holambra","7","132293","18899.0000"
"5d9f3746e112e696f98ea22c56b3e912","SP","sao paulo","1","132264","132264.0000"
"e439f7176d763f92de325271111b2fd5","SC","joinville","6","132090","22015.0000"
"d2e753bb80b7d4faa77483ed00edc8ca","BA","porto seguro","14","132070","8804.6667"
"2bd05d410a8fd26dc4184a15f4f2f588","MG","belo horizonte","6","131673","18810.4286"
"5151aea44289d6c6b090ee31c2132508","SP","marilia","7","131530","18790.0000"
"4eb61f060e7dcc1d5a80d806c35cc541","SP","sao paulo","8","131300","16412.5000"
"c794dab4928dd97beb41d05514441e86","SP","artur nogueira","16","131240","8202.5000"
"863d2ebcd347ce4922de7a0f9a5581d6","RJ","rio de janeiro","17","131236","7290.8889"
"f4a04f7be452aa3bb31760bf00055dd0","SP","santo andre","18","131210","7289.4444"
"626ab1cd96932367f0eeec2e47046c12","SP","sao paulo","3","131000","43666.6667"
"7f40d06aa0b5f1aa4f41af8c0480e2ef","SP","rio claro","6","130994","21832.3333"
"9a1aea68d3efa00862ec88c0768037d0","SP","catanduva","7","130920","16365.0000"
"a13580f0e8f782b7a543885a0ef99f08","RJ","rio de janeiro","10","130490","13049.0000"
"83b08de96980757220871b31bf6cffca","RJ","rio de janeiro","5","130417","18631.0000"
"542917da124346b47ea1ac79a93ce454","PR","curitiba","20","130390","6519.5000"
"45a3d05fb00435e52a28859dd03703b3","SP","guarulhos","1","129900","129900.0000"
"56e361f411e38dcef17cdc2a3d99628b","SP","guarulhos","5","129800","12980.0000"
"d101c6da914ae3d53f7bee42283f2fe2","SP","sao paulo","13","129740","8108.7500"
"51ed72984a04e5dd35c2b27e77179038","SP","sao jose do rio preto","7","129430","18490.0000"
"b9ca8e8baa5d4aa038394a700f63e69f","SP","sao paulo","14","128977","9212.6429"
"25e47381a6c510ddeb36084e33b89f0c","SP","praia grande","16","128960","7585.8824"
"141440cad9341e553f8401c574a2aa38","PR","pitanga","11","128820","10735.0000"
"e63e8bfa530fb16910dd6956e592bb81","SP","guarulhos","41","128280","3054.2857"
"e3d3b3efac954a60d61be70b7e05b49b","SP","sao paulo","3","128205","42735.0000"
"4eeb99008a0f59d2c7759c59f9a346eb","SP","embu das artes","2","128200","64100.0000"
"269cff2d3c8d205c11f37a52402ea93b","SP","catanduva","4","128159","25631.8000"
"a478c7961d6a992065b24e63b366f90b","SC","blumenau","8","128150","14238.8889"
"5795aebfe331fbcd02a2c4b679fb7952","SC","palhoca","6","128000","21333.3333"
"fec8cd45395b3cb0c2b173d7739706a1","SP","jambeiro","4","128000","32000.0000"
"bb5d956dece964a06c12bceb66b923ae","RJ","rio de janeiro","2","127836","63918.0000"
"fa74b2f3287d296e9fbd2cc80f2d1cf1","SP","presidente prudente","5","127449","25489.8000"
"3f8034bfc6b8b4135534975d49f04c63","PR","curitiba","11","127390","9099.2857"
"718539d38d07dd351c76db862760e2e2","SP","campinas","35","127301","2960.4884"
"128f9bfbe4c7d5185033914b1de3d39a","SP","atibaia","13","126739","8449.2667"
"c8c1bea22194a4eefa2dc9a9fa89f536","SC","porto belo","7","126600","9738.4615"
"2646baaf662d4d92ac48f047e35db92d","SP","sao paulo","15","126305","7016.9444"
"9ed65337433adfbedefd23dd76eaa494","SP","sao paulo","6","126260","21043.3333"
"da7039f29f90ce5b4846ffc0fcc93beb","SP","santo andre","17","125910","6995.0000"
"9140bd1d9de28b197dce077bdd687438","SP","amparo","6","125887","15735.8750"
"8a9260f2b0340411d6d2a56bcf4f7378","MG","contagem","8","125600","13955.5556"
"b8578d2d823bd8e251f6fdd02b40902d","SC","blumenau","9","125560","13951.1111"
"734def04b237117a09321dd6d8f3f2a2","SP","araras","2","125243","62621.5000"
"402916f742e5c740cc751493d9cf5053","MG","guanhaes","9","125200","12520.0000"
"30a81d8cf85fb2ada1b1b094c9583a95","SP","sao paulo","17","124542","6227.1000"
"3fac58ce0ad699020c7944d53c41329c","SP","sao paulo","10","124495","7780.9375"
"671585f5a2af58b6e276bc01003c0d2b","PR","curitiba","27","124400","4607.4074"
"5d76d80a2f5f39c891b996a1bf4c9853","SP","sao paulo","6","123850","20641.6667"
"67225bff54a172ff67579aaf583efd78","PA","marechal candido rondon","8","123800","15475.0000"
"058cb5aeb36d7c0fcae20fc85d5e0a59","RJ","rio de janeiro","11","123600","10300.0000"
"4fb41dff7c50136976d1a5cf004a42e2","BA","feira de santana","3","123000","41000.0000"
"a36ac007a4d18f865c8d32c3b2402c2d","SP","barueri","8","122979","15372.3750"
"7daca0837f033a41a6f3428c18657533","SP","tanabi","7","122898","17556.8571"
"2d518637f53161b973e01f56ea4bb88e","SP","sao paulo","13","121989","9383.7692"
"9c4d31c7e46ab03a43fc06e3142afd4e","RJ","rio de janeiro","2","121890","60945.0000"
"7a425d299613df3e613bcf9d2eaf5c49","RJ","rio de janeiro","18","121880","6771.1111"
"52f9db5cfb423382a2fa5c9e39303202","SP","echapora","21","121878","5539.9091"
"2cb6eb1b7185064167657fa09f541105","MG","sabara","6","121790","17398.5714"
"002100f778ceb8431b7a1020ff7ab48f","SP","franca","50","121660","2252.9630"
"093805f8f2aeb63881444571e1f48f30","SP","osasco","22","121579","4502.9259"
"f9d010e39375d9c91dce3f40b73a2f84","SP","lorena","4","121200","24240.0000"
"f08c008c8a8d31417763738a1788a2a8","PR","santa terezinha de itaipu","20","121192","5771.0476"
"788e857f317e53de488d393e65a80f45","SP","sao paulo","11","121000","11000.0000"
"6426d21aca402a131fc0a5d0960a3c90","SP","ribeirao preto","23","120964","5259.3043"
"01fd077212124329bac32490e8ef80d9","SP","ribeirao preto / sao paulo","31","120800","3097.4359"
"b566ab0ef88016e00422755e305103c6","MG","extrema","5","120800","24160.0000"
"bc07d855eac23aab5ac8a120f21d16b2","SP","mogi das cruzes","11","120262","10021.8333"
"7238f877570096ae403c51898fa64566","SP","santana de parnaiba","3","120000","40000.0000"
"6bef34c5be6f2bbd70aa5165f6df94b1","SC","timbo","2","119800","59900.0000"
"11fb6f6d341adbe19e81733701704635","SP","sao paulo","3","119700","39900.0000"
"a20d8058c866dbaeca014d2cd20ac62e","SP","sao jose dos campos","2","119400","59700.0000"
"f235413f677777a0738ff215d0184901","SP","bariri","2","119198","59599.0000"
"d8c7ba53e7e38711eaef8c2849d6d2e1","PR","floresta","22","119087","5413.0455"
"700f03c207639c22d933381ff60b35c2","SP","barretos","4","118986","29746.5000"
"c0098efcf800861dcae589affca31408","SP","ribeirao preto","9","118928","13214.2222"
"1710c3aaa9c6b44ec3883ee0fe300e21","SP","sao caetano do sul","2","118890","59445.0000"
"c273175f7c6c80fb02f051e2fc6d0d72","SP","sao paulo","14","118823","8487.3571"
"1dcfa3835714681d4ba4a93bc1e0fd41","SP","birigui","12","118660","8475.7143"
"439a47cc365d6e3bd526812ea9de3c29","SP","mogi das cruzes","8","118650","9126.9231"
"0afccdb8a34ee5c79f7c06faf2b4d56e","MG","uberlandia","24","118560","4940.0000"
"3092c0b297aacfb4bb6e056ebe13b9b8","SP","aruja","16","118430","6966.4706"
"a5259c149128e82c9d6d46e0c1c812bb","RO","ji parana","8","118226","14778.2500"
"7ff588a03c2aeae4fbd23f9ae64b760d","SP","guarulhos","14","118220","7388.7500"
"2709af9587499e95e803a6498a5a56e9","SP","sao paulo","25","118056","2566.4348"
"327b89b872c14d1c0be7235ef4871685","AM","manaus","3","117700","39233.3333"
"b1aaae6b66ad3c40f54b389d7ea4bee0","SP","sao paulo","15","117650","6920.5882"
"dbec9a0a7efeff029d4d9dce7dc4cc95","MG","belo horizonte","3","117000","39000.0000"
"f1b854361f4e15d5851b494df66f22b2","RJ","rio de janeiro","3","116880","29220.0000"
"8629c241b3622ac12cd4118afdc8d394","SP","ribeirao preto","13","116766","8982.0000"
"5ee7fd217d08dfe5d3e2f51f96a12c9a","SP","vargem grande do sul","9","116550","12950.0000"
"c8e135e7b21ecbc36c1153a29d2f5a06","SP","sao paulo","7","116550","16650.0000"
"57c764b4a836300be881e2ff86e449f9","SP","ribeirao preto","28","115610","3986.5517"
"d1c7fa84e48cfa21a0e595167c1c500e","RS","jacutinga","12","115603","9633.5833"
"d1b9d4be4b6f9ebd85f8acd6745ba612","MG","nova lima","11","115435","10494.0909"
"2d378dbb39815785238c0139c7647fb7","SC","sao francisco do sul","2","115400","57700.0000"
"c35672b10ad50968f567ea3f4b91e877","RJ","mesquita","18","115057","5229.8636"
"5fd924b4836098a5be0ecf81ba054ce0","SP","sao paulo","7","114880","14360.0000"
"1d2732ef8321502ee8488e8bed1ab8cd","RJ","rio de janeiro","4","114800","22960.0000"
"d4910f1cdcfdabd48d6b316e395d4a23","SP","santo andre","11","114688","9557.3333"
"10ff823eda2b032e2c93d17a7d294736","SP","pederneiras","8","114498","14312.2500"
"5f3ae9136c875522250f8184f253413a","SP","sao paulo","42","114305","2540.1111"
"1ca4bdb0cd7fc48e949bac066188ed26","MG","cataguases","3","114000","38000.0000"
"5b97c06a046398e7005b2b7c0d707a92","MG","joao pinheiro","3","113997","37999.0000"
"10089e9f2fd0c668a8fd4e52e1698888","SP","sao jose do rio preto","3","113990","37996.6667"
"5f26c1408a65b42a7224cd463bdf3292","PR","arapongas","10","113980","11398.0000"
"6b89abe95848c850399130d149a39b63","GO","piracanjuba","8","113520","14190.0000"
"5b07547f10dd980738a1a27f685af669","SP","guarulhos","13","113460","8104.2857"
"713e3a23ca5e47786eb6f0d99f94cfac","PR","curitiba","4","112600","28150.0000"
"138dbe45fc62f1e244378131a6801526","SP","sao paulo","49","112556","1940.6207"
"ecccfa2bb93b34a3bf033cc5d1dcdc69","PR","curitiba","12","112085","7005.3125"
"c878515173c84a492ebe50d6b493230b","PR","itaipulandia","9","111884","11188.4000"
"cda598c48d7c614bc1cad7d8ff6f0010","SP","mirassol","17","111860","6214.4444"
"365e445f796710c3431557e85caa25db","SP","sao paulo","4","111500","22300.0000"
"1b65c144b17e607c0f37f10bb7dfec8d","SC","rio do sul","5","110950","22190.0000"
"b586cd24c010a13916af621b0325fbba","SC","rio do sul","6","110894","15842.0000"
"6c6cc59a5c00cacc5054ca06d65cc282","RS","santa maria","1","110700","110700.0000"
"abc015ebac1d283a323ca9db35ede4b9","SP","ribeirao preto","12","110680","8513.8462"
"a425f92c199eb576938df686728acd20","PR","curitiba","16","110630","6146.1111"
"457fe919b032a3f7dadba6fb92cf7855","SP","paulinia","9","110489","9207.4167"
"48328ec9a579151d9cc6a86d4a59336c","RS","canoas","1","109900","109900.0000"
"4b39558c138930b9e5489c93b6df5fe3","SE","aracaju","4","109670","21934.0000"
"b55638ad525e906c698fa2ce742c1742","SC","imbituba","11","109480","9123.3333"
"75fbb52eda0cbc24f479d3b2fbfa8d3e","GO","goiania","38","109419","2668.7561"
"119d1aef1b4144adba89163f6cd9f5d4","SP","pedreira","4","109400","27350.0000"
"8b655f0855926bcb49f5835d38dfddf6","SP","osasco","5","108950","21790.0000"
"e504a4e2efaa45cbff7e268a2c58c956","SP","sao pedro","10","108890","9899.0909"
"f205b1a3ca9a34e0f8a228bae6e4c7b3","RS","cachoeirinha","8","108800","13600.0000"
"76ea5315acb3f5f7ade3cd261faf922a","SP","sao paulo","15","108706","7247.0667"
"fe87f472055fbcf1d7e691c00b1560dc","SP","campinas","6","108580","18096.6667"
"e48cc16ab70bfa09e1401740dce0b3d7","SP","aracatuba","14","108483","6381.3529"
"39f776d2974049026ff531fc42ef2a3e","GO","goiania","3","108404","27101.0000"
"71dc18fd8cbf5fd77f45dd8b427abb34","PR","curitiba","4","108000","12000.0000"
"4091f77d8c768fc3e81c20761471761d","SP","sao paulo","8","107900","13487.5000"
"4736e9d642ef4257cd7622516931eb51","SP","piracicaba","16","107887","5394.3500"
"03a2a6dcbe45d639c4dc2a0d24769c40","SP","maua","9","107841","11982.3333"
"a066df7361163e7ddc5d7452dd17448b","SP","franca","15","107830","6342.9412"
"577719699805dd125d5b6fdde5943bba","RS","nova petropolis","8","107780","13472.5000"
"167fd940acebc789debd6eb418c46e38","SP","franca","5","107758","21551.6000"
"6562efe88ce0826a4ca4f189f03b4b84","PR","maringa","8","107600","5380.0000"
"3d4b1ae7539303b5704493798893e82c","SP","sao paulo","6","107600","11955.5556"
"4cf490a58259286ada5ba8525ba9e84a","SP","tabatinga","7","107530","15361.4286"
"596849622429351f47b32e6cae1055ff","SP","mogi das cruses","13","106980","8229.2308"
"334cab711dee080b079fa5779b584783","SP","santo andre","11","106970","4114.2308"
"b18871c324516afa228a13e8f1ef0ae9","SP","sao paulo","9","106460","4628.6957"
"eb72802c83dc7547529c9546d1a9b8ef","SP","rio claro","8","106392","13299.0000"
"8fbd63429be6d3e5e6d1a709b6464802","SP","santo andre","6","106140","13267.5000"
"b2eecf5ea250510da76590ca79d60e5d","SP","sao paulo","9","106000","9636.3636"
"1464afc72f696af775557a821c2e253f","RJ","nova friburgo","29","105936","3531.2000"
"226b05fe067266c59c15dae208213d06","PR","curitiba","10","105690","9608.1818"
"55dedd83e501d8248880557d9073cbfd","RJ","rio de janeiro","8","105530","11725.5556"
"9d7a1d34a5052409006425275ba1c2b4","SP","franca","13","105482","6592.6250"
"fcf16b7a8697e559f0123190bb30177d","SP","sao paulo","3","105280","15040.0000"
"4324dd16853115efb0fd9d0d131ba6f4","SP","sao jose do rio pardo","12","105225","5845.8333"
"bb135baca94c82fcb731335ad5b04a03","SP","sao paulo","18","104980","2762.6316"
"49067458c68f7701fd334ce326accbe0","MG","juiz de fora","17","104765","2831.4865"
"ea6b12bf9ffe2bac34602ec631d97a47","SP","guarulhos","9","104730","11636.6667"
"1cbd32d00d01bb8087a5eb088612fd9c","SP","sp / sp","11","104547","8712.2500"
"c03121937e54a93fcc1825c3098bbb6e","PR","curitiba","7","104300","14900.0000"
"89f69225956f951295ca4c7fb1266553","RJ","vassouras","11","104130","8677.5000"
"1bc2e21de46adfea6b98cc96b00f3b40","SC","joinville","3","103995","20799.0000"
"633ecdf879b94b5337cca303328e4a25","SP","sao paulo","6","103760","17293.3333"
"7df1fc11cc5cbc518b39faa60cf5d67c","MS","campo grande","5","103760","20752.0000"
"c54679b132454625907c773d273d4126","SP","guaruja","7","103200","12900.0000"
"8c5e007d7bd5693fa1386ffefbc99f6c","SP","indaiatuba","9","102911","4287.9583"
"8f2b51a30523cdecddc2f179f351c7d6","SP","sao paulo","7","102790","12848.7500"
"76c47a299e4a8fe992316a85865acbe9","SP","ribeirao preto","6","102446","10244.6000"
"e58a5b390e28abc0b216cfb0e07d27d7","RJ","rio de janeiro","7","102260","14608.5714"
"26785a546900236d66f2e4197c211158","SP","sao paulo","15","101920","6794.6667"
"7aa538dd6e114e503a2e6154ea352253","SP","catanduva","5","101668","20333.6000"
"a13aaf2d2886ab9fb30fb9a920160b8f","SC","joinville","4","101152","25288.0000"
"28872dc528e978a639754bc8c2ce5a4c","RS","caxias do sul","1","100990","100990.0000"
"5b664594895aefb418afaee6d40a9a23","RJ","petropolis","16","100880","4585.4545"
"00720abe85ba0859807595bbf045a33b","SP","guarulhos","13","100750","3875.0000"
"fb3cfbc8a86f5d7fbb4d36b8df63f60d","RJ","rio de janeiro","10","100730","6715.3333"
"980640c45d7a4635885491d077167e4d","SP","rio claro","14","100429","7173.5000"
"ef9952469137ff190bacafe117f51537","MG","uberaba","5","100266","20053.2000"
"515d781150feed28a6ac091bb0e3cb8c","MS","campo grande","6","100235","16705.8333"
"2379bdc3888025689a9deb7b141507d5","SP","mogi mirim","9","99950","11105.5556"
"41c9d3997dd3c072c31139dc5bb5761f","MG","araxa","3","99880","33293.3333"
"cb4a705d00e100b9732d0ca34817d441","SC","florianopolis","1","99800","49900.0000"
"de9727ca376d1be6ec121b110aa7954c","PR","sarandi","9","99780","9070.9091"
"b5e3e38609125694d2ea2417522a60b7","SC","florianopolis","16","99504","5853.1765"
"7c5b05cbdb5542049f38d90d7815b97d","SP","sao paulo","21","99397","4321.6087"
"04e38a233f726ef161074ab1c9b0399a","SP","sao paulo","19","99160","4131.6667"
"8a43128d7f9a3db592b866e6861a6cce","SP","sao paulo","3","99060","24765.0000"
"7ecef8194babfec876ca720714327841","SP","campinas","7","99050","12381.2500"
"d1582f4043306e6b91afa6a8a884f898","SP","sao paulo","9","99000","11000.0000"
"6025c79c035c3d772133b8b8238463b2","PR","pinhais/pr","2","98974","24743.5000"
"8fdca8e349553f99bc738833a62c8802","SP","sao paulo","22","98934","3411.5172"
"edd066cd02126d7800f9b66e980e9931","DF","brasilia","6","98770","16461.6667"
"e84ad2127668df3aafc6b73531a0beb8","SP","sao paulo","19","98700","4291.3043"
"7a9c12e235c36247c3c81f50d6ea9cea","SP","sao caetano do sul","5","98390","19678.0000"
"adcf50477d6a1f5d91bb9d54c4903cb5","MG","claudio","16","98186","3167.2903"
"325f3178fb58e2a9778334621eecdbf9","SP","taboao da serra","36","98170","2134.1304"
"83645b1645cdee8953ee54c29ceed564","PR","santa terezinha de itaipu","14","97890","6992.1429"
"e0eabded302882513ced4ea3eb0c7059","SP","campinas","8","97840","12230.0000"
"a99504ac23ed125aaf5302af6cc30af9","SP","batatais","1","97800","97800.0000"
"8e670472e453ba34a379331513d6aab1","MG","juiz de fora","1","97500","97500.0000"
"3f2af2670e104d1bcb54022274daeac5","PR","terra boa","6","97360","13908.5714"
"0e982cff76cc0579f632cea8a0e38c9d","SC","itajai","6","97190","13884.2857"
"9bc484c87d79cd4874e05ca182658045","SP","sao paulo","8","97000","12125.0000"
"528bcf6680c36dddf07620bd35b33a6f","SP","sao paulo","2","96998","48499.0000"
"ec4608a1f76453166bb312b2968aeaf4","SP","porto ferreira","17","96881","3340.7241"
"9261d76c62caaf0b24677c2ceb7f8f20","SC","palhoca","6","96870","13838.5714"
"9e9b539eb2806acee3f5c28085c1db9f","MG","contagem","3","96700","32233.3333"
"4b1eaadf791bdbbad8c4a35b65236d52","SP","ribeirao preto","5","96009","19201.8000"
"b19c48688808720822399ffa9f2dbe2f","SP","sao paulo","1","95999","95999.0000"
"05730013efda596306417c3b09302475","SC","criciuma","4","95200","23800.0000"
"f0e103c63864d5405b958d984b6e94c9","SP","osasco","11","95170","8651.8182"
"5b2e94f2c22b39ccc24d34ad0f669672","SP","sao paulo","10","94978","9497.8000"
"07017df32dc5f2f1d2801e579548d620","PB","joao pessoa","8","94649","10516.5556"
"4f1f1c8666cdb6442f775c4e8caed465","MG","belo horizonte","2","94498","47249.0000"
"4e06067cc08b3f41d837768d392c3ee3","MG","betim","31","94172","2047.2174"
"69b5eaa096c3f9d1e5c398c597f567d6","SP","birigui","2","93800","46900.0000"
"79a679c36c08d606b3fd47ead9de109b","SP","sao paulo","3","93500","13357.1429"
"db46ca7bce82b11f7e247539271fc390","RJ","rio de janeiro","16","93397","5837.3125"
"bc47d5d1490df2b36add65d733eafaba","SP","santo andre","21","92980","4226.3636"
"4ebdc7e6cd6102a022dadc49156d4ea8","SP","sao paulo","29","92870","2902.1875"
"c8025364abeecb115431bf95c11a747f","RS","porto alegre","2","92800","46400.0000"
"20b54c376b794ed028df09a3cd88e8dc","SP","sao caetano do sul","7","92787","13255.2857"
"343e716476e3748b069f980efbaa294e","SP","campinas","17","92260","3844.1667"
"2d42ebcda99fd55f6f4bc2f1ca035d50","GO","uruacu","10","92150","8377.2727"
"ef2fbc2b607d8492bcffe657a4645434","RJ","rio de janeiro","19","92090","4385.2381"
"670a9dda115b5a88b18cfadee8de2332","SP","ribeirao preto","11","91890","8353.6364"
"7d7d2b7a51328016102d4528c411d630","SP","ibitinga","7","91880","13125.7143"
"1caf283236cd69af44cbc09a0a1e7d32","RJ","nova iguacu","33","91760","2480.0000"
"dc7192adf8ba09569261f4a8d576afe0","SP","itapeva","7","91700","11462.5000"
"e9729944ba65dc3ce425e0c5a22ae7b2","RJ","petropolis","4","91670","22917.5000"
"32e5635e63cb374eb63afdd242fb6134","RJ","rio de janeiro","1","91000","91000.0000"
"70849ca4f400aaabb62cb7462a6f1428","MG","belo horizonte","12","90958","7579.8333"
"3f9c56764fabca627406093dcb3ef0b4","RJ","rio de janeiro","7","90930","12990.0000"
"08d2d642cf72b622b14dde1d2f5eb2f5","SP","marilia","16","90900","4545.0000"
"e5cbe890e679490127e9a390b46bbd20","SP","sao paulo","2","90899","45449.5000"
"4a1f694197d05fe70026b016a7316b41","SP","pedreira","14","90777","3946.8261"
"e250d617a0ad591ba9bd663e584a895d","SP","guarulhos","8","90412","4520.6000"
"ae45df84722b1d15c5f32b23a095746c","SP","sao paulo","9","90183","7515.2500"
"e1c76f339ebd5460999f25a2aa8c92c5","SP","sao paulo","1","89990","89990.0000"
"b45d7ebfb7378630f1bcd74b6ff86ff7","MG","belo horizonte","3","89970","29990.0000"
"7dc9a3355bae96dd82008b313d3a456c","MG","dores de campos","1","89900","89900.0000"
"e51f22821f0c12a16ad5c020cdcd55e9","SP","carapicuiba","4","89871","22467.7500"
"f8201cab383e484733266d1906e2fdfa","SC","palhoca","10","88900","8890.0000"
"160e4f13fd3a64b1b86807be88b5ffb0","PR","colombo","4","88600","22150.0000"
"e1dc0754bada9ee4cfe9713f22f61292","RJ","duque de caxias","12","88500","7375.0000"
"ffad1e7127fb622cb64a900751590acd","SP","americana","10","88430","5895.3333"
"48985c61529077fa4f1e38bcff0f2ed3","RS","porto alegre","7","87930","12561.4286"
"3c3017960b2dbd72711a61f0400aab8f","SC","jaragua do sul","9","87890","9765.5556"
"134a288e7de827ec5ec62e3ec9c3a295","SP","sao paulo","9","87745","9749.4444"
"17eea220a40cc0d2c0c5346379682398","SP","sao paulo","3","87598","29199.3333"
"1f867308a0ce13133a4e639ff4de0c02","PR","curitiba","7","87510","6731.5385"
"cac63f48c38cd7d002a7e846dcd99a23","SP","sumare","10","87400","8740.0000"
"3d621842b2ed28e2b474132480edac3c","SP","sao paulo","8","87393","10924.1250"
"efff9341f3f8f5237b44ff67ed36a7bf","ES","vitoria","5","87299","17459.8000"
"9c690ceacd5c66731bf443ea810195cb","MG","camanducaia","10","87180","7265.0000"
"04fdea0c111866e6cf812f1570d6b5bd","SP","sao paulo","8","86500","10812.5000"
"a67780aba9dd436e7ac0aa1f889e73ec","SP","presidente prudente","6","86300","14383.3333"
"41da412d33e8da4f22baf55cb1bde82c","ES","domingos martins","15","86290","4109.0476"
"6a8a889bde935bafa76d7848782dfaf9","SP","sao paulo","26","86082","2869.4000"
"5011f0d93373a4c5753adf58ca77af8d","SP","santos","11","85952","4092.9524"
"c4fabeea6e569d42d02993bb1f4f1cbc","CE","fortaleza","11","85930","7811.8182"
"2c43fb513632d29b3b58df74816f1b06","MG","belo horizonte","3","85800","28600.0000"
"e8dba4d70f7f2b20e775d09cae01142d","SP","santa barbara d oeste","9","85591","9510.1111"
"bf00385a5f7fc1ef39a13c2e9ee50a5f","SP","sao paulo","28","85540","3055.0000"
"9198786624eaeb375793215cad26cfa6","SC","rodeio","8","85440","9493.3333"
"f783a638e9c6af4a7d0dbfde811e7a81","SP","sao paulo","5","84980","16996.0000"
"1099a00e0ee3a50935e6c2447ca090c5","RJ","rio de janeiro","3","84970","28323.3333"
"010da0602d7774602cd1b3f5fb7b709e","SP","sao bernardo do campo","1","84950","16990.0000"
"4221a7df464f1fe2955934e30ff3a5a1","BA","bahia","5","84950","16990.0000"
"a0d7fbb07bb5ebc3b05980e750db56f3","SP","ferraz de vasconcelos","3","84899","21224.7500"
"3dbbce181edfaa4a597ec858c382d2ec","PR","curitiba","17","84830","4241.5000"
"fe1b067411b8c5066e962aa146ccee03","SP","presidente prudente","8","84778","10597.2500"
"113e3a788b935f48aad63e1c41dac1bd","SP","aparecida","39","84735","1765.3125"
"20cb7c2fde3e5bf10f0bbe7394e1c6a9","PR","andira-pr","31","84500","1690.0000"
"2b03ac196f5ed62ac483960fe0fa3b65","SP","sao paulo","7","84310","12044.2857"
"ddd51ae8cda92f3995a51fc0f0f3eec7","RJ","rio de janeiro","8","84270","3370.8000"
"0791d9fc1e30678ecf03d3e55fa108d3","MG","belo horizonte","5","84200","7654.5455"
"a1544b9ea0b2390e020537d4daa89049","SP","jundiai","8","84120","10515.0000"
"a3b42d266fa8afc874b909422ce88582","SP","orlandia","1","83940","13990.0000"
"c37b2059d4f90d4feead554e5246565e","SP","sao paulo","12","83930","5245.6250"
"6e4f5ff6b086632ba8dcb558fb10249e","RS","flores da cunha","5","83890","16778.0000"
"82cb9f452fe8334df74b22d37824b431","RS","caxias do sul","14","83820","4656.6667"
"eba88037e1dca898cd02881f67ced679","SP","sao paulo","6","83810","13968.3333"
"b81e3a6c866a764974fe849821abeebd","SP","maua","8","83615","7601.3636"
"28f10b1c5e5abb9d4857745bede6147c","SP","sao paulo","28","83500","2982.1429"
"297d5eccd19fa9a83b2630071ff105e4","PR","curitiba","8","83497","10437.1250"
"1bb3812d5f0747a3ab7348f199001a10","SP","sao paulo","9","83440","9271.1111"
"91543f9849d68d023e17194926598543","SC","blumenau","4","83400","13900.0000"
"c00396cbdd2e088fe4281baa5920aef1","PR","campo magro","1","83241","27747.0000"
"9485a23c0430ba1d58d359391606fce6","SP","santo andre","4","83090","20772.5000"
"8602a61d680a10a82cceeeda0d99ea3d","SP","sao paulo","17","82699","4352.5789"
"1cd9e0cc1839d55516843def5600816d","SP","sao paulo","5","82500","16500.0000"
"51e4e89242cbb846c2deff3dc015650e","RS","rio grande","16","82258","5141.1250"
"10076e5788b8ee532724bcd460baf762","SP","batatais","23","82148","3159.5385"
"28ea411b354f14b1a494be4e79f0ce02","SP","sao paulo","6","82000","13666.6667"
"973f21788dfab357250f69a8dcb7ddee","MG","claudio","9","81900","4310.5263"
"0aa2205ca24f113f4658a5c536667426","SP","sao paulo","4","81562","7414.7273"
"63a79f5a7eb5cb48a7e5787b141c7993","MG","patos de minas","11","81510","7410.0000"
"daf565f087a52def0fd5c5825b3661bc","SC","brusque","9","81390","9043.3333"
"dc64d75cc406bb0697be983831430e60","MG","belo horizonte","4","81300","20325.0000"
"a1bea7061f61f6fdd9a85a6325ba1033","SP","carapicuiba / sao paulo","9","81095","9010.5556"
"725af026f869236a8dd0ceb98564d156","MG","claudio","5","81072","16214.4000"
"5996cddab893a4652a15592fb58ab8db","SP","presidente prudente","1","81000","81000.0000"
"bd4431c1a8dfa744b59e1e2a8bc99b9e","RJ","rio de janeiro","7","80950","11564.2857"
"14ee35374a7876217954b5fa08e50463","SP","sao jose do rio preto","6","80900","13483.3333"
"ba5daa4041e1f15cdf34b76e3e18a450","SP","sao paulo","15","80680","5378.6667"
"caa9bc43a9fe8cf9c564ddd8a03cc4a6","SP","jacarei","13","80387","5741.9286"
"b5abf4f36adc043117b4fca82c22984c","DF","brasilia","8","80310","8923.3333"
"a72c2f59332659e361d647515c698798","RS","flores da cunha","5","80290","13381.6667"
"11eac105f3f90a9b87b19c89d91e24f3","SP","sao paulo","5","80289","16057.8000"
"ba6b4a237f92479743cf0ca06b67a9ac","RJ","rio de janeiro","8","80189","10023.6250"
"557f22c76691849db52d2abccf0015d0","GO","morrinhos","12","79987","6152.8462"
"253f95b3a0e6983ae18aed49fbc2b845","SP","sao paulo","5","79950","15990.0000"
"9c7fd21e0aa159b20da593371f08ff7c","SP","osasco","7","79830","9978.7500"
"13511db12ac61e2f89c53b72a944a60b","RS","caxias do sul","6","79800","13300.0000"
"365e4bce19bda0082c3d15d83fdb8bcd","SP","sao caetano do sul","6","79640","11377.1429"
"5a05a16bb50629ee31afab8a6d4c2674","RS","caxias do sul","14","79430","5295.3333"
"e3a386fc36e22064434e1fa256f6a9fa","SP","engenheiro coelho","16","79390","4670.0000"
"0d4c8269e7f0401201794deef160edd6","SP","ribeirao preto","3","79264","19816.0000"
"52956b80ae65fda598f06f6b9943e7a9","PR","maringa","3","79200","26400.0000"
"4ef4c39cf3c24f326434cf0b2e48046a","SP","sao paulo","7","79200","9900.0000"
"134b867a0f7f8bbe6abf10f91874891e","SP","valinhos","1","78989","78989.0000"
"f9eedec3129e8cc6b6429c42d0808c5b","RJ","rio de janeiro, rio de janeiro, brasil","2","78980","39490.0000"
"2305ab43e846518f58dd9d59f3f54e96","SP","sao paulo","3","78889","26296.3333"
"4c61e37f664c3c88aff092aa5ac779d7","RJ","niteroi","7","78831","9853.8750"
"3492e68f37fd1df87f4f2f2ea247f445","SP","salto","8","78786","8754.0000"
"da03c298e3999e9d828591fc2179d109","SP","sao paulo","4","78770","15754.0000"
"1cbd50a8c52e6cf8e315c5709fab386f","PR","fazenda rio grande","9","78597","8733.0000"
"9d681c7e12db302cb261e721040dde65","PR","curitiba","13","78560","5611.4286"
"9535a841eecebed61a9fb1ac1cbb5597","SP","sao paulo","2","78490","39245.0000"
"de09d00cfc265b8804c7df34075a68fa","SP","sao paulo","3","78400","26133.3333"
"5f06030071324cc52bf0304014ac7234","SP","marilia","4","78396","19599.0000"
"6b9b80d53ba3676eafe60268a810b5a1","SP","belo horizonte","9","78370","8707.7778"
"d4f117125b59ce73c3302f88ee40c458","SP","sao paulo","17","78329","4607.5882"
"ef30892870c278497523264be1be2241","SP","araraquara","9","78320","8702.2222"
"52a52b9f656520e99716f5bc40f661c8","SP","sao carlos","7","78310","9788.7500"
"41c2bad7229b0c25e6becf179ebf63ff","RN","natal","20","78200","3400.0000"
"11742f81550ac064cc9a40f67151d9ad","SP","catanduva","2","78190","39095.0000"
"70bf57d811208f8923b41bbd499a67a4","SP","franco da rocha","7","78080","11154.2857"
"e560e4022d8f7aebf155db95946c5c0f","MG","belo horizonte","2","78000","39000.0000"
"cb6c9f5888a7a090c75beaf615925792","ES","vila velha","11","77989","7089.9091"
"6524b847b982cd56bb5d4b02b776ee42","SP","campinas","1","77980","38990.0000"
"4deebb3199eeafb282ae33229144f94b","SP","sao paulo","4","77970","15594.0000"
"5a413ade68e8f8d93071a7f52a64cb9e","SP","sao paulo","14","77890","5563.5714"
"68f86ba270525243e68ae74044f992b9","RJ","rio de janeiro","10","77750","7068.1818"
"d66c11a9572221d92fbb8c4897db5f9b","RJ","rio de janeiro","16","77656","4853.5000"
"74636e24f01da9268b0ed88dacd8513e","SP","sao paulo","4","77600","19400.0000"
"5c3460cd3e8a984382ae254e7dd20d9f","SP","sao jose do rio preto","9","77576","7757.6000"
"d9442042130b7fe579d1295f9f4a248f","SP","sao paulo","19","77216","3509.8182"
"e644cbadf7eeb30d0d29f335ce7d52ec","SP","sao paulo","7","76891","8543.4444"
"0ff83046c3fa22efee8ecf291888b191","RS","caxias do sul","10","76890","6990.0000"
"4a1917ef994878940e1fb03eeb787ad7","DF","brasilia","2","76800","25600.0000"
"562f8cfc51f265411f487d07e9c40e7f","MG","belo horizonte","13","76692","5899.3846"
"6f83d9e4da896daae20b9b6b2d3ff8d2","PR","pinhalao","11","76519","6956.2727"
"0b36063d5818f81ccb94b54adfaebbf5","SC","jaragua do sul","1","76500","5100.0000"
"5acd070dd3fe441bbb2ec1f1ede515ee","SP","jundiai","7","76417","9552.1250"
"2063dd1b9f568df1c16741ea7d3e6adb","PR","guarapuava","3","76310","25436.6667"
"81783131d2a97c8d44d406a4be81b5d9","SP","sorocaba","8","76184","8464.8889"
"39c763cca83e654764b7a4a650fb9b7c","GO","goiania","11","76100","6918.1818"
"a56e351445e5863fc8960640ba9190c7","SC","itajai","3","76092","19023.0000"
"ca77545ca4d2dfd1431bf61334e2fa3c","PR","maringa","6","76000","7600.0000"
"7c51de0ab286204ce75ff42bf7c10d92","SC","picarras","4","75900","18975.0000"
"c1ed9e3daf6154542826a6996af0fb8c","SC","itajai","8","75750","4734.3750"
"458c6fa920810ce2492da71bc26d9eec","SP","catanduva","2","75676","37838.0000"
"cf654707ed6a99f112c7ec3d6f314b8b","SP","sao paulo","3","75600","18900.0000"
"21c62b998a043ebe31161d38f84929fc","CE","fortaleza","4","75049","18762.2500"
"61c36f0fc4a47f9532e5512b66668e62","SP","guarulhos","1","75000","75000.0000"
"9dc79dd988ac42f4d56c340d7048420a","SP","sao paulo","4","74960","18740.0000"
"87d3c3aeb3ead335511b3ce315eb341e","SP","sao paulo","15","74935","4995.6667"
"fd435faa3c0422b60440ea3480d0e77c","PB","joao pessoa","1","74900","74900.0000"
"191d55f7edb8524d525ed01b20fe32e8","DF","brasilia","3","74700","24900.0000"
"c89cf7c468a48af70aada384e722f9e2","RJ","petropolis","14","74500","5321.4286"
"ba6ce6de456f6c11d08c17701ba5c26f","SP","sorocaba","6","74435","10633.5714"
"e8a85b5f3df47be0984c55fd4064dbb4","DF","brasilia","8","74300","5307.1429"
"6e864f5c4669eff3d98140a07cc50202","SP","sao paulo","13","74059","5696.8462"
"2ba91c7ad80ff88b23b7db823b43c233","SP","itu","6","74040","12340.0000"
"5bba18b40e8c973b0f32e748004775b0","SP","itajobi","1","73998","73998.0000"
"8a40ae794fa3f9892cee24bd5af0488b","PR","curitiba","6","73985","12330.8333"
"ba6b68b55fe8704377a7d43c8e5c0185","MG","belo horizonte","5","73977","14795.4000"
"6bb62a4912377c7bfe7cb17b406bc7e6","SP","jundiai","4","73952","12325.3333"
"8c91bfea4263b8fba54081460693e2a1","RS","horizontina","2","73900","36950.0000"
"e73bf2cea7fe4b0b4d287a7568ed1099","SC","chapeco","4","73770","14754.0000"
"56db5c0782e8f7ddc9343f9576ff6d16","SC","palhoca","2","73480","36740.0000"
"4200ddf1967c5e41e48db62bc6d4b5ac","SP","sao bernardo do campo","22","73480","1749.5238"
"33cbbec1e7e1044aaf11d152172c776f","RS","bento goncalves","15","73067","4566.6875"
"014d9a685fd57276679edd00e07089e5","PR","maringa","11","72988","6082.3333"
"7210cd29727d674c00741e5e387b3ccd","SP","sao paulo","9","72909","5608.3846"
"8b87cd0d43d49b9bdf40f56229364d59","SP","sao paulo","2","72900","36450.0000"
"da6a60cc8cc724fe51be021ff8be779c","RJ","sao pedro da aldeia","12","72879","5606.0769"
"aac51c486b672a9850d59f3e84b1cf88","SP","sao paulo","10","72828","5602.1538"
"d29ba1220fb8634fa3a107e54497b8a4","SP","sao carlos","9","72494","8054.8889"
"fe1bbc5feda5c8979a8a1b3b2512d5a6","MG","arinos","9","72472","7247.2000"
"6d22a1fcebb6dd08c9cd90b92a93e8d0","SC","joinville","12","72370","5566.9231"
"d9e7e7778b32987280a6f2cb9a39c57d","SP","sao paulo","11","72250","5557.6923"
"07d75e33f2750d97d467fb57e4dfdd8a","SP","sao paulo","2","72240","36120.0000"
"c8cc60ffd415254af5d9b9f34f32c369","SP","sorocaba","8","72220","8024.4444"
"b16d3dadc47d4eb18be3d88bad0775ce","RS","estancia velha","10","72210","6564.5455"
"94231344608e603693b0a8891143f65d","SP","porto alegre","3","72200","24066.6667"
"d79e8478eed9999493990b44955fb22e","RJ","rio de janeiro / rio de janeiro","5","72189","14437.8000"
"07de60b03d150fb3ea09eab5da5e4c8b","SP","ibitinga","9","71910","7990.0000"
"75a4764c108403a7a0575140cb22287c","RS","caxias do sul","5","71690","7965.5556"
"ac6417315ae5da8f9a38ee11de6f7780","SP","aruja","7","71640","10234.2857"
"808d4348b916efa08e766ebad39f61eb","SP","sao paulo","20","71295","3564.7500"
"d558ebe531605a1285ab2b1bc3256dfb","MG","divinopolis","3","70900","23633.3333"
"024b564ae893ce8e9bfa02c10a401ece","SP","sao paulo","2","70640","8830.0000"
"18e694e0e48ed6f7aa3f24aade5fd697","SP","varzea paulista","31","70154","2063.3529"
"39d61be7a92eb77b7da367bd4845bc0e","SP","sao paulo","7","70059","5004.2143"
"3ef37b7ca6dd2b80bd8af81a62504996","SP","sao paulo","2","70000","35000.0000"
"ac51cac5e20d69ff485a54746488ef48","SP","ribeirao preto","3","70000","23333.3333"
"328acb143b4a73aad6bee8e734f5d20d","PR","foz do iguacu","2","69998","34999.0000"
"1b4b28463457a256e9a784ebe2a8f630","SP","piracicaba","1","69942","69942.0000"
"59cea8e446d3834393058e7e0666b6fb","PR","maringa","10","69660","6966.0000"
"0d83f8e03188682112cc0d93523705cc","RS","porto alegre","4","69626","8703.2500"
"fac35d150712afb921ec59ac5f39bb11","MG","bonfinopolis de minas","5","69600","11600.0000"
"05a940b4ecae36cadfd8e93bd9c43257","GO","goiania","9","69510","7723.3333"
"052577151711aec5c744fe12e66db3e1","SC","rodeio","1","68700","68700.0000"
"2dd1fb6f0e42a2243b8a01e40cd41216","PR","curitiba","3","68689","17172.2500"
"b4b447d715f9ab302a188fb43d3e96b3","SP","sao paulo","5","68593","13718.6000"
"b2c97074649f92197d9387d9033dda5f","SP","botucatu","10","68471","6224.6364"
"4e6015589b781adaa5ce7f1892d06bb1","SP","guaruja","3","68400","22800.0000"
"2fb25ab44bdbeae6a4d816e0d0c9d500","RJ","volta redonda","5","68308","13661.6000"
"d9cd369bffa979d1634f8e1318bf2f1b","SP","bady bassitt","3","67800","22600.0000"
"9aa388272ee334b6ae07bc73706e254a","MG","muriae","6","67800","9685.7143"
"89a51f50b8095ea78d5768f34c13a76f","DF","brasilia","10","67716","6156.0000"
"a513150f33f99a06569e9cd5c4bb889b","SP","sao paulo","2","67700","33850.0000"
"3d5d0dc7073a299e31fa718ce1bc00b6","RJ","rio de janeiro","21","67480","3067.2727"
"6861de0f40cacb0602e473c51639f980","PR","curitiba","5","67400","8425.0000"
"c6218512d16fcac0af02fe92691cf274","MG","contagem","8","67400","8425.0000"
"5962468f885ea01a1b6a97a218797b0a","PR","curitiba","6","67400","11233.3333"
"e21a1e8be4715b0fcfd5385643bc49c4","SC","jaguaruna","20","67370","2929.1304"
"7354220fb240bde543b3c40c060d41e7","DF","brasilia","7","67200","9600.0000"
"e4ebd3f87bf70440014f07ddda7fbe03","SP","presidente epitacio","7","67150","9592.8571"
"6e1862e15f33d9994bc25922a85e1efc","SP","rio claro","7","66849","5570.7500"
"0a85ebe4e328db81ac9109781205e2f7","SP","jundiai","12","66790","5565.8333"
"6824a69c9ea0313eba299dd4a2dba09a","MG","formiga","6","66690","9527.1429"
"5f7300535881cef3b625fd683cf7d145","RS","canoas","10","66598","6054.3636"
"55c26bcb609f480eb7868594245febb5","SP","tabatinga","6","66440","11073.3333"
"bdae679a9b282249bc23b9b69dae9a99","DF","brasilia","6","66315","5526.2500"
"8d46553a36e68f95350a200c12f8f2e2","SP","campinas","9","66000","6000.0000"
"49383af7ab774e4e8f3000f49c83dc4b","SP","taubate","8","66000","5500.0000"
"c7fdb77fdbff3c41981bc52f787e959e","SP","santo andre","9","65848","5986.1818"
"1961c3e1272bfeceb05d0b78b5bbfdaf","SP","guarulhos","2","65700","21900.0000"
"b0398568231ba5e6734af1881671a317","ES","colatina","4","65677","16419.2500"
"c447f8dd3ed213f291d65ef074a268eb","SP","assis","7","65500","8187.5000"
"80f2cf9abf6b5a0e5c612b5eea6646e6","SP","sao jose do rio preto","6","65408","10901.3333"
"cd3d09fbe6e3e9ff0c0ac0c300e93ae7","SP","nova odessa","12","65104","5425.3333"
"5d043cd5512d4bd2f88e5ccdd5736c38","SP","sao paulo","1","65000","65000.0000"
"43402bdf22aa2310e8f99e2f94f78628","SP","ribeirao pires","4","64995","12999.0000"
"c522be04e020c1e7b79f3acff36513d5","SP","santana de parnaiba","6","64994","10832.3333"
"f435898e493ba0356019a0b1cb8b55b1","PR","curitiba","10","64976","5414.6667"
"236585a4ddb5fea9fa40233e2249ed91","RS","caxias do sul","11","64953","5904.8182"
"54aa8463e87776b5612f4bdc4bd5d4de","MG","belo horizonte","7","64930","9275.7143"
"9cad4b68bb993ee401a3c5aaa2bc26dd","SP","birigui","5","64930","9275.7143"
"95b293867b5862941c9cd74f756a3c68","SP","sao paulo","9","64810","7201.1111"
"b26741d31a563d769b4af0465ab20c56","SC","florianopolis","2","64800","32400.0000"
"72c38a04bd6a1c3dbc5298425a0db86d","PR","cascavel","4","64730","12946.0000"
"2aa3443d7bf9d9bb11133f420d75e083","RJ","rio de janeiro","10","64700","6470.0000"
"13f57c12a00ed4610db646b913a7f5c6","SP","santos","7","64520","4963.0769"
"8d899e15a5925f097cca50faa49b15e3","SP","sao roque","4","64500","6450.0000"
"ad273c9eb54ecb4532de4bf75bae9e4e","PR","curitiba","10","64500","5863.6364"
"f3295428338a40977a03f555246a70f4","ES","vitoria","7","64498","9214.0000"
"bd1d49a326abfa9b1036772e40445430","SP","bauru","12","63770","4905.3846"
"7a91bf945c6fae0779f1c61ce97fe45c","RJ","mesquita","4","63460","15865.0000"
"7b98de631987e26dd6d803490c43a13c","PR","loanda","8","63420","7927.5000"
"1430239a858e7682bbc43b20758af153","SP","sao paulo","17","63399","2881.7727"
"be8e909810184b9b19e886129149d8e5","SP","piracicaba","15","62985","4199.0000"
"685b870da5b52a710782c9c0fefbeb5b","SP","sao bernardo do campo","2","62700","31350.0000"
"8759e7aedd644f487315e5860962f162","SP","santo andre","3","62700","20900.0000"
"0570350b23eda5444f8d1d9544932058","SP","sao paulo","6","62690","5699.0909"
"2f09f7d37a97956d11cc1a7cadd5262b","SP","ribeirao preto","7","62500","7812.5000"
"6cf476a4ca74498db55cbccdaa9dcfb6","SP","sao paulo","5","62494","10415.6667"
"a2deecd5398f5df4987110c80a1972a3","SP","sao paulo","13","62381","4798.5385"
"d8cf3b6a2151949f930d0252b180ec42","PR","mandaguacu","6","62370","3282.6316"
"ab3e0c171fe84a7ba7de130f19cfb485","PR","colorado","6","62345","8906.4286"
"bfd938b22bc99bce1ae60dc602889f52","RJ","rio de janeiro","4","62340","10390.0000"
"3969863bb8af7f72580b3b1ffd3a17b3","SP","sao paulo","12","62315","4793.4615"
"26bad72add1f86e08a776ce4ffdaf1ca","SP","pedregulho","7","62200","8885.7143"
"b5bb2b985208834bd5bd86c7a402bbad","RS","venancio aires","2","62106","31053.0000"
"6b15924333bd1a741595fe981ea04822","SP","sao caetano do sul","21","61432","2925.3333"
"1d29dfba02015238dfbe2449a5eaa361","MG","vicosa","12","61280","5106.6667"
"b44dbfbf62e52125f3c15d230569ea91","SP","sao paulo","4","60937","7617.1250"
"3d3ccf2b2f8134b10dce9dd446f0e075","SP","ibitinga","3","60860","20286.6667"
"c6a7539d424a8402232c2228d7a03c5e","SP","sao paulo","10","60750","4050.0000"
"525e75a6fb1454a2325ab1734bcec221","SP","barueri","9","60717","6071.7000"
"2059c39f76271d4ca3f15b5ffaccc8b8","PR","curitiba","12","60490","5040.8333"
"aae5e7b457a3c72ee230a47d98fceda5","PR","sao jose dos pinhas","5","60480","8640.0000"
"eddd1991bd6d9309995a480c39b95137","PR","ponta grossa","2","60100","30050.0000"
"5a6a02f419701fc8c605af71d4fc57a4","SP","americana","10","60050","5459.0909"
"1588ac4010787100dddef64568f0ae35","PR","maringa","3","59997","19999.0000"
"8e29d051f810eb22959ede205b462b9f","SP","mirassol","2","59980","29990.0000"
"68ca56ce86830f3d31b1b7ec6a54da3e","PR","guaratuba","5","59969","11993.8000"
"3be5841cdcc46de4ed3f9116f104b2c5","SP","barueri","4","59960","14990.0000"
"53336f97ddbe53e2a617d07b17447b95","SP","sao paulo","1","59950","59950.0000"
"262237171f48e85819065498cac80d7b","SC","brusque","4","59900","5990.0000"
"d0d70d21e2234dd7cd3cf63fe414148a","PB","sao bento","8","59840","6648.8889"
"38e6dada03429a47197d5d584d793b41","SP","sao paulo","7","59614","4967.8333"
"11938fcc75f6902fea1d0a6f72b54a57","SC","sao miguel d'oeste","2","59498","29749.0000"
"8c0de775f52fe41590b376a3b7c50f68","SP","sumare","8","59480","7435.0000"
"3d68c634a99a1ba46dbca3967a69c623","SC","nova trento","2","59400","29700.0000"
"6e0908ef4d4efadbc3cc2b74ea477cb0","RJ","rio de janeiro","8","58945","5358.6364"
"8a87611c08849ffeeccab52aa798b6c7","PR","curitiba","6","58790","9798.3333"
"768a86e36ad6aae3d03ee3c6433d61df","SP","sao paulo","17","58746","3455.6471"
"6e4a902d1054e4e17aa6eab87fac1c75","SP","sorocaba","7","58657","7332.1250"
"b274baf5bbd142410eb2958cf685d684","RS","montenegro","7","58590","8370.0000"
"bf961104a38e01b9062ee026bb657dee","SP","ribeirao preto","4","58556","14639.0000"
"851773c885feb5e2da3b4f82bc2b17ce","SP","lencois paulista","10","58530","5853.0000"
"70b52a4cfc823994561b00bad161b4ed","SP","sao paulo","8","58500","5850.0000"
"71271995e85f5b8530be99ed54a91b89","RS","porto alegre","6","58200","9700.0000"
"83353a83fd769dfafa4f21a72b15e3e5","SP","sao paulo","5","57950","11590.0000"
"be3b4b0f050a6aa1b2d901c4b77e979f","PR","imbituva","3","57820","7227.5000"
"f524ad65d7e0f1daab730ef2d2e86196","RS","soledade","1","57800","28900.0000"
"01c97ebb5cdac52891c0ed1c37ba0012","SP","catanduva","9","57750","4812.5000"
"5ef131ac72773e5b3f6c0d63cf424657","SP","ribeirao preto","10","57579","5234.4545"
"ed8cb7b190ceb6067227478e48cf8dde","SP","santos","15","57350","3373.5294"
"26af45f5dfd967225a832838aa4e24a3","PR","curitiba","10","57310","5210.0000"
"4e326052e5dbba8adcd512f3450a307e","SP","sao paulo","3","57000","9500.0000"
"9599519be538b98748162a2b48248960","SP","sao paulo","1","57000","19000.0000"
"a35ef466c6fd6d052f5d241240d3c5e2","RS","novo hamburgo","3","56990","18996.6667"
"3f9be91358837bff69df67edfa3e42e8","PR","londrina","7","56970","8138.5714"
"a254c682cc01e119f83530446f1df9a9","SP","cafelandia","6","56940","8134.2857"
"cd2169d9f31ff6fbb9ca3373b0c9e354","RJ","nova friburgo","1","56900","56900.0000"
"73b8eb4a9a729d4019b24ed1be748cbf","SP","campinas","7","56890","8127.1429"
"4170f6a9367e6b5d6401d03ce6d54569","DF","brasilia df","4","56878","11375.6000"
"89ad3263c0931c47f976d7c5778e60f6","SP","sao paulo","6","56820","9470.0000"
"f52c2422904463fdd7741f99045fecb6","SP","santo andre/sao paulo","12","56779","4367.6154"
"b7ed9fb14c8eadb37adb9c45d67ab0fb","SP","jacarei","7","56600","5145.4545"
"2f74af7a0ee5636f12c2336f9fffed47","SP","sao paulo","13","56070","4313.0769"
"b12cfd255810394b60caef18ae163547","PR","cascavel","2","56000","28000.0000"
"5f5a58930c3c35f3b5af264f34fb8c85","SP","ribeirao preto","3","56000","18666.6667"
"c33a5c3c983090c8b78a28e65052a20d","SC","criciuma","8","55920","6990.0000"
"820c7c9eaf76d2b226b6c242bcf3f34d","SP","sao paulo","1","55900","55900.0000"
"35b96509602ec4b7da831b5cd73ff2c2","RS","sao leopoldo","2","55890","27945.0000"
"6eeed17989b0ae47c9f11ece6f38ea90","SP","sao paulo","3","55700","18566.6667"
"8a207b6080964f3c1fc9d35bd6096ba4","SP","jaci","2","55370","18456.6667"
"385799a1cddbd26dfeb9157356a42282","SP","sao paulo","4","55194","9199.0000"
"74871d19219c7d518d0090283e03c137","SP","sao paulo","6","55004","7857.7143"
"eb9cd5b35d95206585e2185318cb5c61","SP","sao paulo","2","55000","18333.3333"
"bb2afe2061d53c6968aa0cffa233a8ec","SP","sao paulo","5","54940","9156.6667"
"e433f5fd4050e3352b5d83522b7fe24b","PR","arapongas","1","54806","54806.0000"
"0d33a55da925bbf1ff02af5f6059fc7f","SP","sao paulo","22","54730","2280.4167"
"6c99c983ce3b6ba0ab813e6790e81691","MG","uberlandia","9","54675","6075.0000"
"9c1c0c36cd23c20897e473901a8fb149","SP","praia grande","6","54497","7785.2857"
"af7cdac9d9897cddead9c6b08976c642","SP","laranjal paulista","6","54354","9059.0000"
"4cc4fd4fdd406a85bbdc1f824b731bd7","PR","toledo","1","53998","26999.0000"
"228e4c1a0be164f613d41c24345f9d2c","PR","bandeirantes","5","53970","10794.0000"
"d94ba08b99bedd6a5f6c875ecc4a6fac","PR","apucarana","8","53910","5990.0000"
"6c17baf138731a4aaacc3210adf2037b","SP","franca","4","53880","10776.0000"
"08d1c9478fb0d7d7fcac9c0da4e82fc7","MG","belo horizonte","1","53800","53800.0000"
"ff314fa6033cc68ec451c47aee2d6ba4","SP","sao paulo","2","53790","26895.0000"
"1fe61aa5494bd3ae92a2c13e067c810f","SC","santa cecilia","1","53776","26888.0000"
"638cba8be1fb599bbb76fd6948351eb3","SP","sao jose dos campos","16","53540","2433.6364"
"cb9fb4ca75d7ba8437480e8dde64fe98","SP","sao paulo","10","53214","5321.4000"
"1f7fd2a6fcd5a6fa5d8a4dabc72aaae0","RS","venancio aires","3","53180","17726.6667"
"4342d4b2ba6b161468c63a7e7cfce593","RJ","rio de janeiro","2","52890","26445.0000"
"2e7ea2aafec5835e781b21d6d1faf1f1","SP","sao paulo","7","52840","7548.5714"
"6879c4d287a8dd06b11f54ea8f78e4da","SP","osasco","6","52767","8794.5000"
"979e9f8b5b39dd243a2550c8b05aecf0","SP","sao paulo","3","52500","13125.0000"
"3968920b9aa752ab98f7d5888c9252f2","SP","bauru","8","52330","5233.0000"
"02b72cdeb9cfcc429f1af6f4e3f3b737","SP","ibitinga","4","52265","13066.2500"
"6e13dd869aa7185f601c941423abcc8f","SP","sao paulo","5","52200","8700.0000"
"c026ef0d72e9132d9fa112308090c8dc","RJ","rio de janeiro","1","52000","52000.0000"
"fc59392d66ef99377e50356ee4f3b4e1","BA","salvador","5","51999","10399.8000"
"f9ec7093df3a7b346b7bcf7864069ca3","SP","sao paulo","9","51920","5768.8889"
"d197aa8fbc64087f61984deef05f6227","SP","sao jose dos campos","6","51909","7415.5714"
"ff4e2d38692ce827b1a4f4b8196e680d","SP","sao paulo","11","51890","4717.2727"
"a7dc4098e4da6e41b426269d12ae7e91","SP","sao paulo","2","51800","17266.6667"
"3296662b1331dea51e744505065ae889","SP","catanduva","1","51780","51780.0000"
"7e79d65b5c6f1f544b7daea036acf720","SP","sao caetano do sul","4","51780","12945.0000"
"9e6967d3cf386d284251784b18ccb485","SP","sao caetano do sul","9","51767","4706.0909"
"64cc804291f90c81f02bfc2bb58ff55a","PR","curitiba","2","51760","25880.0000"
"1d503743d2526f03f0c2c89540ee008c","SP","sao paulo","12","51604","3035.5294"
"b87a7ea0c30fad2dd6781b74a0064859","SP","sao paulo","9","51540","5726.6667"
"a06c8ff043abea0528ee44171e2140a2","MG","divinopolis","8","51450","6431.2500"
"c157bdeedcbc9a8e3c8bf0d87ff24428","SP","mairinque","7","51427","5142.7000"
"312ba1d77e9c332ef21f9598b7f64cd7","SP","guarulhos","7","51300","7328.5714"
"4a82168aaef173cbb6e46ae88728f919","PR","irati","4","51200","12800.0000"
"2b2fed75b8e5ea3a052fc4c0825da485","MG","juiz de fora","3","51090","12772.5000"
"c3aad7dc65449ae90a5e9c3c6c1e78e0","SP","auriflama/sp","6","51000","8500.0000"
"c53bcd3be457a342a97e39e5a9f0be22","SE","neopolis","5","50950","10190.0000"
"4be6b962d83299498bae2190f95d6566","SP","sao carlos","11","50880","4240.0000"
"e6a69c4a27dfdd98ffe5aa757ad744bc","SP","sao paulo","21","50851","2210.9130"
"33cbda8716511e27e556dff9d8418bf2","SC","blumenau","5","50740","8456.6667"
"5e49e3a44bdeb5aab2684258bbd4f525","SC","balenario camboriu","3","50700","16900.0000"
"3ea00e1dea2b0659dbaf654735929220","PR","curitiba","7","50500","7214.2857"
"2493dc3f20131696a0ecdb9948051a8d","DF","brasilia","4","50438","12609.5000"
"20a7efa9721046319bdde5d60b6b5365","SP","laguna","3","50120","8353.3333"
"39a5005f2605cbdb4f9ac14485cabfd1","SP","barretos","3","50107","6263.3750"
"97e995629983723d11830a829bc2b246","SP","lorena","5","49950","9990.0000"
"13c2ed7698b3ca92dad49e849219da59","PR","ponta grossa","8","49861","5540.1111"
"ccbd753e6863fe7314dc6c0ca5a074e7","SC","blumenau","1","49500","49500.0000"
"e59e489e2ea74bd409b798b5daf49de3","PR","maringa","3","49500","9900.0000"
"265fdc289dffa9f1ad801c74f7d0de47","SP","jaci","1","49500","49500.0000"
"c458e2045a8aa8964f8879af03fdcce6","SP","sao caetano do sul","4","49491","5499.0000"
"fcba71d4d5db057f43249145e4eb1e27","SP","limeira","3","49455","16485.0000"
"0951a6e282947e09cd47969f4ed0b47f","SP","taboao da serra","7","49230","7032.8571"
"c84592044b180dec206770c38603814b","SP","sao paulo","14","49194","3513.8571"
"e601b04acf48b4576e73ddca9481f0dc","SP","sao paulo","15","49194","3074.6250"
"340636a908b13bbe0f4fb63fbe1d0c03","SP","sao jose dos campos","3","49050","16350.0000"
"b9c0ffa92f3ff9a5a3d45ef7213c0842","SP","sao paulo","3","49000","16333.3333"
"48fb026ed7455a42f5d3e9390ed5088e","RJ","barra mansa","9","48973","5441.4444"
"7816cd9c5b1238e320545f5bf7eb80e8","SP","araraquara","1","48900","48900.0000"
"f88adb15807168d3c43d71021090ce4a","SP","porto ferreira","3","48880","16293.3333"
"09bad886111255c5b5030314fc7f1a4a","SP","sao paulo","5","48750","9750.0000"
"83a75eea11694e36e56dd0cb2240229a","SP","amparo","3","48700","16233.3333"
"c7a0a13cbcf29d5ce51c8f80afdc0b89","SC","laurentino","8","48308","5367.5556"
"c1f12f926d0ba950578b4fa41115cbb6","SP","sao paulo","2","47960","11990.0000"
"0c7f30ae9b147eca07affbef92832a6a","PR","ponta grossa","5","47950","9590.0000"
"32fdd5d44ecb43dfd6a24b9369eca144","MG","carmo do cajuru","8","47920","5990.0000"
"25be943a321c8938947bdaabca979a90","SP","sao bernardo do campo","3","47900","15966.6667"
"bac692d6c0ed08467878018e6cc9c26c","SC","blumenau","1","47700","15900.0000"
"f1198c871e0171278b63f40d112caeec","SP","sao paulo","2","47580","23790.0000"
"29e6e05b65f93bc224c644319dc52ecf","MG","juiz de fora","4","47560","11890.0000"
"7402d13c03a7e91366337cd1de471144","PR","cambe","3","47389","15796.3333"
"e1b12447a7563944843191754aeb5562","SP","guarulhos","9","47246","4724.6000"
"e3dd723429d1b23614b7fa85e2c7a853","SP","sao bernardo do campo","7","47105","5888.1250"
"270d3ef21830ad0ecf3a6c53d08a533a","SP","carapicuiba","5","47100","2770.5882"
"2953ce3a88f5e3c3b696d77fc9e4c8eb","SP","sao paulo","14","47000","3133.3333"
"b0b346d3a89f5eb4c2968af3f083cd43","SP","campinas","9","46900","5211.1111"
"8fec2e460530482132c436cfb5439925","SP","laranjal paulista","3","46846","9369.2000"
"038b75b729c8a9a04b0d07cba7eabe86","SP","sao jose dos campos","2","46700","23350.0000"
"c42fd8e4d47dfb18ce5222f2dd7752f9","SP","osasco","7","46699","4245.3636"
"9fc70243fb26800cba56e8f014797004","MG","belo horizonte","6","46660","6665.7143"
"feb793c88d836c3a75efa4b5a3465d70","SP","sao paulo","1","46600","46600.0000"
"ee2fbacc2fc3794e656cc4d933d59ce7","SP","sao paulo","2","46497","15499.0000"
"651fe66032c9520ee5587f694908040d","RS","alvorada","7","46400","6628.5714"
"0a82f5fb06a4fe4ac2cf7cb412ec71b8","SP","sao paulo","2","46200","23100.0000"
"cb0b3bcf14e0a709df412a99424a59d7","SP","sao paulo","2","46000","23000.0000"
"aec99834ab5d38ead22766ada8497e87","PR","colombo","1","45900","45900.0000"
"8b2d4ab22f42c5cfc338b846decfda60","PR","fazenda rio grande","6","45800","5088.8889"
"dd88d13bea9e4c2bf47daf224f8141e5","RS","lajeado","1","45800","45800.0000"
"e546117ed9cafbc40239c0c78635c584","SP","sao paulo","2","45600","22800.0000"
"117cfc326c6d50da67ca858ff5c0c852","RJ","sao joao de meriti","5","45460","9092.0000"
"35857757f553273b1056c1cabdace7fb","SP","ribeirao preto","6","45460","7576.6667"
"b248792ac0b60ec3f93d80af1b4fae47","SP","sao caetano do sul","7","45450","5050.0000"
"55029529919c0123526150bd26ca8f20","MG","contagem","7","45395","6485.0000"
"fc4751cfe3b279c419615b9b00c1abb4","PR","londrina","1","45370","45370.0000"
"7994b065a7ffb14e71c6312cf87b9de2","ES","cariacica / es","5","45300","6471.4286"
"e5899683388855d3dabe8913bbe365de","SP","sao carlos","3","45288","15096.0000"
"b7cc6c5e001441ae8cdd5c69a480cbe4","SC","curitibanos","5","45280","9056.0000"
"777a0c55737f34ffeb78010f7542ab41","SP","sao paulo","6","45250","7541.6667"
"eb5b6204dde3a6e03b5f1bb8479f055b","SP","embu guacu","19","45220","2153.3333"
"08f5819815f3d06545011850bd70f0a8","SP","santos","3","45200","15066.6667"
"4de6e4ba574aa9dfdc824bc44dc47fdd","PR","colombo","14","45110","3222.1429"
"d90fe2229fee1a5da999ccd0c06c1667","SP","sao paulo","3","45000","15000.0000"
"968ee78631915a63fef426d6733d7422","RS","erechim","2","45000","22500.0000"
"101a3a003516bc11253298b2fad3cb65","SP","rio claro","5","45000","7500.0000"
"3d4824f20035949c710eaf111f869d39","SP","sorocaba","8","44997","4999.6667"
"bbaff50f3b708fda865918715276cd87","SP","atibaia","12","44970","2810.6250"
"a11a0e0ca67423425691db355cff69b0","SP","indaiatuba","2","44890","22445.0000"
"3d0cd21d41671c46f82cd11176bf7277","SC","joinville","9","44780","4070.9091"
"5e106d93b717c2682b9383da480364a1","PR","santa terezinha de itaipu","1","44590","44590.0000"
"a5bff0f43eb51f0cad7c37fac7244c8a","SP","sao paulo","4","44500","8900.0000"
"b3f19518fcec265b2e97af287725f981","SP","tanabi","8","44492","5561.5000"
"768de2a4fc06aacecb9a586ccc30746a","DF","brasilia","13","44270","3405.3846"
"f22a247b79dd22ecd91dc8e3b2a1b07c","SP","itaquaquecetuba","8","43994","5499.2500"
"64c9a1db4e73e19aaafd3286dc448c96","PR","curitiba","1","43900","43900.0000"
"c3251e13f1bbda6c74e37c160f991e19","SP","porto ferreira","2","43780","21890.0000"
"b29d3380981c51df13fc6fbe87e1763d","SP","ribeirao preto","6","43530","6218.5714"
"98115075dd26cb8835946fc6086f5d30","SP","ao bernardo do campo","4","43496","10874.0000"
"26d6bbee02420494d471c9f6436929c0","PR","curitiba","12","43451","3342.3846"
"d4e4b5192cba4e0e66eb12a9d347239d","PR","toledo","11","43190","3926.3636"
"bc503e244f187939d10c92a5c8e378ce","SP","birigui","6","43031","3310.0769"
"4e480be820e37de1444325ff358c9296","MG","tres coracoes","1","43030","21515.0000"
"8bd0e3abda539b9479c4b44a691be1ec","RS","tres de maio","6","42575","3547.9167"
"2c3d56f92f360fb89d849b84e8f50eae","SP","barueri","7","42510","6072.8571"
"939e6227d6964a11a70aa91243e418f2","MG","conselheiro lafaiete","4","42500","10625.0000"
"a45314082d50d578a4721c9787ce09ab","SP","mirassol","2","42490","21245.0000"
"dc50afafdfa325eadc890c7fa42a8f4e","PR","maringa","4","42420","10605.0000"
"b080809eaacb49e5ca07290981472431","MG","belo horizonte","11","42400","3854.5455"
"acf974e4d5950ad143a247471b831eb9","RS","caxias do sul","5","42380","3531.6667"
"7c1fea10b5b006671d608b1d7c446ec4","SP","boituva","14","42360","3025.7143"
"41e0fa5761c886a630994a55c12087e7","SP","guaruja","5","42360","8472.0000"
"5dc203c7b84a0e71e878a179de05fb9a","SP","pompeia","5","42190","8438.0000"
"c714262700f93defc16bf17a51a4cb23","SP","sao paulo","4","42180","10545.0000"
"9d5604a1f112324ad6b2aa552122e0fb","SP","florianopolis","13","42150","2479.4118"
"cc80e2f693fa6e2408f47ccf62413fc1","PR","curitiba","2","42000","21000.0000"
"189ca3538ce9f920cacf0f982cbe223b","SP","sao paulo","4","41900","8380.0000"
"7bcd7c5f8631701474db233ccf1c094b","SP","sao paulo","8","41900","5237.5000"
"38102b031c2a15e54623d711bfc753d3","CE","mucambo","8","41800","4180.0000"
"6d7f8d9d594e28796b6b3205b00f459c","PR","curitiba","3","41790","13930.0000"
"7b7f91e98f8c6def45a1407923304402","SP","osasco","11","41747","2981.9286"
"b64d51f0435e884e8de603b1655155ae","SP","garulhos","17","41618","1809.4783"
"f650a9708fa1bab22bdd8d3a818cc415","SC","ararangua","4","41604","10401.0000"
"a53f60f05f822b5c621a50ff6a5cb362","MG","uberlandia","4","41540","6923.3333"
"34a557286ead8fe75c989e0afcf7d98c","SP","franca","4","41490","10372.5000"
"35fb511489d9ee3ee27a76debce9df06","PR","londrina","7","41450","5921.4286"
"ff1e15b778c700abdd4d239b81ac466d","PR","curitiba","7","41430","5918.5714"
"bd149ed516d4c5d418d5781f8e18919f","SP","guarulhos","8","41400","4600.0000"
"acb6c2ca5c82411c1fdb88d5fd5eb95e","SP","sao paulo","10","41388","3762.5455"
"042573af89b6d931f672efaf789d8358","SP","sorocaba","3","41348","13782.6667"
"ead2bab70821ea148476ae9bc08548ac","MG","belo horizonte","9","41210","4578.8889"
"a35124e2d763d7ca3fbe3b97d143200f","SP","sao paulo","4","41150","5878.5714"
"b1204cfda1d4948679db3cfc0d3cb95c","SP","guarulhos","6","41120","6853.3333"
"86ff3eaef0267069cc891a2ed9d10a17","SC","palhoca","7","40975","5853.5714"
"5275ca25d0358ca73864e0ae41be1320","SP","guarulhos","4","40960","10240.0000"
"f4ce8ca9fa7157e3b33f536ac9a4487d","SP","penapolis","4","40960","10240.0000"
"c3f5668699a1b04c0fa61ecea1e2bff6","PR","apucarana","3","40781","13593.6667"
"c7dcd301ecfe5ab7f778ac172cf74be7","MG","belo horizonte","3","40779","13593.0000"
"20a8b0dc55da94fe74d112082427c84f","SP","itu","7","40740","5820.0000"
"6b803197e03abd5056b4313306b4f29d","SP","sao paulo","7","40700","3391.6667"
"4a23adac87cf538689fa600d976f78b2","SP","sao paulo","3","40500","13500.0000"
"179d859f51292aac5c10806a356f7af9","SP","ribeirao pires","18","40447","2128.7895"
"ed9eef5be0992d413d251fadba1a410d","SP","mogi guacu","3","40410","4490.0000"
"5563732abe64c3036cb97ad924128dd1","SP","guarulhos","2","40400","13466.6667"
"0ddefe3c7a032b91f4e25b9c3a08fca1","SP","sao bernardo do campo","9","40290","4029.0000"
"29fe9f200d3fa0c668d2aa1ec7e08dfb","SC","balneario camboriu","5","40000","8000.0000"
"d7485b33791774c36108f8c69602d48d","PR","curitiba","10","39982","3998.2000"
"d263fa444c1504a75cbca5cc465f592a","SP","americana","1","39900","39900.0000"
"63ffcb71394dd8ea3872ed9ffda17c74","RJ","itaborai","17","39900","2347.0588"
"fadb07c842a2aef5d5a676b85f220e71","SP","sao jose do rio preto","7","39875","5696.4286"
"73da1880b39c71de2b262bc7720c1494","SP","sao carlos","2","39800","19900.0000"
"c52c644cc0dc85121207a27013efc6af","MG","tiradentes","1","39780","19890.0000"
"48e954b2da4f6a750c844173b347ed40","RS","porto alegre","2","39780","6630.0000"
"62760d278921b5f352461620d68a9cee","SP","salto","3","39700","13233.3333"
"12a8eb0f8d1cd3270695bf2a99f55966","SP","sao paulo","2","39700","19850.0000"
"41b14765bd56c8ad10971074380f9c0c","SP","santo andre","8","39550","3955.0000"
"9b76ad3d04236f76bc71c59470305e13","SP","boituva","2","39470","13156.6667"
"0249d282d911d23cb8b869ab49c99f53","SP","sao paulo","11","39300","3572.7273"
"89bc797e2e29667aa035d4368f9b7f92","SP","sao paulo","16","39240","2065.2632"
"bc30de0d71bd6260b936a026b5cf7200","SP","pedreira","3","39237","13079.0000"
"59cd88080b93f3c18508673122d26169","SP","praia grande","10","39233","3269.4167"
"fe4cd9461203cee790d36792420b310f","MG","caratinga","3","39115","13038.3333"
"c13ef0cfbe42f190780f621ce81f2234","SP","sao paulo sp","1","39000","39000.0000"
"8936ba0de1073ee888cb3185ae5dc661","SP","sao paulo","1","38999","38999.0000"
"4049512728d969bec69f84088b012416","MG","belo horizonte","7","38984","4331.5556"
"0fe2d9733ed841eb064503920015a8c0","SP","ourinhos","3","38964","12988.0000"
"432c67955c0acd1fd6b0b5d678766a71","SP","sao paulo","1","38900","38900.0000"
"a7ecf689b40a44361e259b28939023e4","ES","vila velha","1","38900","38900.0000"
"c1849d4d32d7a6cecd5aa471809d3135","SP","santo andre","3","38898","12966.0000"
"2009a095de2a2a41626f6c6d7722678d","SP","sao jose do rio preto","8","38889","3240.7500"
"b98b715fe9e276204e2a3464f48cd796","SP","sao paulo","4","38860","9715.0000"
"78ef7e885d17f35e2382a47aae8b8cce","RS","santa cruz do sul","3","38800","12933.3333"
"b6dc74ed30f124f95227bed4e43a3bed","PR","arapongas","9","38756","3875.6000"
"94d76e96eedd976258cd3278ce56d5f2","SP","sao roque","1","38561","38561.0000"
"a21c11ec5c3f03e7cc9f9203bff9e1c6","SP","santana de parnaiba","3","38500","9625.0000"
"559d56f3b8f0bc2e5a9a62fe2ce2a39f","SC","joinville","2","38500","19250.0000"
"a080fc8a850289b27500f6b49cca2553","SP","sao paulo","4","38300","9575.0000"
"ab27bbbad5239bc31a34709275a70db4","SP","tatui","3","38290","3480.9091"
"ea00f977a203ff88adf7057cb7806998","SP","santos","18","38173","2120.7222"
"f7315bb81aea4ddca2d39e249a801c98","SP","guarulhos","2","37980","18990.0000"
"f5b44895715ddfe3087dc414f30268f3","SP","sorocaba","19","37880","1993.6842"
"bd15ee794d5e640d9dd71b665b2ab15b","SP","ribeirao preto","12","37480","3123.3333"
"c24173065483e421f9e5e7f599de101d","SP","sao paulo","9","37391","4154.5556"
"404e1ba01358af4cd63f679b2c4d1fa1","MG","juiz de fora","8","37390","3115.8333"
"08084d990eb3f53af056ccbc1730c8a7","SP","sao paulo","12","37250","3104.1667"
"6d988d6174a2c27441597174f8905515","PR","maringa","19","37173","1616.2174"
"70125af26c2d6d4ef401a1d02ae7701f","GO","goiania","5","37120","4640.0000"
"0bfd0b434243adc5c2e1aa6baf19c6aa","RJ","rio de janeiro","6","37120","6186.6667"
"4dbd95a08b31ede5c82d3f861cb1ce1a","PR","curitiba","4","37078","9269.5000"
"0f0c984a4a955310903b6b6008660bad","SP","franca","4","36981","9245.2500"
"131fcb0a0c9a47bba4474aacff0f14b7","SP","sao paulo","4","36980","9245.0000"
"916748bc99315c2d202898ae58b1617e","SP","sorocaba","25","36940","1154.3750"
"63191ead8d3b2f937cd1996fdcbbad20","SP","jundiai","1","36700","36700.0000"
"499ec63c58e51296c9cf57edcfe1c8a8","SP","sao paulo","5","36500","7300.0000"
"f12d3c2a14729ae461b920c11fe20fdc","SP","santo andre","9","36445","3313.1818"
"4e85b538b0dad58852641540686d0e14","SP","sao jose dos campos","4","36198","9049.5000"
"35ef5aa32949680f627efec3c23e705c","SC","sombrio","4","36160","7232.0000"
"a435b009cd956ea60748b5cfbddf2e24","SP","franca","3","36118","12039.3333"
"76de363de16dacc923eec8daf91df504","SC","xaxim","2","36000","18000.0000"
"b56828a9f9027f3c918c04ca720d9e3c","SP","praia grande","3","36000","12000.0000"
"fa14641f57b655e933124a9ea49cd7a5","SP","sao paulo","7","35993","5141.8571"
"03bd479e1d9484cdb14104d3023f7321","MG","uberlandia","3","35970","11990.0000"
"184725737946a1a938bbbd1a9e978103","SP","maua","3","35970","11990.0000"
"1e8c6a4c538f286aee9573239740a4b4","SP","itatiba","5","35970","7194.0000"
"51209b446b2073894bdc0face6c73ffc","ES","vila velha","2","35960","8990.0000"
"3076499bbc033a927bf4a8a41bcf7fd4","SP","auriflama","7","35933","3992.5556"
"ffff564a4f9085cd26170f4732393726","SP","campinas","8","35900","4487.5000"
"173d56ffbd4c56cb80fc3615487d712b","SP","sao vicente","2","35800","17900.0000"
"f44bdc12aa39f5271f0b95f66cd4c289","SP","braganca paulista","5","35750","5107.1429"
"9dd59e43f0c9f0553244e8f9c2fb247e","PR","foz do iguacu","10","35630","3563.0000"
"24c1de8d9551c0b4fbc53317d53efda8","PB","serra redonda","1","35500","35500.0000"
"761681a821d8275bc79f552116d06869","SP","sao paulo","3","35492","11830.6667"
"8fd3b4468f6425810648177996c14cbd","SP","sao jose do rio preto","1","35490","35490.0000"
"9b00cad94ef3078faf6fba2e792c158f","MG","janauba","1","35490","35490.0000"
"a2fa0bdc798ee84cdb08281337cf4fb6","SC","florianopolis","8","35486","3226.0000"
"44f091b5abab8018f682fce8124b85e5","SP","sao paulo","3","35440","11813.3333"
"b88e7c57cb2d8b973b7dd4a2bfa14b36","PR","curitiba","4","35390","8847.5000"
"de66a66f2dd06bb9ec37aa96987466a3","RJ","rio de janeiro","7","35332","4416.5000"
"b67d6c666e8dce1d078c882825e12704","SP","sao paulo","7","35284","4410.5000"
"52092ddbd3a58c450a4459bf051b2287","SP","dois corregos","6","35170","5861.6667"
"e53d5b9b29d1218281f4a907ada18626","PR","toledo","4","35067","7013.4000"
"b7d5b4b87af9d42b601865d3f3810bff","SC","florianopolis","1","35000","35000.0000"
"97e4a63591ca439a2b8b7efd20e6e19e","RJ","rio de janeiro","5","34995","6999.0000"
"52bb00821bcdd358a5a5a27e1f6be5a1","SP","osasco","2","34980","17490.0000"
"079d295dcbf06ee8bb1b65ba964eb2b6","SP","sao paulo","5","34930","3493.0000"
"27a56ff04b34c2ba34ce6ba4d3b9d616","SP","campinas","8","34929","4366.1250"
"249f0e9905a6e06ad6c6bea7547ab9f6","RJ","rio de janeiro","3","34795","11598.3333"
"79565f7d5603b24ddf07ade262547f2f","SP","araraquara","7","34600","4942.8571"
"918717417d88a9f9ae9735567e6c7682","SP","sao paulo","4","34570","8642.5000"
"48efc9d94a9834137efd9ea76b065a38","PR","curitiba","33","34560","1016.4706"
"38af8acfd46ac4a7bf754e8ca6736664","SP","sao paulo","5","34500","6900.0000"
"a37c340b91cb0169e8b029db6440fba2","SP","sao paulo","5","34500","6900.0000"
"f5fea3ffed6c2e889bab72705557c63a","RJ","rio de janeiro","1","34500","34500.0000"
"26b482dccfa29bd2e40703ba45523702","SP","santa barbara d´oeste","3","34478","8619.5000"
"3985a3c45be355a4c57fde108bfabd1c","RS","rolante","7","34420","4302.5000"
"7957cac1a02f45d0a4a7e45626382ec2","PR","curitiba","1","34300","34300.0000"
"2a73cba571d90c694b7caca072ccf6ce","SP","sao caetano do sul","1","34278","17139.0000"
"6219ba2359cfb97f2e38fd4c321eb309","SP","sao paulo","5","34260","6852.0000"
"b9ec22de23f18567de0e09d776ca0309","DF","brasilia","2","34198","17099.0000"
"89de2d6f23e9746ff309705b23581faa","PR","londrina","8","34000","4250.0000"
"ae8bfdbf1c2a2a2dee92d799db0a31c6","PR","toledo","8","33992","4249.0000"
"6650fcccd8cd2f7e55ffa524f30c4c59","SP","sao paulo","2","33980","16990.0000"
"2f4b0d3b9634b647d4edee577d7ebb7e","SP","sao paulo","10","33790","3071.8182"
"e627629ba868740e287800f1a9be81c2","SP","sao paulo","11","33710","3064.5455"
"0743a0239d764b9a0f959a57d07e36ab","SP","sao paulo","4","33696","8424.0000"
"333c4210e76a1aa2ab817b99437e3ff1","SP","vargem grande do sul","2","33500","16750.0000"
"c8660dcf9ba70575f45d80fe28c27713","SP","sao paulo","4","33500","4785.7143"
"a64e44665225d19dfc0277eeeaaccc57","SP","sao paulo","6","33500","5583.3333"
"2c538755f1ca9540af144f266e70df6c","MG","castro pires","1","33499","33499.0000"
"61b18775be84fb700a6b2d0ba097bf66","SP","araraquara","4","33450","6690.0000"
"7c4618c82226628831613e95e9c22f44","SP","sao roque","13","33393","2568.6923"
"ce616e1913288884e7742faac9d981db","SP","cotia","14","33330","1515.0000"
"c113b8df1fc375bc3d73d29c1b1144d1","SP","sao paulo","3","33300","6660.0000"
"d36b07fd3c5088e477a72d1fccfe29d4","SP","itapetininga","1","32890","32890.0000"
"f18112da765e0971ca5d510dec322bdd","SC","brusque","2","32780","16390.0000"
"4b98b0428fc1932cc2514ef9ce2505e6","SP","taboao da serra","2","32763","16381.5000"
"6c1b6d0c604b776f844125f911eb7377","SP","sao paulo","4","32707","8176.7500"
"08d0949a9a17c027262db1f3c450c26c","PR","cascavel","12","32480","2706.6667"
"6bd503a8230299c9316fb0f726933927","GO","morrinhos","4","32429","6485.8000"
"7dea6f73af847b42cc3985bd620f994d","PR","cascavel","2","32400","16200.0000"
"0747d5bb69f0586cc869d8af4c50f93e","RJ","saquarema","12","32280","2483.0769"
"92d14edfb62ee5ae7fdff70b0f4e7233","SP","sao bernardo do campo","8","32200","2476.9231"
"a81466620e46a6970b22ef40379fdfc9","SC","sao ludgero","2","32180","16090.0000"
"7b7ed56ae755e2880f2b69632e839c1e","GO","goiania","5","32150","6430.0000"
"d149de2f383552baea37a7198c2296ce","SP","sao paulo","3","32070","10690.0000"
"d2f3e277560ed4c6361284429b00f037","SP","atibaia","7","32055","4579.2857"
"eb9267cccc90f1b49c8d2f9887c7dd97","PE","recife","1","31990","31990.0000"
"883dd81e82754ac2c65e9790a7db8c9a","PR","curitiba","5","31950","6390.0000"
"c611f4ce9ce875bcc063fa97fd4d7d12","SP","atibaia","1","31900","31900.0000"
"57d2ba47f7a3209aa347532ae75c1165","SC","sao bento do sul","2","31800","15900.0000"
"1e9d5a33694bddb76316fd1f54734d20","MT","jaciara","2","31800","15900.0000"
"2d22fc3089eb907b29ebff50581fb472","RJ","macae","3","31770","10590.0000"
"ea4e9ce63a2134743b4a92777437fcdd","SC","palhoca","3","31660","7915.0000"
"9cf787a239c1aa29dbd76f153dc13f9a","SP","franca","4","31600","7900.0000"
"cf1313c6e2c01c2f4b014f97db4bcd2b","RJ","rio de janeiro \rio de janeiro","5","31570","6314.0000"
"3b18f9856c6eb2413eafedb58e9eecd9","SP","santo andre","1","31500","31500.0000"
"12c2ed9cded6138cf0c75f525f565fc7","SP","praia grande","4","31496","7874.0000"
"da20530872245d6cd9d2f5725613c430","RS","igrejinha","2","31496","10498.6667"
"9ac4f14370b1e24ddc58be041b7f99df","GO","jaragua","5","31451","6290.2000"
"8c9348f33ae3dada25c99c99ade2af78","SP","carapicuiba","2","31299","15649.5000"
"3afc536624bc2e65bddfb5db33cc01f3","MG","belo horizonte","6","31200","5200.0000"
"1acde099eb406aa220b1169b188b42da","SP","sao paulo","9","31110","3111.0000"
"df47da4ae86fa4db890d05aaf24e21d8","SP","sao paulo","5","31050","6210.0000"
"ad87df7699e83b8a91822a4a0b765c3a","SP","jaguariuna","5","30990","5165.0000"
"ba89796db68db180bd389de96b2ff3b6","SP","sao paulo","2","30980","15490.0000"
"0cab2da43793a6f3c5ed8514c5f54627","PR","curitiba","3","30970","10323.3333"
"ebd1417732defaf66c50b5a800eb293e","PR","londrina","1","30900","30900.0000"
"152ee17e4c8aaf53dac99f3462e4999b","SC","garuva","6","30896","5149.3333"
"1b45169b635ef59425637e9a33eb5fb3","PR","maringa","7","30890","3861.2500"
"dbbcfe2c8d026742134ac3e28ccde274","PR","curitiba","4","30859","7714.7500"
"b127efdabeffb5d559349c7b172eb75d","SP","sao paulo","10","30850","3085.0000"
"85cc55e048b6bcc90c75afe7f0e72f72","RJ","barra mansa","9","30828","3425.3333"
"a7a9b880c49781da66651ccf4ba9ac38","SP","itirapina","3","30760","7690.0000"
"9c3c24eca51c52b91c1de727d2a2ae06","RS","caxias do sul","6","30750","5125.0000"
"48bad451945f5227341793478d6353ea","SP","sao paulo","3","30700","10233.3333"
"e94b64dc6979b302a5a5be1662c83bb6","SP","itapecerica da serra","2","30689","15344.5000"
"bc39d8938f90a3a2b98193723ed59774","SP","cajamar","2","30680","15340.0000"
"6d2f2e3b539480db1e0842b3a4e32e6e","SP","guarulhos","3","30596","5099.3333"
"085f6f7e049c996695fb2074fe38d45e","SP","taubate","6","30540","3817.5000"
"c76d418370990614e89e956c7a7567d9","SP","taboao da serra","2","30524","15262.0000"
"51f108f62cb87d61918159902c8f8583","PR","cascavel","3","30373","10124.3333"
"3d01d1c414c44b5943a09619ff3853cb","SP","campinas","4","30360","7590.0000"
"ad75519a07f039025e83795a4418470f","GO","santa terezinha de goias","3","30210","3356.6667"
"a3082f442524a1be452e3189e003b361","SP","curitiba","3","30160","7540.0000"
"2b3b9ce054da76a7428df143a567b156","SP","sao paulo","5","30100","5016.6667"
"6179a28a13a726c29b3bf54c070dccab","MG","varginha","1","30000","30000.0000"
"3a3e46d10f74d8a6ca76e2b538f106a0","SP","sao paulo","2","29990","5998.0000"
"2b402d5dc42554061f8ea98d1916f148","BA","irece","1","29989","29989.0000"
"69a43819c758c65a5befb0b471c954d7","PR","apucarana","2","29985","9995.0000"
"ea3ebea5317b0efbc663ecc8ce5e9bc2","SC","florianopolis","3","29970","9990.0000"
"6d1b9c9579132c87d2703ec38c30f2c5","PR","curitiba","4","29969","7492.2500"
"71593c7413973a1e160057b80d4958f6","SP","sao paulo / sao paulo","2","29950","5990.0000"
"b76f4d90e85657a240495c876313adc5","SP","hortolandia","1","29900","29900.0000"
"f00f5b35d0abcacbdd863672f4bb2c1a","SP","sao paulo","1","29900","29900.0000"
"a8739afb32aaa45e01815ca76f76f54b","SP","sao bernardo do campo","13","29883","1992.2000"
"9d489893ff6af05029671b785f54b998","SP","leme","5","29870","4978.3333"
"b76a1f8356322f12529c37b67d5c96c2","SP","santos","5","29850","5970.0000"
"791cfcfe22fe4a771ece27f90017da92","SP","ribeirao preto","1","29813","29813.0000"
"c5ebe6598748b0aeaa61cfb820478b92","RS","lajeado","3","29700","9900.0000"
"0ec28cec4046a4a199b6de9b4c891d97","GO","goiania","3","29660","7415.0000"
"eebb3372362aa9a46975164bed19a7e7","SP","sao paulo","4","29596","7399.0000"
"a806a4bb063ea7ca6d374eafa50a6058","ES","serra","5","29440","4906.6667"
"9b1ab052f5fca308ba743ac789ebb2e1","PR","pitanga","2","29409","14704.5000"
"2bf28e311bba65237358230cabac3f15","PR","londrina","7","29400","3675.0000"
"c286ec035ee04ba81c97508f0b5df544","PR","curitiba","1","29400","29400.0000"
"2f4b9d112bfa44a214bc6cef085d17c8","ES","afonso claudio","5","29399","4899.8333"
"9d39404483343dd55c7ae254494d8388","SP","sao paulo","10","29320","2932.0000"
"48b6c3f4c6a93171da04b75313f2130f","SP","osvaldo cruz","2","29026","14513.0000"
"aadfe0417e61315688b6bd7043361e25","GO","goiania","1","28990","28990.0000"
"ede2977fbaf3738583170735ca403f6c","PR","curitiba","1","28990","28990.0000"
"f410c8873029fcc3809b9df6d0b28914","SP","caxias do sul","2","28980","14490.0000"
"4dc646b9b9e8e411ef48ba000ea3ac6f","SP","valinhos","4","28970","5794.0000"
"adbe70ab2c97442046d393988c8d1d27","SP","maua","5","28950","5790.0000"
"aded58c8142dedc5494a81f948431fab","RJ","rio de janeiro","4","28950","5790.0000"
"04ee0ec01589969663ba5967c0e0bdc0","RS","lajeado","1","28949","28949.0000"
"392353362d22cc2c236e1ee81ff19890","SC","blumenau","5","28870","2887.0000"
"bbe87dce25ba8b38bb61cc7210a3f10b","SP","sao joao da boa vista","2","28700","14350.0000"
"ce20a2ec1514c25e16f2b5b39bc818f0","SP","sao paulo","4","28700","4100.0000"
"615005a3ef192c00c6f0e977cee3d2bc","SP","itu","10","28650","2604.5455"
"e83e93b71371817b11d78a63ff156aee","SP","barueri","2","28600","9533.3333"
"a9ae440659f48b7849df83e82734150b","SP","santo andre","1","28500","28500.0000"
"10264f60a8f0a4d2f30810f5c661c673","SP","campinas","4","28460","7115.0000"
"ea1776927851da2532aa70d6a32c095a","SP","sao paulo","2","28390","14195.0000"
"86bf77bdb52e615674772d5817c6212f","RS","viamao","4","28180","5636.0000"
"b8a0adc91af209270c2c725168eb00fd","SP","ibitinga","6","28140","4690.0000"
"83c465a786b06574376909b35ef6752a","SP","sao carlos","3","28140","9380.0000"
"579891617139df7d8671d373f0669622","RJ","rio de janeiro","8","28030","3503.7500"
"6dc9bec584588412a6a338830946a3e4","SP","sao paulo","1","28000","28000.0000"
"4e0d109ccfba9a1151c103049880c857","RJ","sao joao de meriti","2","27989","13994.5000"
"28fb0829fd777877cdc350d25cb5bd5b","SP","sao jose do rio pret","2","27980","13990.0000"
"d2572f31e9023e9850ef986a636ff9bf","MG","belo horizonte","1","27900","27900.0000"
"19a7c9f66ffa6452ff4b4c0cca71da27","PR","itaipulandia","1","27900","27900.0000"
"debe6615cd90cc0c2eac2b8988e1f628","SP","sao paulo","5","27850","5570.0000"
"fb8904a8ea99f8831b64ce27db2c1765","SP","sao caetano do sul","2","27800","13900.0000"
"94c49f20a123aeb9360dbf80ff912bf6","SP","sorocaba","3","27775","9258.3333"
"2ee0a0689f2f6a72f35a7cb6033f6e7e","SP","presidente prudente","4","27200","6800.0000"
"e603cf3fec55f8697c9059638d6c8eb5","RS","pelotas","7","27000","2700.0000"
"f682e0f848abafc6f41e0d4e868c66ef","SP","mairipora","2","26998","13499.0000"
"87d73636a3acf123e842bb890a4db036","SP","nhandeara","1","26990","26990.0000"
"bab0a8cd684e41ba6e2637dca0979d3b","RJ","rio de janeiro","1","26990","26990.0000"
"dcf3755cefcdc158ad0b7bdde51e871b","RS","cachoeira do sul","3","26970","8990.0000"
"09883d9ab71c8fe8a9bfc7fc3075b07e","SP","sao paulo","4","26960","6740.0000"
"6bb66d9870c2e01c05655c7ed0e7ee13","SP","sao paulo","3","26900","8966.6667"
"58c851d1a3c7cd3da329eb59453fed44","SP","rio claro","2","26899","13449.5000"
"d73cbd89533ce8b041a9190241453ac8","MG","guiricema","3","26870","8956.6667"
"830379336fad8c6f3b15a4a3ddb5c66e","SP","sao paulo","2","26800","6700.0000"
"f9bbdd976532d50b7816d285a22bd01e","SP","sao paulo","2","26800","13400.0000"
"c79151301b9d90985d1fa52879213105","PR","maringa","3","26710","3815.7143"
"65a7c0788e4d632ccb5e1b594b87f0bb","SP","sao paulo","3","26670","2963.3333"
"5236605f4d4b0b3e4df85b850393fca0","SP","sao paulo","5","26530","5306.0000"
"483ca627d131e18f988349b1655c0acd","SP","mogi mirim","1","26400","26400.0000"
"5c853bb56f70f4d14218944bae111d7a","SP","cotia","23","26313","1096.3750"
"f8d5c7085db9a4ad2b8c1ffbeb2798c8","SP","sao paulo","6","26300","4383.3333"
"53088c75f948b48a7ece173ac17f0c12","RS","triunfo","3","26170","8723.3333"
"252e76235acb79183cfca6e34f13337d","SP","campinas","3","26120","6530.0000"
"aa762680c40618316a896838866140ea","PR","curitiba","3","26100","8700.0000"
"6da1992f915d77be95d7fa48b36904af","SP","sao paulo","7","26100","2900.0000"
"21d59342ba150175ca2aa4f8faddeca6","SP","itaquaquecetuba","2","25990","12995.0000"
"984c273121e743dd14767befe6cb17f5","SP","americana","1","25960","25960.0000"
"bdb3edbaee43a761e2d4f258dc08f348","SP","lencois paulista","5","25950","5190.0000"
"c9e5ad1f6647f5dbd1172adf6ae3cada","RS","porto alegre","4","25903","6475.7500"
"5e25c632f9db6cfb8bc100421c2737b6","SC","chapeco","1","25900","25900.0000"
"1e26c56af8d48424e1df0140a2401f83","SP","jaguariuna","2","25890","12945.0000"
"0af977692321d895349eded183341d28","SP","santos","2","25775","12887.5000"
"7d294cf9a6a69dc6a0c3e540fff0e039","SC","barra velha","5","25725","5145.0000"
"31eec405c9bb71dec8e2629a92e764fa","ES","cachoeiro de itapemirim","5","25689","5137.8000"
"15ead3a5037a918ddb520dfe39a3d2b9","MG","conselheiro lafaiete","6","25450","3635.7143"
"ebef8d8c92b4fd3226e5d407bbff21ac","SP","ribeirao preto","3","25370","8456.6667"
"d5c530f4884a75ae0dba9c148718d278","MG","centro","5","25293","3161.6250"
"88ef59b51bdaa941d10a853429f2b6ce","PR","guaratuba","2","25290","12645.0000"
"446cc09cdbb130904da114e807dbec40","SP","sao paulo","3","25280","8426.6667"
"7f35f9daf223da737b78738fbae4d977","SP","valinhos","5","25200","5040.0000"
"e88c9b79e592e370d6bd852eeefbf057","PR","pato branco","8","25187","2798.5556"
"ae45ad30c2d2e5913094769690a239d2","SP","franca","1","25180","12590.0000"
"e88f7a2995ba184710d339c5c4bf2e30","SP","votuporanga","2","25160","12580.0000"
"85ecf03781da592876b7844acc1b729f","SP","sao paulo","2","25100","12550.0000"
"46ef1a25845fc051c2998d878354810c","MG","claudio","5","25041","5008.2000"
"8ccf3cf69651cc1d8a02c8bfaf3b8568","SP","rio claro","2","25000","12500.0000"
"13d95f0f6f73943d4ceffad0fc2cd32c","GO","goiania","1","24999","24999.0000"
"1703bc09972dab9782e7a9194943b69f","MG","minas gerais","1","24990","24990.0000"
"5d505d2298ad549e4e4e835562fa0c1e","SP","birigui","2","24980","12490.0000"
"c0f783394e37cd9c9d7f5f81141450fa","SP","piracicaba","6","24940","4156.6667"
"4b90495391ac0bd181a80a459df1e718","RS","bage","1","24800","24800.0000"
"42b6488f5b8246d9141712abd4b1b693","PR","maringa","2","24799","12399.5000"
"32f1bb9dfa65bc7df5c0d9d95a616be4","SP","sao paulo","4","24649","4929.8000"
"baa49d93c8c8841e27400a300f5d74b2","SC","sao jose","6","24640","4106.6667"
"184a67a8f9f63234d3a92340bbdb727f","SC","joinville","7","24629","2462.9000"
"88ae906ea2acf6971f26c3e8b7cb4357","SP","sao paulo","3","24600","8200.0000"
"5721089ba9214e80074f27d5a03fc0eb","SP","sao paulo","5","24593","3513.2857"
"5194c22ed1f616ec0c0f33c571542879","MG","santa rita do sapucai","4","24560","6140.0000"
"14f2b3587172b9db894c9bad8dab520b","RS","ipe","2","24400","12200.0000"
"5733d806668f8712c24b9abaefbfa642","SP","chapeco","2","24380","12190.0000"
"77714512e8d4dda9c234da8e3faf16e4","SP","guarulhos","4","24340","4056.6667"
"c70a353f02429c00775a46a75fb787da","SP","sao paulo","6","24200","4033.3333"
"9853a239ab7b7ebbdc3a21248d5b8e1f","PR","campo largo","4","24200","6050.0000"
"31be790e64fc99f8ff48ec2bd18a3104","SP","sao bernardo do campo","6","24140","4023.3333"
"0761743cbffb25d7148189e9f1a5f03a","SP","ribeirao preto","3","24120","3445.7143"
"85044848b1b767db2a4a58526adef4b4","SP","osasco","4","24060","6015.0000"
"5e9f5bd34e0830569f05c9d4f56e04a8","RS","porto alegre","2","23998","11999.0000"
"70c4eedec9cb4a85cda2f3f9673557b4","SP","sao paulo","1","23990","23990.0000"
"422be4cc81a457fdb46f47edeb968ae5","SP","ibitinga","1","23990","23990.0000"
"2d9e8987a2ea5cf88dce330249043ff1","SP","jaci","2","23980","11990.0000"
"70f7e8018e3d46c748c92f026aa2585a","SP","sao paulo","1","23980","11990.0000"
"d7b2377bae6ace1b11fc69a11900ac36","SP","sao paulo","3","23970","7990.0000"
"ec8463980a4e0ea9f8517aea1ed0c419","SC","florianopolis","2","23920","2990.0000"
"25debeafbce801fdd479539350185eee","SP","igaracu do tiete","5","23785","3964.1667"
"d1a5cc844736958c11b8efab9a2b4c87","PR","curitiba","1","23760","23760.0000"
"e83c76265fc54bf41eac728805e4da77","SP","aracatuba","8","23730","2966.2500"
"2e0dba2da448400b1c11d7b4b22f32a4","SP","santo andre","7","23587","1814.3846"
"534a01cc6df1e034e05c32028a291fa2","SP","jundiai","5","23559","4711.8000"
"a663d9c3797e90eac99ff60939416a56","SP","sao paulo","1","23500","23500.0000"
"94b9108d4b637ba65bb4f1e53cfcf8d8","SP","guarulhos","7","23496","2937.0000"
"508808d438fe2ff972ed13bb8f4a82e2","SP","sao paulo","9","23484","2348.4000"
"1e47defeeadeca0e9a18fa5a9311e735","SP","catanduva","3","23412","7804.0000"
"cb32766839f443db85c82a43c4a6c19e","SP","rio claro","2","23400","11700.0000"
"d9cb0052a666de5308b32f32ad5f1b1c","SP","olimpia","3","23190","7730.0000"
"e64882b4ef12aee8d0faca4db5b681f4","GO","goiania","1","23000","11500.0000"
"740205fedfe4e90ca6857bc77db0f2b4","SP","caxias do sul","1","22990","22990.0000"
"1746c1ae87ac63d530c7c943d0ac42e2","SP","santana de parnaiba","1","22990","22990.0000"
"72431a818f97fe6ab9c81eee3e297e54","SP","rio das pedras","1","22990","22990.0000"
"9539213aa8e023c01937bef95dc006da","SP","sao paulo","9","22910","2545.5556"
"615c3462099ffa940d37b17dfda19594","RJ","rio de janeiro","2","22900","11450.0000"
"75745ef7bc7d4f3ea3380f6f5303f514","DF","brasilia","3","22840","7613.3333"
"8dfbc5ff27df12f6cef751d3b9554222","PR","curitiba","4","22600","5650.0000"
"b05b432bf68945d4d9783f9e3ca29ee8","SP","birigui","2","22480","11240.0000"
"8a8835a43bda99fd37310ad76c457510","SP","sao caetano do sul","2","22434","7478.0000"
"94ca168e8bcb407ab85c5da308863027","SP","clementina","5","22430","4486.0000"
"6c6e3d67f969468f3bfd33f827a31222","PR","maringa","5","22400","3733.3333"
"81ed90f07c0bacb7594940ba2ef676aa","MG","divinopolis","2","22390","11195.0000"
"0e44d110fa6a54e121cb2c095a77762f","SP","francisco morato","6","22332","3722.0000"
"08ad4ac1388e4420ca531c3edfc46198","SP","itapevi","6","22162","3166.0000"
"f419677537694f0462a91990df6ca44f","SP","sao bernardo do campo","6","22050","3675.0000"
"bec568278124768c474ee90971ca94d1","SP","sao paulo","2","21990","10995.0000"
"edf3fabebcc20f7463cc9c53da932ea8","SP","sao paulo","1","21990","21990.0000"
"20611af7866c6068fd5ae1f9dbe15c92","SP","porto ferreira","2","21980","10990.0000"
"f8e2c1b59cd4225a3e4fd0d013a76b93","SP","ribeirao preto","2","21980","7326.6667"
"e0a3c37054ade6478d923a6efc10f308","SC","camboriu","2","21980","10990.0000"
"a5dd1946fb63ada8bcaa0c9cd8f11e22","PE","caruaru","6","21962","3137.4286"
"c3fe93ba3085f92855c97e57f38c8c05","PR","curitiba","6","21900","3650.0000"
"3442f8959a84dea7ee197c632cb2df15","SP","campinas","3","21870","7290.0000"
"751e274377499a8503fd6243ad9c56f6","SP","campinas","1","21800","10900.0000"
"6548c2550b6e2d8f18053216e1c7b6f3","SP","diadema","3","21770","4354.0000"
"d594982fd877af63ace38ea1fca27c76","SP","sao paulo","7","21704","3100.5714"
"3d49bfdd1b43a7fe169b3740067acc61","MG","montes claros","3","21500","7166.6667"
"a4b8d97cd5d3674eeff96abc99d8ed67","SP","sumare","1","21408","21408.0000"
"5f0057b677eb963672bf05dfa3f16c34","SP","sao paulo","4","21388","5347.0000"
"33ab10be054370c254ddfcf0a6253422","RJ","rio de janeiro","4","21320","5330.0000"
"4ea2f12dbe91deeacd2c1e74f069a6e6","SP","sao paulo","4","21020","3503.3333"
"28405831a29823802aa22c084cfd0649","SP","sao paulo","6","21000","3500.0000"
"a9415cf907dfa12f9ed18693244f5329","MG","prados","1","21000","10500.0000"
"661ad5fcc28cdfb8bcadb12bb2272475","SC","balneario camboriu","4","20993","2999.0000"
"269c5fc9fcadee614364c3620c30a1f9","SP","guarulhos","3","20960","3493.3333"
"3fadb4cba4c35bce6a7eaf9872d5623a","RS","caxias do sul","3","20950","4190.0000"
"929f342384a6607afe143d789ade1316","PR","londrina","4","20940","5235.0000"
"3fefda3299e6dfaea3466ef346a3571a","PR","curitiba","1","20900","20900.0000"
"10cdd491d1dbea8fb4ead97b19c334ce","MG","santa rita do sapucai","3","20890","6963.3333"
"1de62b6f2fd96227629786db492433db","SP","sp","2","20880","10440.0000"
"353e21e8bf8de2722b4fae1636664b76","RS","canoas","4","20800","5200.0000"
"5a9c0859cb00fd8aa4db443837f0a700","SC","treze tilias","2","20800","10400.0000"
"90b57083da5d803237da74daec6dcb2b","PR","curitiba","2","20690","10345.0000"
"762fafdaa57a532ee0119731697579dd","SP","itu","5","20670","4134.0000"
"e5d4b2b0c3bca22085f7a19a28de0c42","SC","joinville","4","20580","5145.0000"
"dd8a29ce82d5c705ba932d81494600a5","SP","sao paulo","2","20575","10287.5000"
"643c01d7c56a724bec0454f4780e8a3e","SC","joinville","2","20555","10277.5000"
"efb628aa07c8ca93d7db0d85b91a4f5a","RJ","nova iguacu","1","20400","20400.0000"
"e819bcfade7b5d88a27325eb6cfd62c5","SP","guarulhos","5","20290","1844.5455"
"f26d70155c2b6326fcfa1780c8c684e4","SC","presidente getulio","1","20289","20289.0000"
"bcc9dd23e2a8bd8267cf92b19304a1b9","SP","ibitinga","3","20279","6759.6667"
"19484c79cef6c062cb177aa4ef2fcc3c","SP","valinhos","1","20190","20190.0000"
"28c7d8743fbc8679f484868cc0fcaefb","SP","itaporanga","3","20150","6716.6667"
"72146da5774cabf2632faedcae097a76","PR","marechal candido rondon","4","20094","3349.0000"
"3f84fefc07dc159b268d4a77d3e8c425","PR","fazenda rio grande","3","20060","6686.6667"
"5db42a6cd9bf1bf0d3aab9582767f168","ES","vitoria","1","20000","20000.0000"
"dda37071807e404c5bb2a1590c66326f","SP","sao paulo","1","19999","19999.0000"
"dbc51f5e45d654ecc16cb68e6817ecea","SP","franca","1","19999","19999.0000"
"3289d8c3eef4873f91ce0b1343c0dd58","SP","praia grande","1","19999","19999.0000"
"3fe7120d6257285ac6a3ce7cb071ccec","MG","governador valadares","2","19998","9999.0000"
"651530bf5c607240ccdd89a30c9c9712","BA","ipira","1","19990","19990.0000"
"e59e575a175fadcadf8479e191770425","RJ","nova iguacu","1","19990","19990.0000"
"4f0d637c1197fd65405ebd755ac9f86b","SP","taboao da serra","2","19980","9990.0000"
"2a50b7ee5aebecc6fd0ff9784a4747d6","DF","brasilia","1","19980","9990.0000"
"2cb4700db635baa1c0d4f90ed27b6669","PR","curitiba","2","19980","9990.0000"
"800214c63934acd05d47e84214db8ba8","SC","jaragua do sul","3","19970","6656.6667"
"ec5c1d94df153d473b37f880977ae58e","SP","rio de janeiro","2","19967","6655.6667"
"8060d731897e33b5c5ae575ce1e209e1","SP","blumenau","5","19950","3990.0000"
"e9874ae10b2d60d43917b6bbfa13a599","PR","rolandia","1","19900","19900.0000"
"e1bed63d68ac36fe1f3061befe196af5","SP","mogi guacu","1","19900","19900.0000"
"52f6f9f13ba19504c02781132a049e75","PR","curitiba","1","19900","19900.0000"
"4ce8b55b4bfa4659184e7becc1fba3f2","PR","fazenda rio grande","2","19900","9950.0000"
"4450bd8327d471c4a11a83d1445b1b62","SP","cotia","1","19900","19900.0000"
"3d290fe363c60a77498c1126fd3fb8d3","SP","itapevi","3","19898","6632.6667"
"e503f22be6a4f456d9851920a5d9c670","SP","sao paulo","2","19890","9945.0000"
"ad8b531ae67582f096925cff5630d0d1","PR","castro","2","19845","9922.5000"
"d8dd176509baa37f359644d082bf7f7b","SP","sao caetano do sul","2","19800","9900.0000"
"586a871d4f1221763fddb6ceefdeb95e","RS","porto alegre","1","19800","9900.0000"
"6f835fd4be26989b1b064399da346143","PR","curitiba","2","19780","9890.0000"
"9da15f4a4ea758d9eeb49000dbe57e22","SP","osasco","1","19690","19690.0000"
"fe8055980a4ff7f64ed889c2b5926929","PR","curitiba","3","19670","6556.6667"
"809413606dbfe5deefd2db646693ef67","SP","sao paulo","3","19668","3933.6000"
"8def3db7f272735afb2ecd03aeca09a7","RJ","rio de janeiro","2","19600","9800.0000"
"0f7eea709efdf942b5f95c7516dbacd7","SP","pedrinhas paulista","3","19574","6524.6667"
"f356c348fbc8df6a882823e21f5ce8b7","RS","canoas","2","19518","9759.0000"
"9c54608f0996c32ae4743089d915f845","PR","loanda","3","19480","6493.3333"
"b5f49fe968dff6b112861e6cd8e192ef","PR","curitiba","1","19470","9735.0000"
"7d948535954aaf8c5d39db007f74372e","SP","guaruja","4","19400","4850.0000"
"f626e15b7314c267e4429010866f70e9","SP","marechal candido rondon","5","19355","2765.0000"
"05e107217c7266362fd44b75b2cd4cc4","SP","sao paulo - sp","5","19338","2417.2500"
"747c1cdcd1737dcfbd1547f6eb6f2cf3","SP","ibitinga","2","19310","9655.0000"
"4d9fea3499bdc22aa4da4e339365f215","SP","sao paulo","2","19254","9627.0000"
"78ba5933c21686d1c2f64669c8c459e7","SP","mogi das cruzes","2","19180","9590.0000"
"f307937c1bb287c3efc2a514b94b0d1d","MG","araxa","1","18999","18999.0000"
"778323240ce2830d68aab11794e00bfb","SP","sao paulo","3","18998","6332.6667"
"7cf4ea70955b00d6b3c22542598e2715","SP","sao paulo","1","18990","18990.0000"
"43a1d4bab73b816e44ef4e4facd9f9b5","PR","maringa","1","18990","18990.0000"
"119c7f1a00ef43fad0e57604e76a747c","SP","sao paulo","2","18980","9490.0000"
"213fafb0ca06fb3d5886579c2565791b","MG","sete lagoas","3","18970","6323.3333"
"686886775c8f6b1191c7b953fb52708c","SP","pedreira","1","18900","18900.0000"
"299c89a525fee36c567f4fe72f038100","CE","varzea alegre","1","18900","18900.0000"
"e0482f2c769468c3bbcd8a01e09d98c5","SP","sao paulo","1","18900","18900.0000"
"b00af24704019bd2e1b335e70ad11f7c","BA","salvador","1","18900","18900.0000"
"c360e4787614ed31ac7a2f95d3b22dc6","SP","lencois paulista","1","18890","18890.0000"
"c0aff2da32c17759d30b22fb0af6649d","SC","florianopolis","4","18880","3776.0000"
"4c1c7281388a33dd06daac44f9fadbd1","SP","marilia","5","18832","3766.4000"
"a3b0df0065e264a91b7bbf5f844af5cd","SP","sao bernardo do capo","2","18669","9334.5000"
"3a79f35a2344ede41af21267f61d5ec6","SP","campinas","1","18600","18600.0000"
"eec3469d83e142f9a104886655338c37","SP","bauru","4","18570","4642.5000"
"9e7c5f4d7770eab65738cca38f9efccf","SP","sao paulo","2","18480","9240.0000"
"2075d8cd4dd63ff12df0749a5866bb06","PR","curitiba","3","18470","6156.6667"
"7d484ca289afaac6bf5fc6a1e96d2226","MS","campo grande","2","18320","9160.0000"
"c990d6cf976a5718aaedc539f383ab88","SP","paulinia","8","18310","2034.4444"
"3dfd3dc96f7f8598eca74e9ac8a2fa31","SP","sao paulo","6","18300","3050.0000"
"23ca5f678e0b3ea6c630b30fa8bf51ea","SP","sao paulo","6","18300","2614.2857"
"1c56ffe0e9dea2657fc6e95b53f40b13","SP","sao carlos","3","18300","6100.0000"
"478bfe564db21eeb44386606aa30b650","MG","pedro leopoldo","3","18270","6090.0000"
"5659d77e8d90378e39b960ad5956f64e","SP","taubate","2","18248","9124.0000"
"31e60bf8d103ce47932a85f5562deb16","GO","goiania","1","18100","18100.0000"
"8ca5b19e0263150d2c57afdde2b3d011","SP","maua","3","18060","4515.0000"
"88cd3681e0a2ba85e190f7d817629c4c","SC","brusque","1","18000","18000.0000"
"964ff64dc05b13811c6d0f41e0aa5f6b","SP","sao paulo","1","18000","18000.0000"
"9c57bc60cfad5ee62d35d3f1ce4593a1","PR","curitiba","1","18000","18000.0000"
"94165aea8a35c3c21499cbcae239b16c","MG","uberlandia","1","18000","18000.0000"
"7ad41305e96a6cab8294cd65891e9a86","SP","rio bonito","2","18000","9000.0000"
"9dd459b29a14bf89d47183cf2cd0e4c7","SP","sao paulo","2","18000","9000.0000"
"50bf89f1349bc0409a268c3a49678009","SP","jaci","1","17990","17990.0000"
"7f5e4d5efad7e44b91115dd1decb65f3","SP","jacarei / sao paulo","3","17990","1998.8889"
"3606774ec64634822d78dc2db6d37045","SP","sao caetano do sul","1","17990","17990.0000"
"05ca864204d09595ae591b93ea9cf93d","SP","barueri","1","17990","17990.0000"
"762ed976527cddf02787edba70fffa2a","PR","londrina","3","17980","4495.0000"
"2235cf78d3e2073a88146a9cb60f0dd0","SP","sao paulo","1","17899","17899.0000"
"880ce4951cf857ab1d9e0b75c1d856f4","MG","belo horizont","1","17890","17890.0000"
"f3975e8a41157005d4bcbb358678cd9b","SC","pinhalzinho","2","17880","8940.0000"
"6f1a1263039c76e68f40a8e536b1da6a","SP","sao paulop","2","17869","3573.8000"
"57fe6232e67823593374a2281d7a8af8","SP","capivari","8","17868","2233.5000"
"19e0f40a907ec568c34bfac15de4f4a1","SP","americana","4","17800","4450.0000"
"1352e06ae67b410cdae0b2a22361167b","RJ","rio de janeiro","2","17800","8900.0000"
"ab9db4cf53b08b828b64dccaafc2d9f0","RS","paraiso do sul","4","17778","4444.5000"
"2d2322d842118867781fc737e96d59a1","SP","sao paulo","8","17640","1764.0000"
"a0a14e50070f3225b3eabba5b85da517","PR","curitiba","4","17620","4405.0000"
"c353f8fc0ce8344999f17d578eb69a5e","RS","porto alegre","2","17598","8799.0000"
"cbbd5ae8f53de5f5097cd8217b529e24","SP","santana de parnaiba","1","17590","17590.0000"
"485452467ff670447e84a8370c3fc898","SC","taio","3","17570","5856.6667"
"4dc2e811a1760953cb7c6a590b498943","SP","itapui","1","17500","17500.0000"
"b906dd0e57f282c7089171b6ed07982e","PR","parana","2","17500","8750.0000"
"f92d8c817434bd2d84d4e9c61322b7fa","SP","sorocaba","5","17484","3496.8000"
"23ff42c4bf1f8f16cddb19d8b972974a","MG","itau de minas","2","17470","5823.3333"
"dd9661d3cda1e6feb237f0c4d8b26f2e","SC","campos novos","1","17400","17400.0000"
"0692610d8abe24f287e9fae90ea0bbee","SP","sao paulo","4","17399","4349.7500"
"99a25c39b28a74d1151c35c18d178292","SP","sao paulo","1","17394","2899.0000"
"aae5953b9edddf14749c0d65d60eb4b9","MG","belo horizonte","2","17300","8650.0000"
"ccada0ef508e698917a6eab263375905","PR","pato bragado","3","17280","5760.0000"
"50770d25768b0486d89be26afca3108f","SP","santo andre","6","17177","2862.8333"
"e1643dff33666ca629e3644c02738179","SP","sao paulo","3","17000","5666.6667"
"3ea08c48e851106d2f584349daba335f","MG","barbacena","1","17000","17000.0000"
"55c96925041a14097b6a7825554f4ad5","SP","sao paulo","5","17000","2833.3333"
"5ca5d579b5857ee8709479b1047cecc3","SP","sao paulo","1","16999","16999.0000"
"7fe21dd00d2f4943ae09525efa2fd674","RJ","rio de janeiro","2","16980","8490.0000"
"695051e2981c8b19e77cafe450d5bdf3","SP","osasco","1","16976","16976.0000"
"b01c2b7b8599b325103ebcddc67413e1","RS","venancio aires","4","16945","4236.2500"
"d9c349beabc06aa6ff1c6d68b5e9e22e","SP","sao paulo","1","16810","16810.0000"
"c7c7b2682c648339a0e9846bb1023a39","SP","braganca paulista","2","16800","5600.0000"
"51a04a8a6bdcb23deccc82b0b80742cf","SP","braganca paulista","1","16799","16799.0000"
"7178e1eaa97257d8b6d4b80efd77a025","SP","tatui","1","16790","16790.0000"
"89d9a386b0b6e5fc8403071b03f7206a","SP","sao paulo","2","16700","3340.0000"
"1d1bbb8ac1581824986f582583fff01d","SC","indaial","4","16688","4172.0000"
"1e483cc5c76fef08d3ca05f9a8af7d01","SP","sao paulo","9","16609","1660.9000"
"1cbdc7cf130a41fd13a3c2a7d2fcfda7","MG","lambari","2","16580","8290.0000"
"2ea0861cc19e94cad86438c984c52da4","SP","sao paulo","6","16560","2760.0000"
"76d336555bb25f3165d2f0d6da719c40","SP","sorocaba","1","16500","16500.0000"
"33d677f27a69b84051204ee4ae76eaca","SC","joinville","9","16500","1650.0000"
"bd4ff04377f974574f7f0bf9d6ce7dde","SP","santa maria da serra","4","16496","4124.0000"
"e45edf75f568ed2f93f78d060e246e25","RJ","rio de janeiro","6","16430","2347.1429"
"f19516b9ff26bfeb091b30108db4ddbd","SP","artur nogueira","3","16270","5423.3333"
"98e164d549402270247f3c96a1a158ef","SP","sao paulo","2","16270","8135.0000"
"fa5fdc4e4bb6bd1009ad0e4ac4096562","SP","santo andre","1","16199","16199.0000"
"bff9deb0ec77d437f3305a79cf25529e","SP","limeira","5","16195","3239.0000"
"d3e7d37c0df9aef383f3f2a15b0dddfb","PR","sao jose dos pinhais","1","16100","16100.0000"
"d9d43faf741ceaa8da52fdbb81d9e0e3","SP","juiz de fora","4","16100","2683.3333"
"3442033154be05bac582e173ef54fd12","SP","sao paulo","1","16100","16100.0000"
"fc6295add6f51a0936407ead70c1001d","SP","sao paulo","1","16000","4000.0000"
"aa2640d851ec322526f1295bbeb20092","SP","sao paulo","1","15998","7999.0000"
"533d46c1b06970e99f09523a61df4972","SP","itapetininga","2","15998","7999.0000"
"2039c5e51785b5dde7cf93ccb3b7be2c","SP","guaira","1","15990","15990.0000"
"913fd0ebba70bb919f7254a02239173c","SC","blumenau","1","15990","15990.0000"
"fc0b214b59a83615fea981c6424a02ae","SP","maua","1","15990","15990.0000"
"4bde6149c15cf7e177b36fa060dd6de8","RS","carazinho","2","15980","7990.0000"
"99cd94252748d2bdde08e17858233602","SP","sao paulo","2","15980","7990.0000"
"6902157ee16728322d61a1321fa79e58","SP","sao paulo","2","15980","7990.0000"
"2ec6e37d992a95eaddb3369dcbcc76d9","RS","porto alegre","2","15980","7990.0000"
"b7e1750c1157341d2abd0251e07c186b","SP","sao paulo","3","15960","3990.0000"
"0ade5cc4a305ed7093a23f68ca47519c","PR","curitiba","2","15888","7944.0000"
"954e95f20808d7e5d11f0de292d078e0","MG","joao monlevade","3","15878","3969.5000"
"c04d70d515d15a7e3db3a73320598566","RJ","niteroi","3","15820","3955.0000"
"98dddbc4601dd4443ca174359b237166","PR","sarandi","2","15800","7900.0000"
"f1ce5fdecd64935c28b9ff932751d0dc","SP","santana de parnaiba","2","15800","7900.0000"
"ce3ad9de960102d0677a81f5d0bb7b2d","RJ","rio de janeiro","1","15800","15800.0000"
"dde698c6d0bd24834c586e5111c2bba7","RJ","petropolis","1","15590","15590.0000"
"d2df77822373f19934e87694d8640767","PR","arapongas","2","15590","7795.0000"
"b9de031b671cd48b28fae9d828cbf2b4","SP","sao paulo","1","15532","15532.0000"
"3c88ed2e76a2247933a15daa7161eb1c","SP","cosmopolis","1","15500","15500.0000"
"4dab98ca6cd6d3df586203cefd28a042","RS","porto alegre","1","15490","15490.0000"
"f664f98bfda2eaf266a23ff144e7a872","SP","sao paulo","2","15399","7699.5000"
"90b36c5aeb728d5504a39f435bef0c5f","SP","conchal","4","15389","3847.2500"
"0b09101900100c0e9d312861fad5a1b9","SP","sao paulo","1","15375","15375.0000"
"6601ee6383e7f452be71929f8de48bbb","SP","ribeirao pretp","2","15360","7680.0000"
"d26aa40b90272d4843d63be7c1462c8d","SP","sao paulo","2","15290","7645.0000"
"78813699ffac347fe27dba345a5f1551","RS","bento goncalves","1","15242","15242.0000"
"4ddeb3e828550cddc8d45c8bc36ab2d1","SP","sao paulo","1","15200","15200.0000"
"56f413900b5166ab4d730e9ac0b12cb0","SP","sorocaba","3","15179","5059.6667"
"bd0a1b0aadca9a83d9304f7e8ff5fbd5","SP","sao paulo","4","15060","3765.0000"
"2d34636518ba88f5349b732fcf8ba2e4","SP","sao paulo","1","15000","15000.0000"
"578fa3a9cb6b6dceab39231ad59cdaca","CE","fortaleza","3","15000","5000.0000"
"3dc69bf2c42f0568a5c4791ec3fd3745","SP","sao paulo","1","15000","15000.0000"
"c398bc00a606d33758afd91f4e64fd15","RJ","rio de janeiro","2","15000","7500.0000"
"4867209cb29b56b92893d7bde3ce8012","SP","jau","1","15000","15000.0000"
"49f8d2ea7b718d0ce587d34207caf2b4","SP","sao bernardo do campo","1","14990","14990.0000"
"1e47d8b6546eb3a77b1acddcc9406242","SP","campinas","1","14990","14990.0000"
"f266295f49a28eee21f413e0cbb0521d","PR","ponta grossa","2","14980","7490.0000"
"6ba4733aa33f6386e9fb0c0fd3993b38","RS","torres","3","14979","4993.0000"
"3d700782d7818f2c1e0d7a9e9d75fc00","SP","sertanopolis","3","14970","4990.0000"
"63272377184e969942f7fff221be858d","SP","sao paulo","2","14970","7485.0000"
"e00d85ce20ea50c1224c66ca5050527d","SP","osasco","1","14900","14900.0000"
"d8b8f2cf9ff6ba0389072541cb42498c","GO","formosa","1","14900","14900.0000"
"f35becee938e982bd615edf8ef12bcfb","SP","alvares machado","6","14859","2476.5000"
"8fbe2ee446b97e128471be4ce983dc0d","SP","sorocaba","3","14850","4950.0000"
"ca7c6bd577e559472af1c699de9e764e","SP","sao bernardo do campo","6","14800","1850.0000"
"7d7866a99a8656a42c7ff6352a433410","SP","sao paulo","5","14789","2957.8000"
"2a7c6c0b0d5efde2bf75ec1e1cec2d41","PR","maringa","3","14760","4920.0000"
"6ee85be3693ed79a8e80718743d80655","SP","sao paulo","5","14750","2950.0000"
"9523fb39dd240aa958e040f8183d64f3","SP","sao paulo","1","14699","14699.0000"
"0b3f27369a4d8df98f7eb91077e438ac","SP","aruja","2","14651","7325.5000"
"4bcec44888b30ba9001234c534716d3f","SP","santo andre","5","14600","2920.0000"
"398cb257329ef7af7f1943a8974a3cbc","BA","salvador","1","14590","14590.0000"
"8e34331b7eedd03be4e5d965c1956225","SP","sao paulo","5","14500","2900.0000"
"f3041c2e75ec683697a6a5ea82192210","MG","itauna","1","14500","14500.0000"
"553a440137d6e0cf776aee0bb83ac9f5","SP","limeira","2","14480","7240.0000"
"0daf5180aa44356f60f8effa533b55a2","GO","goiania","2","14480","7240.0000"
"4a82c4af97ffc0fb2dc26bfdc03b1842","MG","lagoa da prata","3","14370","4790.0000"
"c8143b3069f6746a77421b5ce30a450c","GO","abadia de goias","1","14247","14247.0000"
"2f9b7ce230a057a98a9f5df5893ee36c","SP","barueri","2","14182","7091.0000"
"d3891911c2feae53c52fea2bd14054e5","SP","sao paulo","2","14100","7050.0000"
"0e72c1a751b496722a6cb1f10653b62a","SP","sao paulo","3","14080","4693.3333"
"50a7e551a7b3f8d37cd6e32d8bfbe5ea","SP","sao caetano do sul","1","14000","14000.0000"
"52a50b42accf164f9f019941e5759d9b","SP","monte alegre do sul","4","13996","3499.0000"
"19d62d484cba71963c93f0f00ab42013","SC","gaspar","1","13990","13990.0000"
"fa8d335d68129e464e60c1826a683e96","RS","tres coroas","1","13990","13990.0000"
"d8bf0fc082fd4a77fc2e5679b6c00133","SP","sao paulo","1","13990","13990.0000"
"e8ff5a6ceb895583033fc2a0f314e3c2","SC","blumenau","1","13989","13989.0000"
"1b0b0f4f95e962d6f32fe90c759d0479","SP","sao paulo","2","13980","6990.0000"
"59bbc819b99a733f02f0d6b49d1c253d","SP","campinas","2","13980","6990.0000"
"a154d7316f158bb42e6fa18bbe3afd3a","SP","sao paulo","2","13980","6990.0000"
"6a53b90c3ad9e0b56d9fe5c69165fff5","PR","curitiba","2","13978","3494.5000"
"657969cca82e884d272385ec0ef06edd","RS","estancia velha","3","13970","4656.6667"
"63b9ae557efed31d1f7687917d248a8d","SP","sao jose do rio pardo","5","13950","1992.8571"
"26e2e5033827d2ba53929f43e03d8ffe","SP","sao paulo","1","13949","13949.0000"
"4a5b36211b1f51bf7eaa5c10a57fa483","RJ","sao goncalo","1","13919","13919.0000"
"57a834594e1e9e9219603bfec184eadc","RS","santa rosa","1","13900","13900.0000"
"5a9b3bcab695173c820e53934574ae80","SP","salto","1","13900","13900.0000"
"712efd3b68f9686dc856b84abd0f21ae","PR","curitiba","1","13900","13900.0000"
"f114dca2828bf718548db175ebe2cfcd","PR","cambe","1","13900","13900.0000"
"c747d5b92c7648417faea95d36d763e8","CE","pacatuba","1","13900","13900.0000"
"f049a72cf58fd31b11f8919cade515e7","SP","sao paulo","3","13875","3468.7500"
"717b78b0950b51ed00b1471d858b0edc","SP","alambari","5","13860","2772.0000"
"96f7c797de9ca20efbe14545bed63eec","SP","cravinhos","1","13860","4620.0000"
"044668ccd5316b12a7cf0d54a156e3e9","SP","osasco","3","13780","3445.0000"
"0b64bcdb0784abc139af04077d49a20e","RS","canoas","4","13760","3440.0000"
"ea846a0e7ad98a741783e886d89dfa44","SP","aracatuba","2","13700","4566.6667"
"b7ba853e9551f4558440881fd3e5c815","RS","santo antonio da patrulha","1","13690","13690.0000"
"db6a4d4b5f1f5f98820ce6ce2619e2de","SP","sao paulo","1","13599","13599.0000"
"377bc18334c78dd2f1535ef22a3ad225","PR","sao jose dos pinhais","1","13598","13598.0000"
"dd39ad39b5d3df33037e141c72497ba6","SP","sao paulo","2","13580","6790.0000"
"e3e290b38963293022cdcd6db8328103","SP","sao paulo","3","13570","4523.3333"
"59de1d4c8c057c2a53acd4ca66531af2","PR","curitiba","1","13500","13500.0000"
"7c4adcc13272c0e26fa23aac642adb7b","RJ","sao goncalo","2","13500","6750.0000"
"83c8aafbefb034674a70de0eac5b8954","PR","francisco beltrao","2","13490","6745.0000"
"92c8bc6e8f925792247656fed09aad65","SP","sao paulo","2","13480","6740.0000"
"5def4c3732941a971cba8fdee992ede1","SP","sao paulo","5","13480","2246.6667"
"c5e60e39c0f42b8e827daa13cff74afa","SP","sao paulo","6","13400","1675.0000"
"8e4f041ff58e7845456d3482524014b3","RS","porto alegre","2","13380","6690.0000"
"062c325cd6a2b87845fab56b4ec2eeae","SP","sao paulo","2","13322","6661.0000"
"c87abc38c8ed3240861729e1aeadf221","SP","sao paulo","1","13300","13300.0000"
"7adbd3210a7b3cc2235e225eef33574d","SP","sao paulo","3","13190","4396.6667"
"fedf2c1386e137f296b3bbf3b635e69d","SP","sao paulo","2","13174","2634.8000"
"a218df5c097b0ca409cfaac1488cc7f6","SP","araraquara","4","13069","3267.2500"
"939f6e231201f26803cb5c3a3d2940b3","SP","bauru","3","13060","3265.0000"
"2f3d8b4c9e2ee165075331fea3f3095a","SC","sao jose","1","13000","13000.0000"
"dc120d932ddf9d4dfb6fd68beefda622","PR","sao jose dos pinhais","1","13000","13000.0000"
"9fe7c6641c79970ab48185498f547c09","SP","sao paulo","1","13000","13000.0000"
"b6f52e346160519c24a23af05410ad32","SP","sao paulo","1","12990","12990.0000"
"0f80a40c312b2472dca482cf50f5186f","SP","lencois paulista","1","12990","12990.0000"
"e5def42655b7490edac5a56fe8e9e603","SP","amparo","1","12990","12990.0000"
"44ed138eca6214d572ce1d813fb0049b","RS","canoas","2","12979","4326.3333"
"45c20d94d9171b0bcfab3c955e47d67b","SP","cordeiropolis","4","12946","3236.5000"
"e4fc40017a6d22c46a14ac2e17f87c3e","PR","arapongas","1","12900","12900.0000"
"ef728fa1f17436c91ed1ccd03dcf9631","SP","jau","3","12870","3217.5000"
"538caafddff204241cecbf3a02e6b3cf","SP","sao paulo","8","12840","1605.0000"
"5bc237df65098fe211bb4818f4d26d78","MG","uberlandia","2","12680","6340.0000"
"7c9130f5f3729edd32aa059141d92484","SP","garca","3","12600","3150.0000"
"934ed5cd1b9c1c7382d0a94a94b9e639","PR","curitiba","1","12585","12585.0000"
"788f22bafdd7ab0e1e79f19db72f16a4","SP","sao paulo","2","12580","6290.0000"
"570d4583587a5fe2d47c7be89b91ad27","SP","sao paulo","2","12525","6262.5000"
"c092292535a57dacd95a8765f5518f87","RJ","paracambi","1","12500","12500.0000"
"57df9869a600bd6b7c405f2a862eccfb","MG","santa rita do sapucai","5","12500","2500.0000"
"ff82e8873fba613f2261a9acc896fd84","MG","itabira","4","12460","3115.0000"
"693660429f9dc4ff704eb3d88dad54d7","SP","santo andre","2","12400","6200.0000"
"08061dc0fc165ed41288cc7acde738ee","SP","osasco","4","12380","3095.0000"
"902c99f1ac505c0d18778b61bcd636f7","SP","mogi guacu","3","12347","4115.6667"
"8d92f3ea807b89465643c219455e7369","SP","sao paulo","3","12120","1515.0000"
"89757206b887aed36f3e18d858460fea","SP","sao paulo","2","12050","6025.0000"
"876182d1918783bbe15233febfbd4926","SP","sao paulo","3","12027","4009.0000"
"003554e2dce176b5555353e4f3555ac8","GO","goiania","1","12000","12000.0000"
"7994081388d55b9cf976c050653dd359","SP","sao paulo","1","12000","12000.0000"
"bba8d0c234a52b87b3957037a215d1a4","GO","goiania","1","12000","12000.0000"
"bdf0d02d36a1d839d0c39c4a887cdd49","SP","birigui","5","12000","1714.2857"
"a353b1083c9863d756d9404695016d64","ES","cariacica","1","12000","12000.0000"
"698f5fa55a5f73d0740e9d9a773e8093","RJ","rio de janeiro","4","12000","2000.0000"
"1927cdb9fa74f5270097f6250e8e8f34","SP","marilia","1","12000","12000.0000"
"35281d148dcf7134bae913c57db4e6da","SP","sao paulo","1","11999","11999.0000"
"3903c788ded8dc03b5ebab37a2f3e9a1","SP","carapicuiba","5","11998","2399.6000"
"7c4402417d51474d4d0cda9557340e40","SP","sao caetano do sul","1","11990","11990.0000"
"e9b6c33b71b67737693b4cfa68341c8d","SP","sao paulo","1","11990","11990.0000"
"d1aa1ec0839dcab73a6161130eb1f94a","PR","curitiba","1","11990","11990.0000"
"07a9bc7f61396b658ddf3ac534efe44c","SP","sao paulo","1","11990","11990.0000"
"a150c540f572d0fb53992264bc5c10b5","SP","sorocaba","1","11990","11990.0000"
"674207551483fec113276b67b0d871ff","SP","sorocaba","1","11990","11990.0000"
"be1e9e378700cecaa4ebf71433d7915c","SP","ribeirao preto","2","11989","5994.5000"
"910a922b426b7ff95eaee129ad6c0e1f","SP","sao jose do rio preto","2","11980","5990.0000"
"bf0045791395e66460eb04749c68672a","SP","sao paulo","2","11980","5990.0000"
"8eb88b0acb3f90a717ad659221471fa7","SC","cacador","2","11980","5990.0000"
"26e13b6ff5b641b329e5524241ee2c93","SP","franca","4","11970","2992.5000"
"a9b533a26e898b12e8b8d4c07279bf4d","RJ","rio de janeiro","4","11960","2990.0000"
"22c32ec35d0116ef02c281798a25bf8b","PR","maringa","4","11958","1993.0000"
"36f98ad67cc981f50ce8aed093d5783c","PR","toledo","2","11940","5970.0000"
"fc38b5dceee1a730fad8853453437fbd","SP","campinas","5","11920","2384.0000"
"fc908879b9ca1bd65419e54e50432d38","SP","sao paulo","4","11920","2980.0000"
"e82de6494d91d3c4c54450f59b227a94","SP","ibitinga","3","11890","3963.3333"
"fd312b6bf05efac6c3772d5b52205d8a","SP","votorantim","2","11870","2967.5000"
"e9c2dc0dd4ac38448289be644ac94f42","SC","joinville","3","11839","3946.3333"
"4c60877808f4318ef1107fbeb8f89afa","SP","atibaia","2","11800","5900.0000"
"aa1eb17b9fdf6dfd546e25c45c7b9235","SP","sao paulo","3","11799","2949.7500"
"fc5a0d7a310a7a41abf86a458585ff2b","SP","sao paulo","1","11790","11790.0000"
"b416191c9813d821a295cfabafff4161","SP","franca","2","11780","5890.0000"
"40ec8ab6cdafbcc4f544da38c67da39a","PR","francisco beltrao","2","11780","5890.0000"
"13dd308f81fea30cc670c656b2b46cc3","SP","santa barbara d'oeste","3","11770","3923.3333"
"9bade61a92bed55a25d2b67b9f4ed739","PR","sao jose dos pinhais","2","11768","3922.6667"
"bca9230d3bbb4efa51872bf605a2f1ad","SP","sao paulo","5","11757","2351.4000"
"9bf11dfc0bec77e5a23028043c3c5a8f","MG","contagem","1","11500","11500.0000"
"93bef6edaa84956e8e575016449b6351","SP","sao paulo","1","11500","11500.0000"
"781a66c0d89e30814d49fe8b5e14cd07","SP","campinas","1","11500","11500.0000"
"039b29ff3b3473435d0cd59040575de9","SP","ribeirao pires","9","11490","1276.6667"
"8c351ed7c326c62123318f4f3246e906","SP","praia grande","2","11490","5745.0000"
"296729ffb9b684050dd24836dac4494a","SP","curitiba","2","11400","5700.0000"
"cd52a8efd71af3336b14b5039b951cc1","SP","palhoca","2","11180","5590.0000"
"4c4d546adf3c3868fe19c9ec6e9ffda9","PR","maringa","2","11170","3723.3333"
"818d28f936e791926d33bcb6ee94ef79","SP","sao paulo","4","11160","2790.0000"
"28d162ab86bb49d719c32f0ee6186eaa","SP","ribeirao preto","1","10999","10999.0000"
"e732329483fd5f27367dd997b47f598a","SC","blumenau","1","10990","10990.0000"
"4be9ae93c4fc0f41713d71a4194ee1b3","MG","divinopolis","1","10990","10990.0000"
"2c9005d8043aff18b8557ffb7b13cda4","ES","cachoeiro de itapemirim","1","10990","10990.0000"
"db7ed69a53aa9fb1c01930ba54a88bbe","SP","jaguariuna","1","10900","10900.0000"
"7bb8fac2913a6064ec412e583c6d8b4d","SP","bauru","1","10900","10900.0000"
"4cc43a222a0f94910728b62b97a8c5f8","SP","ribeirao preto","1","10850","10850.0000"
"bb3dca718920a4d7ec3cc9ffb025108b","SP","sao paulo","2","10800","3600.0000"
"e88165a185134e13fdfc85d4fa654db8","SP","ferraz de  vasconcelos","2","10800","5400.0000"
"941554c5757b73ba0e50aa7732310afc","SP","sao paulo","3","10769","2692.2500"
"c26ba52cf8d2f34915f2f6b7ffa0a3f3","RJ","rio de janeiro","3","10747","3582.3333"
"44717f64ec2a457979cf83c429077666","RS","santa rosa","2","10700","3566.6667"
"077c5fae4bea9500e3737b16f71b9d3a","SP","sorocaba","4","10680","1780.0000"
"a69aa24cec11168e7e39a3fbc727e925","SP","carapicuiba","3","10597","3532.3333"
"271b8923c6a549e02d3c9fd1f8c0422b","SP","praia grande","1","10519","10519.0000"
"3d2400ac620cffa23ac81bd192f7f555","SP","sao bernardo do campo","1","10500","10500.0000"
"3bb32fedaa74e4ad20f4ce067733bd31","SC","porto belo","2","10370","3456.6667"
"62de60d81c55c29d76a6bce418b31cef","SP","ibitinga","1","10300","10300.0000"
"461ff5303b6c9c1a4a07f40c5aece516","PR","pinhais","3","10270","3423.3333"
"ab91571efab27993ff2f6b36e38055c3","SP","sao paulo","3","10224","2556.0000"
"160851d3ece7aa1a510f8d1a4bb8a8af","SP","garca","2","10205","5102.5000"
"be67f78487e2cecb0d55bc769709e4f5","MG","ibirite","1","10200","10200.0000"
"96e5dc09087bad639b4ee193104ec2e5","RJ","bom jardim","2","10190","5095.0000"
"4fae87d32467e18eb46e4a76a0a0b9ce","RS","ronda alta","1","10090","10090.0000"
"a4fc6eadaff1576af888509a53420f6a","SP","sao caetano do sul","1","10086","10086.0000"
"011b0eaba87386a2ae96a7d32bb531d1","SP","pompeia","1","9998","4999.0000"
"79b93a308a97792cf53ac75f46da00b5","RJ","rio de janeiro","1","9990","9990.0000"
"80cfd480be3eb6d6267139f5cb793555","SP","sao paulo","1","9990","9990.0000"
"2d20f1cd18725c91147da0791d498022","PR","londrina","1","9980","9980.0000"
"aa8af66c623d7d544dfe4bb85b5ebe3b","MG","betim","1","9900","9900.0000"
"26562f211dd1364af2a8596dc945e8ae","SP","sao bernardo do campo","2","9900","4950.0000"
"a7c53f6b3b61adbdaa99dda97e8cbd56","SP","barretos","1","9900","9900.0000"
"247587846358bb1d2e4c6522020b36fe","SP","sao jose do rio preto","1","9900","9900.0000"
"1fbe10c70e30765ed1de86d9f7e98409","SP","maua","2","9875","1645.8333"
"00ab3eff1b5192e5f1a63bcecfee11c8","SP","sao paulo","1","9800","9800.0000"
"5f57db27027655e6c6a391601daa0258","ES","viana","1","9800","9800.0000"
"4e42581f08e8cfc7c090f930bac4552a","SP","portoferreira","1","9800","4900.0000"
"eaaa46e98c9e61f6764dd1d7a2ab8b3e","RN","messias targino","1","9800","9800.0000"
"1c742ac33582852aaf3bcfbf5893abcf","MG","belo horizonte","1","9790","9790.0000"
"74c7dec0a384d8a05950e629bd23bde9","SP","mogi guacu","4","9778","2444.5000"
"c7bb64409aa480bb7d0335faaaf3d242","SC","joinville","4","9760","2440.0000"
"70126eecc6aa1274392a1743866e9678","SP","barueri","3","9740","3246.6667"
"782f78b632a43875dd5b53e3e49c9564","SP","campinas","1","9734","4867.0000"
"270572bb714b00531be85e16e1550f26","SP","maua","1","9699","9699.0000"
"034b9387752bfa309f350a70cd45ffa3","SC","blumenau","8","9600","1200.0000"
"f43827dd686be3a4a80e00aa299990fb","SP","sao jose do rio preto","1","9554","4777.0000"
"623ad9d0c1e14bb5464a8c72bff7b4af","MG","claudio","1","9500","9500.0000"
"22a23e5ac7061fc538cc2a019afaaf16","MG","belo horizonte","1","9500","9500.0000"
"74a9b9bddf14ece02beb81f52c41a88d","SP","sao paulo","2","9500","4750.0000"
"253c025bab43881055aeecde5e2d8b77","PR","curitiba","2","9482","4741.0000"
"43b2c864251aa0ce4030c746984e088a","DF","brasilia","2","9480","4740.0000"
"443d880f15cbd3572885e1d44bf2c478","SP","marilia","1","9480","4740.0000"
"7a704e63bb29c446869efde5d57524c8","PR","francisco beltrao","1","9449","9449.0000"
"6235903333ba7de1928c869e268e5964","SC","treze tilias","1","9406","9406.0000"
"2aafae69bf4c41fbd94053d9413e87ee","RS","porto alegre","2","9400","4700.0000"
"376d67b61dce0c990155286e7ae486a4","SP","sao paulo","1","9400","9400.0000"
"5305693ffae2d3463377b1f6fe67b15a","SP","penapolis","1","9356","9356.0000"
"6b2612338467c08c9b25f0cc55b1578d","PR","marialva","1","9290","9290.0000"
"01266d4c46afa519678d16a8b683d325","PR","curitiba","3","9025","3008.3333"
"1cbcd2ee0afb3fc09963b87eb65e7e4f","PR","curitiba","1","9000","3000.0000"
"52b53f7061969fe471d119b6195da864","SP","itajai","1","9000","9000.0000"
"f8f35af4634605e6693c17cc3ffff5a8","MG","campanha","1","9000","9000.0000"
"d7d517afce974cd491b8d52bb5b5b1fc","SP","sao paulo","1","8999","8999.0000"
"6d04126aba80df143fd038e711b8fd96","RJ","rio de janeiro","1","8999","8999.0000"
"8dd386be0767c330276ea6a3f96532d3","SC","paulo lopes","1","8998","4499.0000"
"741f8c587cb4248ebc5b779a0e8e0e51","SP","santo andre","5","8995","1799.0000"
"a72f15980dc3e9bfd1a49ac9b2f3af65","SP","marilia","1","8990","8990.0000"
"889009a0ed0bb52c87819941192931b8","SP","lencois paulista","1","8990","8990.0000"
"154bdf805377afea75a3bd158e9eab10","SP","ibitinga","1","8990","8990.0000"
"2bdb95a56a36ebbc6640337ac5eac174","SP","sao paulo","1","8990","8990.0000"
"97e50a621f8e801f4baf69e08687c192","SP","sao paulo","1","8990","8990.0000"
"4aba6a02a788d3ec81c03137144d9a80","SC","canoinhas","1","8990","8990.0000"
"b8d890108a7a80e4f5d59eea9f362438","PR","curitiba","2","8970","2990.0000"
"5741dc2bf5044c34d0698681c5081bed","SP","sao jose dos campos","3","8970","2990.0000"
"6624bc09786f0e41ae48dfc5eeb1a9e2","MG","belo horizonte","1","8954","8954.0000"
"b3809b8d4394588a47c8470ea331e135","SP","sao paulo","1","8900","8900.0000"
"499185655c29ecfdbfe776ef7cf875b5","RS","porto alegre","1","8900","8900.0000"
"da2782c804606d2a5d8e1760dbb3e7ec","SP","sao paulo","1","8900","8900.0000"
"65c255b299faf2d12050937cc219c46c","SP","sao paulo","2","8820","4410.0000"
"466222e777149751370e7e98fb623b0c","RJ","rio de janeiro","1","8790","8790.0000"
"dd264199fc8b687ad029de7de6d760e6","PR","cascavel","1","8790","8790.0000"
"9cea4682e16655f7da87f406902e989e","PR","araucaria","4","8776","975.1111"
"2fa13c8bd5705d279f7ed5cc9ec61c68","SP","sao paulo","2","8740","2185.0000"
"4fe2f67634d00c021aa01f96b6f2d68e","PR","maringa","2","8680","4340.0000"
"60da8bfa7eebe230b7d66ac4082d79b3","SP","fernando prestes","3","8660","2886.6667"
"b86a47b3366e3b5424a7b225781f4908","MG","passos","1","8650","8650.0000"
"00d8b143d12632bad99c0ad66ad52825","MG","belo horizonte","1","8600","8600.0000"
"a2b911e9ad40dc7d61c142a4683e2d85","RJ","barra mansa","1","8590","8590.0000"
"5566627eab3fe93fd6ee08798226101a","PR","sao jose dos pinhais","5","8550","1710.0000"
"2b5ed0c9139dae8883a200dfcb272ece","SP","sao paulo","4","8541","2135.2500"
"b5dd7151a92ccaaa282cbe9681a05f44","SP","ribeirao preto","1","8500","8500.0000"
"cb5ff1b9715e99589f3e0c7a6afab9e3","PR","maringa","4","8500","2125.0000"
"0dfbed20065e425d2eaefb101f9816c0","SP","porto ferreira","3","8435","2811.6667"
"dedcab67899479e4ea5dcc4eba47f587","SC","jaragua do sul","2","8400","4200.0000"
"324583d68897f5ddbaf38f6248322176","SP","sao jose do rio preto","2","8400","2800.0000"
"f5b84683a9bf9e1df748cf40f601b39c","SP","sao paulo","1","8390","8390.0000"
"11d4c477d09821164bca4f70a2eae031","SP","ribeirao preto","3","8304","2076.0000"
"a56a8043ebf66e42119618fb8cf232c6","SC","joinville","1","8300","8300.0000"
"ba8e85df286308fe68a2ce83a8f8b2d6","SC","santa catarina","1","8090","8090.0000"
"52454f90d4c30c016768db02f88c1a74","SP","campinas","3","8050","1610.0000"
"1a8e2d9c38b84a9702ac7922924b0573","SC","araquari","1","8000","8000.0000"
"a45765f8afb1e594b22bf9e974b46765","SP","sao paulo","1","7999","7999.0000"
"8b11118053756a9a2932f447e11fc1b5","SP","igaracu do tiete","1","7999","7999.0000"
"c0f3eea2e14555b6faeea3dd58c1b1c3","SP","sao paulo","1","7999","7999.0000"
"e09887ca8c7bf8a4621ce481820414ef","SP","sao paulo","2","7997","2665.6667"
"ca5832c6960267b71041f74bb39e8b12","SC","xanxere","1","7990","7990.0000"
"9fbd5666d8618fa571c4230fafa09bd6","SP","sao paulo","1","7990","7990.0000"
"cd233f8bfa30ebfd651f47ee7d054951","SP","birigui","1","7990","7990.0000"
"0f519b0d2e5eb2227c93dd25038bfc01","SP","ibitinga","1","7990","7990.0000"
"dcb7367a92f5ffb89f1e2152ed260285","SP","osvaldo cruz","1","7990","7990.0000"
"b5b800c4065bebf4d3442311c9857344","SP","sao paulo","1","7990","7990.0000"
"aa17b35ce4de7b565be3249ba838944f","SP","jundiai","2","7980","3990.0000"
"e5bd51692380fd8cabb19b756b95e714","SP","santo andre","2","7980","3990.0000"
"a7b7354cc588f7566a848bcbb1ce3d96","SP","sao paulo","2","7980","3990.0000"
"519a7aa428f18d125a283cf8c014fdd6","SC","rio do oeste","3","7970","2656.6667"
"918f6fbcf3ab724d805867303e593a1b","SP","valinhos","2","7970","2656.6667"
"c8665a4dd081a2c436b1cd921079d0d9","SP","pitangueiras","1","7939","7939.0000"
"babcc0ab201e4c60188427cae51a5b8b","SP","porto ferreira","1","7900","7900.0000"
"166e8f1381e09651983c38b1f6f91c11","SC","imbituba","2","7880","3940.0000"
"8132b9bd16876e1b0f8808d43825dd48","SC","florianopolis","1","7790","7790.0000"
"739c7d7be81f63812dea0d1b1451c651","PB","campina grande","2","7750","3875.0000"
"ec2e006556300a79a5a91e4876ab3a56","SP","sao paulo","2","7740","1290.0000"
"5de1c80811ce7007f62f00d971236c09","SC","florianopolis","2","7680","3840.0000"
"3e51f9cbe317bc3a88f2c76583811ee4","SP","sao paulo","1","7609","7609.0000"
"497709c2976a8fa308730a2dec5b0726","SP","diadema","1","7600","3800.0000"
"a1bea9970d8f65b240555f99c2214f7f","PR","pinhais","1","7500","7500.0000"
"ec21206b7894c503788a684a7bc822a6","RJ","armacao dos buzios","1","7500","7500.0000"
"6dd7dce75cd55c1ce255dc38d9f0cd46","SC","palhoca","1","7500","7500.0000"
"43a5d4a57af536fddc96d08be3afdfcb","MG","varginha","1","7500","7500.0000"
"47f55702f598c7c6cc8458b0fbc1c49a","MG","dores de campos","1","7500","7500.0000"
"d52cbce9845184537284a23c3bc3da0e","SC","garopaba","2","7500","1875.0000"
"05aebce0b5c8f0d41b29b686f2d05fd3","SP","sao paulo","2","7499","3749.5000"
"9c3a1c416c765687bc79a04113269929","MG","carmo da mata","1","7490","7490.0000"
"6187a137b2af59dfdbad8d9f8c373c14","SP","osasco","2","7480","3740.0000"
"a90a5da8b09e44264a177c0374a5ac87","PR","ponta grossa","3","7470","2490.0000"
"d8d9567d0bfb0bc7eb845a205ba42657","SP","sao paulo","4","7460","1865.0000"
"164a5a8794e6d42e14f55e447b12a3bc","PR","guaira","1","7399","7399.0000"
"a7d0f8dd44f57ef6de7f7f02e3d82630","SP","sao paulo","2","7379","3689.5000"
"204b4e07bddef3c9b317f70189135b22","MG","borda da mata","1","7340","7340.0000"
"d4d99b60c4c94cd35acd502cec65dc8d","SP","sao paulo","1","7290","7290.0000"
"e5c84227854980f1db19a58958c551d9","PR","fazenda rio grande","4","7281","1820.2500"
"8f0fbe2cd4d472157dc1cdef6edecaa9","SP","sao paulo","2","7188","3594.0000"
"028872bfa080090a9d0abd4f1af168f8","MG","ribeirao das neves","1","7050","2350.0000"
"4003520d80d0bad1d5623f7aa3c63cda","RJ","rio de janeiro","1","7000","7000.0000"
"bbf4a892cac7b82422baa711dffb8997","PR","curitiba","1","7000","7000.0000"
"f90f77ef2799a27f80d90c425ca944f7","PR","londrina","1","7000","7000.0000"
"a89e143d5211473ae18db9577ee34b64","SP","limeira","1","7000","7000.0000"
"e4f121bf6ef8b9a1d4d3e65dd0473fab","SP","sao jose do rio preto","2","7000","3500.0000"
"0a198e95d32b1be2da9424c962a6ebfa","MG","contagem","1","6999","6999.0000"
"b5d034ac251546e25afe9067f05c1539","SP","itapecerica da serra","1","6990","6990.0000"
"d598f929fc44e1e38678e7f47250ec04","GO","formosa","1","6990","6990.0000"
"d9b00a97818674c7f8d8b1ef0e689679","PR","ponta grossa","1","6990","6990.0000"
"d6cd01c59123df02fc226eadbadb5f89","SP","sao paulo","1","6990","6990.0000"
"fe9d9cf8631285d5982c6e2cf27fb114","MG","barbacena/ minas gerais","1","6990","6990.0000"
"4e92348462c75b6c842b994ce84a0ed4","RS","cachoeirinha","1","6990","6990.0000"
"f3511c85f59f8dec53d140501ee8e7a8","PR","curitiba","1","6990","6990.0000"
"17998cf586426bf0f2c3726cb0a4b211","MG","belo horizonte","2","6980","3490.0000"
"5587130f9850696ed7fafbc91c2cee44","SP","sao paulo","2","6980","3490.0000"
"bbd3acfe6de99892e73940d3fdceaf68","SP","santo andre","2","6900","3450.0000"
"edb65fe661681b1c0de8bd47c8655855","SP","sao paulo","1","6900","6900.0000"
"8cb7c5ddf41f4d506eba76e9a4702a25","GO","anapolis","1","6900","6900.0000"
"723a46b89fd5c3ed78ccdf039e33ac63","RS","novo hamburgo, rio grande do sul, brasil","1","6664","6664.0000"
"a5ff20ff766e7f50bd5066f33da14413","SP","sao paulo","2","6659","1664.7500"
"c6381b1321d7d97717a5bb4ed5b77882","SP","sao paulo","2","6600","2200.0000"
"d58d521f3789def2e7a22715e0badd93","SP","sao paulo","2","6598","3299.0000"
"c32fc744b9160ac853450488e3cfea93","SP","ribeirao preto","2","6580","3290.0000"
"76623fde66e6b63b59440fd34160512d","SP","guarulhos","3","6540","2180.0000"
"d4a5e99e0dd915df64ba55a7fbd583fd","SP","sao paulo","2","6515","1085.8333"
"52831e5990d0771cb4951d6f12928167","SP","tupa","1","6500","6500.0000"
"933446e9a59dece7ae9175103820ca8f","PR","curitiba","1","6499","6499.0000"
"447d377bdb757058acb569025ee18a93","RS","carazinho","1","6499","6499.0000"
"c8771b1a10bb99bb34d3c459c5cffb53","SP","tocantins","1","6490","6490.0000"
"391bbd13b6452244774beff1824006ed","SP","campinas","1","6390","6390.0000"
"b452cb0ae35044c4a53179c39f49fb06","SP","sorocaba","2","6370","3185.0000"
"9e94fa26a70ede4d26226e918e8706a2","SP","sao carlos","1","6280","6280.0000"
"f0ec78809fe0bc3edb11c9fe5b97b059","SP","sao paulo","2","6260","3130.0000"
"2cb98e27ce1c18abdb42209b34c382a7","SP","ribeirao preto","1","6249","6249.0000"
"6a3139c7bf09ece22a4713d956acbe5e","SP","sao sebastiao da grama/sp","1","6190","6190.0000"
"f7c31656c19db6275a8acadca289f426","SP","ibitinga","1","6156","6156.0000"
"b3e2faf2c1004d674f16a3aa3197f0e1","SP","ribeirao preto","3","6147","2049.0000"
"1d0646a72178a6fb37ee8082140e06ec","SC","joinville","2","6100","3050.0000"
"7963e546f34e098b578f9ad102494601","SP","sao paulo","1","6099","6099.0000"
"be7a093e5b4d147b36b72bb1f9e415e5","PR","toledo","1","6090","6090.0000"
"83f2b4881141ce3fcd4e985125d3279e","SP","ribeirao preto","3","6070","2023.3333"
"9ac75591b69c3402684b6ce0310f22ee","SP","sao paulo","1","6050","6050.0000"
"7c462184585ae80bd6e5774c62ce50f2","SP","campinas","1","6000","3000.0000"
"85e7c62c1d6ea078c3897424f867a7c8","SC","itapema","2","6000","3000.0000"
"24a6daf925d9d591870a66660416de31","SP","robeirao preto","2","6000","3000.0000"
"9ef932e837d8b7f392c0bfee9d359dc2","SP","ibitinga","1","5990","5990.0000"
"0ee4fb99ac55ffbbc98795aa01b7f8fa","SP","santana de parnaiba","1","5990","5990.0000"
"3e46a38ee171c503c3b4a3f23fe3bf0c","SP","sorocaba","1","5990","5990.0000"
"6ebf4eceee4dd9847201c82e77ef8123","RJ","rio de janeiro","1","5990","5990.0000"
"75fdd0a732287f9497b179f6bd445d32","SP","maua","1","5990","5990.0000"
"c240c4061717ac1806ae6ee72be3533b","RJ","rio de janeiro","1","5990","5990.0000"
"8fb67a334bacec338885b4e9e1708073","PR","toledo","1","5990","5990.0000"
"528ce32f560edd11add4169f6a5b65be","SP","sao roque","2","5980","2990.0000"
"3da38366e7bd9baf6369071f782ecdf0","CE","fortaleza","1","5947","5947.0000"
"63704069d9bd3a75c1cf59babe56004a","SP","jundiai","1","5930","5930.0000"
"db1f0f7c7e5e87f40b62226f020bb297","PR","pinhais","3","5901","1967.0000"
"0af2ab31141893d26aca5a404a537dab","SP","sao paulo","1","5900","5900.0000"
"1d953075c2f0dd990bacf27b83b330f1","MG","belo horizonte","1","5900","5900.0000"
"dd5450b022b2d00a2145a66331e1aef6","SC","joinville","1","5900","5900.0000"
"2f1e7b90e01d9f086cbcb301c0c3d406","SC","blumenau","1","5900","5900.0000"
"37303482a42fb700d8d127e70a9cd6c8","SP","campinas","1","5890","5890.0000"
"d180e07dc1e58c31c3f0cd599dc4d945","MG","belo horizonte","1","5880","5880.0000"
"8fff28c4263ddec387f28d237fb42773","SP","sao paulo","2","5860","1465.0000"
"cecd97bc34ed8330bd4cd15713eda670","SC","cordilheira alta","1","5799","5799.0000"
"cac4e0bc1a3269fa2b6ea5e763f6115b","SC","brusque","2","5788","1929.3333"
"48e5ee06fb2dc74df1c711a9b6dfac2a","MG","oliveira","1","5700","1900.0000"
"ac9b01377919cdbd2a1bbb8d5837c70b","SP","mogi das cruzes","1","5590","5590.0000"
"3e35a8bb43569389d3cebef0ce820f69","SP","sao paulo","1","5580","2790.0000"
"ebe3dabc4955c9b0d695e7bda38bf5c3","SP","ribeirao preto","1","5500","5500.0000"
"0b1ca3ef18a63d7eb0c8897fa0849c08","SP","sao roque","1","5500","5500.0000"
"d85efbc8eff2b7adf524e2820569adc8","SP","sao paulo","1","5500","5500.0000"
"c7246702dc991a06d788120dc7544391","CE","fortaleza","1","5486","5486.0000"
"c13fb473e7cb8b83ccd543c094df0608","SP","sao paulo","2","5480","2740.0000"
"26f6b7ab07be3e9e69ce82a6552efc19","RJ","rio de janeiro","2","5480","2740.0000"
"d297f1055de2956aedfd3b04113dce3e","SP","nova odessa","1","5430","5430.0000"
"720e6cf846ea7572cbb66b743fb91e6c","SP","mogi das cruzes / sp","1","5400","5400.0000"
"c1552b1dab6e6f760950368ae61fb600","SP","sao jose dos campos","2","5380","2690.0000"
"a2a41aedb70551d4a85aa04dc2fced48","SP","sao paulo","2","5279","2639.5000"
"392f7f2c797e4dc077e4311bde2ab8ce","RN","rio de janeiro","2","5200","2600.0000"
"84c945f15571830c1a91a33978e94009","SP","sao paulo","2","5198","2599.0000"
"258447aad3f7b01e2643c89f64dc5647","PR","cianorte","1","5190","5190.0000"
"07e8e8fc5222bb358e6f259da3197074","SP","sao paulo","2","5180","2590.0000"
"e9e446d01bd10a97a8ffcfc4a3a20cb2","SP","sao paulo","3","5115","1705.0000"
"eaf6d55068dea77334e8477d3878d89e","SP","sao paulo","3","5100","1700.0000"
"535bf14f36346c7f59d87cece104d70c","RJ","rio de janeiro","1","5000","5000.0000"
"8cf21434553b02cbd37c0bbd07e041b0","SC","sao jose","1","4999","4999.0000"
"d4f91e8be86b38da2ee35bc489645a9d","SP","guaratingueta","1","4999","4999.0000"
"217f005bb37ff3aeef5b2ae1788e75ba","SP","osasco","2","4998","2499.0000"
"fe19dce63ae80346207c6c55713d1023","MG","uberaba","1","4990","4990.0000"
"3ded4e2d5f135cb103e5949d7263d2dd","MG","pouso alegre","1","4990","4990.0000"
"9140ef75cc8211c4035935e80e567204","PR","maringa","1","4990","4990.0000"
"58e4b302b54937e55a678c4d15111da4","PR","colombo","1","4990","4990.0000"
"2c2c9832d1bb38c5b0034a3b47d313ee","RS","santa maria","1","4990","4990.0000"
"7b3447b497e55af8c15fc7bd89d7b81a","SP","sao paulo","1","4990","4990.0000"
"7315baebc0572ff220d226283dc66728","SP","sao carlos","2","4985","2492.5000"
"2c00c85d30361cd2ced2969cffbbffa3","MG","belo horizonte","1","4980","4980.0000"
"1b61fb1f0f2185d89e9a126c498e9cc7","PR","maringa","1","4970","4970.0000"
"42d4b7e70819438f5ada61c965e92d7e","GO","goiania","1","4960","1653.3333"
"e0487761face83d64fcada2408959a36","SP","sao paulo","2","4925","2462.5000"
"1f7dfad2cb384ea4d2d7e1ffbd78c407","SP","sao paulo","1","4900","4900.0000"
"d63f306de130e0391d38a792541723b8","SP","sao paulo","1","4900","4900.0000"
"ce33c6211beaa8fef4cae8b52db39862","SP","suzano","1","4900","4900.0000"
"c963a25b8671419c6ce9eebe8fd03218","RJ","angra dos reis rj","1","4900","4900.0000"
"2ef086a599b597572aca4433b7ed6b3d","SC","jaragua do sul","1","4900","4900.0000"
"29c322e3f09f886f8bacbe91dfbd979e","RS","santa maria","1","4898","2449.0000"
"417a1e6c7321084d2a0ae0d023cfad93","RS","imigrante","1","4890","4890.0000"
"2e2f44824ab87a0cb961f68bf4073e7f","PR","curitiba","1","4800","4800.0000"
"513a54369b6a8a6602fcb0e129c6d78d","SP","sao bernardo do campo","2","4780","2390.0000"
"a3fa18b3f688ec0fca3eb8bfcbd2d5b3","SP","são paulo","1","4780","2390.0000"
"9d213f303afae4983637247556438ede","SP","ibitinga","2","4770","1590.0000"
"cad10cc982ab6a391570c211b995c17c","SP","avare","1","4740","4740.0000"
"ae9690c6e8fee182c28c9ff8e11ca52c","SP","sao paulo","1","4740","4740.0000"
"baf15155e37ef5492731459bdc05be8a","SP","sao paulo","1","4700","4700.0000"
"7494d0dcba8551df6cf37f1b905dc2f7","SP","santos","1","4590","4590.0000"
"51e0557bc7b86de13e946c60ee91ce39","MG","belo horizonte","1","4580","4580.0000"
"8629a7efec1aab257e58cda559f03ba7","GO","goiania","1","4522","4522.0000"
"2d8cfba3fcd3170555941605edaa196a","SP","osasco","1","4500","4500.0000"
"70ee69419916dc13e3aed619061f996c","SP","mogi das cruzes","1","4500","4500.0000"
"1f2eebc0e970fd3c463e4f5d9652687a","SP","sao paulo","1","4499","4499.0000"
"89dda63a3c907c468ec88c310ed91213","SP","maua/sao paulo","1","4499","4499.0000"
"5a4236931428800e9d9cc04af0987118","SP","sao paulo","1","4497","1499.0000"
"5415337f1863452476d42d9f14a16a61","MG","belo horizonte","1","4490","4490.0000"
"da3fede3469bf49b7293ce3fc45b294d","SP","mogi das cruzes","1","4490","4490.0000"
"e5545d4d4473876ea78c5bcebca365c3","SP","marilia","1","4450","4450.0000"
"42fb44130ac3134cde8e35cf8ec7df25","SP","pinhalzinho","2","4380","2190.0000"
"15b3b1b81484422eb41df68ac87f1f50","SP","bauru","1","4335","4335.0000"
"4125d9385a25e82d2f72d3a0fd55bc3f","SP","santos","1","4290","4290.0000"
"05a48cc8859962767935ab9087417fbb","SP","sao paulo","1","4290","4290.0000"
"7f02656561b680def9986c0795a8a080","SP","sao paulo","1","4200","4200.0000"
"6561d6bf844e464b4019442692b40e02","SP","franco da rocha","1","4190","4190.0000"
"749e7cdabbaf72f16677859e27874ba5","SP","guarulhos","1","4190","4190.0000"
"3a3c180dd702a725bd0ba4117689239e","PR","uniao da vitoria","1","4190","4190.0000"
"16bdc8cefd0e32a6f0824d296c5ad14a","SP","sp","1","4176","4176.0000"
"a213f1bd6458f4a158f3746cb2514559","PR","maringa","1","4152","4152.0000"
"9b1f656ca3060f8af17a50d8a024b533","SP","santos","2","4100","2050.0000"
"c2bda99904207edd1834f03e0022b007","SP","sao paulo","1","3990","3990.0000"
"4e2627090e6e5b9fabba883a37897683","MG","belo horizonte","1","3990","3990.0000"
"d4828feed4cda2cd9d6b37899a95a71e","CE","juzeiro do norte","1","3990","3990.0000"
"df683dfda87bf71ac3fc63063fba369d","RS","farroupilha","1","3990","3990.0000"
"edb58a1390adf273840030a3d6253829","SP","piracicaba","1","3990","3990.0000"
"fedaedd3ca31d56ab33e92035e4b361c","RJ","niteroi","1","3990","3990.0000"
"389e45560e33d2d0747f949dcddbc08e","SP","sao jose dos campos","1","3900","3900.0000"
"e595809a6c31ec4314fd06ef198c244d","SC","navegantes","1","3900","3900.0000"
"9558aa23f77a9e0a0eca83540999f43b","PR","apucarana","1","3900","3900.0000"
"c74f14c1e26cf1bd5bd34b6a1e274426","SC","sao miguel do oeste","1","3900","3900.0000"
"0936e1837d0c79253456bbb2ffaaef10","SP","sao paulo","1","3890","1945.0000"
"2eeb6531ee027a48d401e72bebdd87d3","SP","sao jose dos campos","3","3870","1290.0000"
"d7ab82074b5f1dfba46db123df101bff","SP","atibaia","2","3867","1289.0000"
"e72b4feb7abe210c52aa667abc25a3a2","SP","sao paulo","1","3820","1910.0000"
"9200e6ce317b67196b6b0bad4d4bd567","RJ","rio de janeiro","1","3690","3690.0000"
"1d139e3a3b14025640d8df1b230aace0","SP","barrinha","2","3649","1824.5000"
"c161d1327ebc3a156c09582ab2f59f6c","SP","sao paulo","2","3599","1799.5000"
"630008e0f062605a415d694489f6f82e","SP","sao paulo","1","3535","3535.0000"
"5cf1ec37aea089f45110c70653a166ab","SP","sao paulo","2","3500","1750.0000"
"c716e0b86ed568878475b60fbb6323ad","SP","rio de janeiro","1","3500","3500.0000"
"baeda7047354773262ba2405f97038ba","SP","americana","1","3500","3500.0000"
"3a52d63a8f9daf5a28f3626d7eb9bd28","SP","aguas claras df","1","3500","3500.0000"
"cb162c8eef257253782d245c08d9097c","SP","barueri","1","3499","3499.0000"
"84deb808079d1be601c209c1e771b1cc","PR","curitiba","2","3493","1746.5000"
"c0e6839516f5398edc34adf5f1d53d1a","SP","guaruja","1","3492","3492.0000"
"5a32c398a06c345440bf2a683b017ad3","RJ","rio de janeiro","1","3490","3490.0000"
"41958cbd3335433c8740300e8cd600d5","SP","sao paulo","1","3299","3299.0000"
"539ed9e19811677513447759be5eccfc","MG","belo horizonte","2","3283","1641.5000"
"7d81e74a4755b552267cd5e081563028","SP","sao paulo","1","3250","3250.0000"
"eb4a59a06b3948e851a7d7a830bcbc42","BA","salvador","1","3200","3200.0000"
"fdf736c18c589ed030e058312203e1b2","MG","pocos de caldas","1","3000","3000.0000"
"d7f1cfc638473be93baedbfd02208016","RJ","belford roxo","1","3000","3000.0000"
"9315e491484b1b0081ca166fc164108d","PR","londrina","1","2999","2999.0000"
"32f83ffe11cd40f7adcf4eef171f52d9","RS","uruguaiana","1","2999","2999.0000"
"87b4428a334b8f676fd9a7f3bf544fb5","SP","guaimbe","1","2999","2999.0000"
"455f46ef09a9e45667e2981df84b5cc2","SP","sorocaba","1","2990","2990.0000"
"28a26ebce31d5918b181ede016fd693b","MG","belo horizonte","1","2990","2990.0000"
"436bf27f2f18474fc6047702e9f8a866","SP","campinas","1","2990","2990.0000"
"a09a13f18ed27932d08438aa6f12756e","RS","sapiranga","1","2990","2990.0000"
"c43d924a0f1688ee9fae0efcd6f539d4","RJ","rio de janeiro","1","2990","2990.0000"
"c97aa4ee7420f937da13b7f9e2228b99","RS","novo hamburgo","1","2990","2990.0000"
"139157dd4daa45c25b0807ffff348363","SP","sao paulo","1","2990","2990.0000"
"3aa3c89ae3cd482385568be76120f63c","GO","goiania","1","2990","2990.0000"
"c0e0b73d039eb9a99b6ce4cb7a429cd3","SC","laurentino","1","2988","2988.0000"
"0336182e1b3e92f029d5354832045fdf","SP","ibitinga","1","2980","1490.0000"
"7b3f6ce5c6c22e9b96e7581ebf0df6e1","SP","tambau","1","2980","2980.0000"
"9996ae921c50e8dff411ac69c0b4bb8b","SP","tupa","2","2970","990.0000"
"72c73be2b085b9d57650dd53eb2004c9","SP","sao paulo","1","2940","2940.0000"
"c9d2ba8dde44a275ae06475ed1d2fafc","MG","uberlandia","1","2879","2879.0000"
"999f6d9a1c7c81f43be44c6b7d076210","SP","sao paulo","2","2800","1400.0000"
"8b181ee5518df84f18f4e1a43fe07923","SP","goioere","1","2790","2790.0000"
"b026643914f651e8371425e5b8a1e780","RJ","rio de janeiro","1","2790","2790.0000"
"f1fdf2d13186575751aa25876536d85c","SP","sao paulo","1","2630","2630.0000"
"70c0fda4c313d87115644d39e62eec60","PE","caruaru","1","2599","2599.0000"
"c12d7463a579237ffb9248bd7cff378b","SP","sao paulo","1","2590","2590.0000"
"7cb946b1ad19faebe28c3e86c2794ec3","MG","sete lagoas","1","2500","2500.0000"
"6c9875b2f94ba781186f0c1aed8d1687","SP","brotas","2","2500","625.0000"
"38f276ca6e7cc95a6d1bb55ac9e5550f","SP","marilia","1","2499","2499.0000"
"3986c0b54f6b748b75e7bd4e092aa3e5","PR","curitiba","1","2499","2499.0000"
"33fd411ed63a7c2f9005e3f065d9f85d","RS","condor","1","2490","2490.0000"
"1c83418358f249c9d6affa52d579db0e","SP","sao paulo","1","2490","2490.0000"
"cad9969167c09b48ae6f1d123f7fa68d","MG","pocos de caldas","1","2400","2400.0000"
"bd43e172d599bed47a85da877172ca8c","SC","sao bento do sul","1","2392","2392.0000"
"544863df86ed3b78a04e0820d41430ee","ES","serra","1","2390","2390.0000"
"43753b27d77860f1654aa72e251a7878","BA","barro alto","1","2390","2390.0000"
"bcd2d7510d58e293f20fad6438c1b314","PR","curitiba","1","2390","2390.0000"
"2c54051840f19eca309a5423cf22df36","PR","curitiba","2","2370","1185.0000"
"5e063e85d44b0f5c3e6ec3131103a57e","SP","sao paulo","1","2290","2290.0000"
"bc8c8d665ec4664d286be0d521722b19","SP","sao paulo","1","2250","2250.0000"
"eb1bf309f4f6af9a97e9ddac3fdbeabe","SP","diadema","1","2230","2230.0000"
"0bb27263628258b8111a0262769fa9db","SP","sao paulo","1","2220","2220.0000"
"34675b28b826facfde119785bf287dc1","PR","cascavael","1","2199","2199.0000"
"f09b760d23495ac9a7e00d29b769007c","SP","catanduva","1","2190","2190.0000"
"98f52e1020fe788c10c0418de4393fec","RJ","macae","1","2160","2160.0000"
"ed49da7cadefc454d6a67de249eab240","SP","sao paulo","1","2150","2150.0000"
"b77a27b1864483e721dc831d5ba4afa0","RJ","duque de caxias","1","2090","2090.0000"
"e64ddbe1cbcf4f2fc3092b7c481f3f9d","SP","sao paulo","1","2090","2090.0000"
"e0b162a693bc7f9eab00f783a31d60ea","RS","pelotas","1","2000","2000.0000"
"e76ecc7e9a1a1e3c6df9d2a8261c423d","MG","belo horizonte","1","2000","2000.0000"
"455befea1bb853c75ccbca94cff26e5c","RJ","resende","1","1999","1999.0000"
"bb7ad8a45c027be8ab075b8e465f8ca0","SC","floranopolis","2","1998","999.0000"
"87f3e35268860433e13d577825aada95","SP","bom jesus dos perdoes","1","1990","1990.0000"
"d93b8458c6fe139d85cfa5eadbf55bd2","SP","sao paulo","1","1990","1990.0000"
"7caa63f175b1cecbfaadd8b5ab9998c7","SP","sao paulo","1","1990","1990.0000"
"0b46f784306be7200ca1700aa55d819f","MG","belo horizonte","1","1990","1990.0000"
"698624c6632eeba1774924dbea24c700","SP","sao paulo","1","1990","1990.0000"
"668bf321538e5072858eaef6087ce027","PR","pinhais","1","1990","1990.0000"
"bac44fa8e13424950488659b5f765c41","SP","sao paulo","1","1990","1990.0000"
"bd65d163ded559eb90a10cd09fec178f","SP","sao paulo","1","1980","990.0000"
"9d69ba0a7a626a64dc5db08e529559cf","SP","ribeirao preto","1","1930","1930.0000"
"ab75b89cc49c9ab3160d0c91565a442a","SP","tupa","1","1899","1899.0000"
"82921991ff5b557b045605b8bbf08d49","SP","sao paulo","1","1890","1890.0000"
"6c77cd583b36a13aacccf2b3ee23e233","SP","marilia","1","1890","1890.0000"
"ce4755084bc097113867e6454f8f5e52","SP","ribeirao preto","1","1890","1890.0000"
"804287717b9156fb7a787acd9af4fac1","PR","maringa","1","1880","1880.0000"
"13e85aac53340018b40c2af68001b7e0","SP","pedreira","1","1780","1780.0000"
"bee36b4f9a2b9fdcaff6ec05df202ed0","SP","sao paulo","1","1690","1690.0000"
"6bcb2352a2a0c38b845f598298ab9d26","PR","maringa","1","1590","1590.0000"
"eae9af4811c294c56795d70e715b7337","SP","sao paulo","1","1590","1590.0000"
"f3862c2188522d89860c38a3ea8b550d","SP","ribeirao preto","1","1550","1550.0000"
"c3e2398fcc7e581cda2e546557bf6968","SP","sao paulo","1","1490","1490.0000"
"20f0aeea30bc3b8c4420be8ced4226c0","SP","santa barbara d'oeste","1","1490","1490.0000"
"b2f4d63c7203f539a78252565ca32257","RJ","armacao dos buzios","1","1490","1490.0000"
"a61cc04793308395a840807104365121","SP","jarinu","1","1463","1463.0000"
"20d53aad4fe5ee93a64f8839609d3586","MG","santa rita do sapucai","1","1450","1450.0000"
"5b92bfa4120daa27c574daa2e386c693","SP","sorocaba","1","1400","1400.0000"
"fb503a924a0b9db19d83dd0ac6dbef8c","RS","pelotas","1","1390","1390.0000"
"6614814a00d344b846ae209f95ee7e3f","SP","macatuba","1","1300","1300.0000"
"b5f0712d22a873b6797ab6cc65c3fcba","SP","sao paulo","1","1299","1299.0000"
"9e25199f6ef7e7c347120ff175652c3b","SP","taubate","1","1250","1250.0000"
"7ab0dd5487bab2dc835337b244f689fb","SP","sao jose do rio preto","1","1250","1250.0000"
"c1d1ebb4745cc43cb6f05e9c8a705c9a","SP","sao paulo","1","1250","1250.0000"
"c1dde11f12d05c478f5de2d7319ad3b2","SP","sao paulo","1","1250","1250.0000"
"3d62f86afa7c73be2628a3be1423f5a0","SP","jacarei","2","1200","600.0000"
"3ac588cd562971392504a9e17130c40b","SP","limeira","1","1190","1190.0000"
"cc1f04647be106ba74e62b21f358af25","SP","sao paulo","1","1190","1190.0000"
"f9f68daa2af419d38f745478bcb3da1a","SP","sumare","1","1120","1120.0000"
"344223b2a90784f64136a8a5da012e7f","SC","gaspar","1","1090","1090.0000"
"95cca791657aabeff15a07eb152d7841","PR","palotina","1","999","999.0000"
"c18309219e789960add0b2255ca4b091","RJ","rio de janeiro","1","990","990.0000"
"0f94588695d71662beec8d883ffacf09","SC","florianopolis","1","900","900.0000"
"4965a7002cca77301c82d3f91b82e1a9","SP","sorocaba","1","849","849.0000"
"ad14615bdd492b01b0d97922e87cb87f","SC","tubarao","1","825","825.0000"
"702835e4b785b67a084280efca355756","MG","juiz de fora","1","760","760.0000"
"1fa2d3def6adfa70e58c276bb64fe5bb","SP","sao paulo","1","690","690.0000"
"77128dec4bec4878c37ab7d6169d6f26","SP","sao paulo","1","650","650.0000"
