"seller_id","seller_state","total_revenue","total_orders","revenue_rank","order_rank","revenue_pct"
"6560211a19b47992c3666cc44a7e94c0","SP","12070283","1819","12","1","0.91"
"4a3ca9315b744ce9f8e9374361493884","SP","19688212","1772","3","2","1.49"
"cc419e0650a3c5ba77189a1882b7556a","SP","10109096","1651","17","3","0.76"
"1f50f920176fa81dab994f9023523100","SP","10665571","1399","16","4","0.81"
"da8622b14eb17ae2831f4ac5b9dab84a","SP","15981687","1311","7","5","1.21"
"955fee9216a65b617aa5c0531780ce60","SP","13183671","1261","10","6","1.00"
"7a67c85e85bb2ce8582c35f2203ad736","SP","13965869","1145","8","7","1.06"
"ea8482cd71df3c1969d7b9473ff13abc","SP","3669676","1132","63","8","0.28"
"4869f7a5dfa277a7dca6462dcf3b52b2","SP","22698793","1124","1","9","1.72"
"3d871de0142ce09b7081e2b9d1733cb1","SP","9340740","1064","19","10","0.71"
"7c67e1448b00f6e969d365cea6b010ab","SP","18657005","973","5","11","1.41"
"8b321bb669392f5163d04c59e235e066","SP","1726294","930","144","12","0.13"
"1025f0e2d44d7041d6cf58b6550e0bfa","SP","13820856","910","9","13","1.05"
"620c87c171fb2a6dd6e8bb4dec959fc6","RJ","11246150","722","13","14","0.85"
"a1043bafd471dff536d0c462352beb48","MG","9930923","702","18","15","0.75"
"cca3071e3e9bb7d12640c9fbe2301306","SP","6303516","699","25","16","0.48"
"f8db351d8c4c4c22c6835c19a46f01b0","SP","5008260","659","38","17","0.38"
"e9779976487b77c6d4ac45f75ec7afe9","SP","4222969","645","53","18","0.32"
"fa1c13f2614d7b5c4749cbc52fecda94","SP","19091714","578","4","19","1.44"
"7d13fca15225358621be4086e1eb0964","SP","11243618","558","14","20","0.85"
"128639473a139ac0f3e5f5ade55873a5","PR","1179585","527","245","21","0.09"
"d91fb3b7d041e83b64a00a3edfb37e4f","SP","3992639","524","55","22","0.30"
"391fc6631aebcf3004804e51b40bcf1e","SP","3947530","521","57","23","0.30"
"d2374cbcbb3ca4ab1086534108cc3ab7","SP","2092602","514","124","24","0.16"
"46dc3b2cc0980fb8ec44634e21d2718e","RJ","12281138","503","11","25","0.93"
"85d9eb9ddc5d00ca9336a2219c97bb13","MG","1510724","499","168","26","0.11"
"53e4c6e0f4312d4d2107a8c9cddf45cd","SP","2958777","463","84","27","0.22"
"1835b56ce799e6a4dc4eddc053f04066","SP","3300532","417","70","28","0.25"
"4e922959ae960d389249c378d1c939f5","SP","4533842","412","44","29","0.34"
"1900267e848ceeba8fa32d80c1a5f5a8","SP","2463957","406","103","30","0.19"
"16090f2ca825584b5a147ab24aa30c86","SP","2557916","398","97","31","0.19"
"dbc22125167c298ef99da25668e1011f","MG","3282912","394","72","32","0.25"
"9f505651f4a6abe901a56cdc21508025","SP","2591284","393","96","33","0.20"
"06a2c3af7b3aee5d69171b0e14f0ee87","MA","3609798","389","66","34","0.27"
"2138ccb85b11a4ec1e37afbd1c8eda1f","SP","1208922","388","233","35","0.09"
"218d46b86c1881d022bce9c68a7d4b15","SP","5371030","382","33","36","0.41"
"8581055ce74af1daba164fdbd55a40de","SP","6401122","380","24","37","0.48"
"8160255418d5aaa7dbdc9f4c64ebda44","SP","4636839","380","41","37","0.35"
"4d6d651bd7684af3fffabd5f08d12e5a","SP","4299900","363","51","39","0.33"
"53243585a1d6dc2643021fd1853d8905","BA","21794044","348","2","40","1.65"
"c826c40d7b19f62a09e2d7c5e7295ee2","SP","4465304","346","46","41","0.34"
"de722cd6dad950a92b7d4f82673f8833","PE","5512630","337","28","42","0.42"
"7299e27ed73d2ad986de7f7c77d919fa","MG","3410744","335","68","43","0.26"
"92eb0f42c21942b6552362b9b114707d","SP","641641","334","465","44","0.05"
"7ddcbb64b5bc1ef36ca8c151f6ec77df","SP","5443566","325","31","45","0.41"
"b2ba3715d723d245138f291a6fe42594","SP","4930218","324","39","46","0.37"
"5dceca129747e92ff8ef7a997dc4f8ca","SP","11112673","322","15","47","0.84"
"7e93a43ef30c4f03f38b393420bc753a","SP","16598149","319","6","48","1.26"
"7142540dd4c91e2237acb7e911c4eba2","SP","3718194","316","61","49","0.28"
"ef506c96320abeedfb894c34db06f478","SP","955650","316","296","49","0.07"
"77530e9772f57a62c906e1c21538ab82","PR","4567660","312","43","51","0.35"
"70a12e78e608ac31179aea7f8422044b","SP","2996353","312","83","51","0.23"
"87142160b41353c4e5fca2360caf6f92","RS","3109598","305","80","53","0.24"
"fa40cc5b934574b62717c68f3d678b6d","SP","1590048","304","157","54","0.12"
"897060da8b9a21f655304d50fd935913","SP","2174051","304","117","54","0.16"
"855668e0971d4dfd7bef1b6a4133b41b","SP","3084922","300","81","56","0.23"
"fe2032dab1a61af8794248c8196565c9","SP","6568971","293","23","57","0.50"
"c3cfdc648177fdbbbb35635a37472c53","PR","4304818","278","50","58","0.33"
"37be5a7c751166fbc5f8ccba4119e043","SP","5473555","269","29","59","0.41"
"634964b17796e64304cadf1ad3050fb7","RJ","3911410","265","59","60","0.30"
"1da3aeb70d7989d1e6d9b0e887f97c23","SP","869156","261","335","61","0.07"
"c70c1b0d8ca86052f45a432a38b73958","SP","3628915","260","65","62","0.27"
"4c2b230173bb36f9b240f2b8ac11786e","SP","1447457","258","176","63","0.11"
"562fc2f2c2863ab7e79a9e4388a58a14","SP","865925","255","337","64","0.07"
"a3a38f4affed601eb87a97788c949667","SC","2629462","251","93","65","0.20"
"17e34d8224d27a541263c4c64b11a56b","SP","5444028","247","30","66","0.41"
"1554a68530182680ad5c8b042c3ab563","MG","2897964","246","86","67","0.22"
"88460e8ebdecbfecb5f9601833981930","PR","3132040","246","78","67","0.24"
"0241d4d5d36f10f80c644447315af0bd","PR","3139770","238","77","69","0.24"
"0ea22c1cfbdc755f86b9b54b39c16043","MG","1059210","234","271","70","0.08"
"c3867b4666c7d76867627c2f7fb22e21","SP","3466690","228","67","71","0.26"
"37515688008a7a40ac93e3b2e4ab203f","SP","595410","227","495","72","0.05"
"dc4a0fc896dc34b0d5bfec8438291c80","SP","2365598","225","106","73","0.18"
"f7ba60f8c3f99e7ee4042fdef03b70c4","SP","6807000","218","22","74","0.51"
"4b9750c8ad28220fe6702d4ecb7c898f","SP","1581540","217","159","75","0.12"
"e5a3438891c0bfdb9394643f95273d8e","SP","754996","216","388","76","0.06"
"7aa4334be125fcdd2ba64b3180029f14","SP","1601295","214","156","77","0.12"
"d1c281d3ae149232351cd8c8cc885f0d","SP","2683361","214","90","77","0.20"
"8d956fec2e4337affcb520f56fd8cbfd","SP","1098820","210","263","79","0.08"
"e9bc59e7b60fc3063eb2290deda4cced","PR","3354369","209","69","80","0.25"
"7040e82f899a04d1b434b795a43b4617","SP","921370","208","313","81","0.07"
"6edacfd9f9074789dad6d62ba7950b9c","SP","1296640","205","209","82","0.10"
"4830e40640734fc1c52cd21127c341d4","SP","949050","204","298","83","0.07"
"7178f9f4dd81dcef02f62acdf8151e01","SC","3679540","202","62","84","0.28"
"cab85505710c7cb9b720bceb52b01cee","SP","1112460","201","259","85","0.08"
"1c129092bf23f28a5930387c980c0dfc","SP","952862","200","297","86","0.07"
"ceaec5548eefc6e23e6607c5435102e7","SP","5147818","198","34","87","0.39"
"54a1852d1b8f10312c55e906355666ee","SP","1705646","198","147","87","0.13"
"e26901d5ab434ce92fd9b5c256820a4e","SP","1160150","197","249","89","0.09"
"001cca7ae9ae17fb1caed9dfb1094831","ES","2448703","195","104","90","0.19"
"c003204e1ab016dfa150abc119207b24","SP","2490429","195","100","90","0.19"
"f457c46070d02cadd8a68551231220dd","PR","1879830","195","132","90","0.14"
"f262cbc1c910c83959f849465454ddd3","SP","1019986","189","277","93","0.08"
"41b39e28db005d9731d9d485a83b4c38","SP","1630675","187","152","94","0.12"
"2eb70248d66e0e3ef83659f71b244378","SP","3899072","187","60","94","0.29"
"850f4f8af5ea87287ac68de36e29107f","SP","4528537","186","45","96","0.34"
"f45122a9ab94eb4f3f8953578bc0c560","SP","2176468","184","116","97","0.16"
"ccc4bbb5f32a6ab2b7066a4130f114e3","PR","7292672","184","21","97","0.55"
"0c8380b62e38e8a1e6adbeba7eb9688c","MG","1722899","180","146","99","0.13"
"86ccac0b835037332a596a33b6949ee1","SC","1589434","178","158","100","0.12"
"7d76b645482be4a332374e8223836592","SP","376574","172","695","101","0.03"
"522620dcb18a6b31cd7bdf73665113a9","PR","5669049","172","27","101","0.43"
"95e03ca3d4146e4011985981aeb959b9","RJ","1086516","172","264","101","0.08"
"813348c996469b40f2e028d5429d3495","SP","1081353","172","266","101","0.08"
"5656537e588803a555b8eb41f07a944b","DF","793126","171","364","105","0.06"
"9b013e03b2ab786505a1d3b5c0756754","SP","871455","170","333","106","0.07"
"d98eec89afa3380e14463da2aabaea72","RS","696853","168","430","107","0.05"
"edb1ef5e36e0c8cd84eb3c9b003e486d","RJ","7914490","165","20","108","0.60"
"6d66611d7c44cc30ce351abc49a68421","SP","1342860","164","193","109","0.10"
"0b90b6df587eb83608a64ea8b390cf07","PR","2849276","163","88","110","0.22"
"de23c3b98a88888289c6f5cc1209054a","SP","2593367","161","95","111","0.20"
"669ae81880e08f269a64487cfb287169","SC","1313387","161","203","111","0.10"
"2e1c9f22be269ef4643f826c9e650a52","SP","1217024","161","229","111","0.09"
"0dd184061fb0eaa7ca37932c68ab91c5","SP","1844692","161","133","111","0.14"
"1a3df491d1c4f1589fc2b934ada68bf2","SC","2247240","160","111","115","0.17"
"cbd996ad3c1b7dc71fd0e5f5df9087e2","SP","821750","160","346","115","0.06"
"2528513dd95219a6013d4d05176e391a","SP","3266020","160","74","115","0.25"
"537eb890efff034a88679788b647c564","RJ","461790","158","593","118","0.03"
"b76dba6c951ab00dc4edf0a1aa88037e","SP","254531","157","882","119","0.02"
"a416b6a846a11724393025641d4edd5e","SP","2493024","157","99","119","0.19"
"004c9cd9d87a3c30c522c48c4fc07416","SP","1956973","156","128","121","0.15"
"25c5c91f63607446a97b143d2d535d31","MG","5420878","156","32","121","0.41"
"0be8ff43f22e456b4e0371b2245e4d01","SP","1133600","156","254","121","0.09"
"2a84855fd20af891be03bc5924d2b453","MG","1498900","155","172","124","0.11"
"7e1fb0a3ebfb01ffb3a7dae98bf3238d","SP","2616953","155","94","124","0.20"
"213b25e6f54661939f11710a6fddb871","SP","1510595","152","169","126","0.11"
"9c0e69c7bf2619675bbadf47b43f655a","SP","3272040","151","73","127","0.25"
"8f2ce03f928b567e3d56181ae20ae952","SP","2121320","151","122","127","0.16"
"66922902710d126a0e7d26b0e3805106","MG","1426730","150","180","129","0.11"
"b33e7c55446eabf8fe1a42d037ac7d6d","SP","4421517","149","47","130","0.33"
"6cd68b3ed6d59aaa9fece558ad360c0a","MG","1118857","149","258","130","0.08"
"36a968b544695394e4e9d7572688598f","SP","686447","148","433","132","0.05"
"5cf13accae3222c70a9cac40818ae839","MG","1429330","148","179","132","0.11"
"7ad32824caee82087b3e2e5f33b1bf32","SP","2201810","147","114","134","0.17"
"b499c00f28f4b7069ff6550af8c1348a","SP","1016218","147","279","134","0.08"
"cfb1a033743668a192316f3c6d1d2671","SP","1260954","143","219","136","0.10"
"b4ffb71f0cb1b1c3d63fad021ecf93e1","SP","663569","143","451","136","0.05"
"1c68394e931a64f90ea236c5ea590300","PR","2483275","142","101","138","0.19"
"44073f8b7e41514de3b7815dd0237f4f","DF","1838064","142","134","138","0.14"
"3c7c4a49ec3c6550809089c6a2ca9370","SP","400275","139","657","140","0.03"
"8b28d096634035667e8263d57ba3368c","SP","902530","139","323","140","0.07"
"5a8e7d5003a1f221f9e1d6e411de7c23","SP","1104210","137","262","142","0.08"
"259f7b5e6e482c230e5bfaa670b6bb8f","SP","839314","136","342","143","0.06"
"0bae85eb84b9fb3bd773911e89288d54","SP","743356","136","397","143","0.06"
"db4350fd57ae30082dec7acbaacc17f9","SP","330432","136","763","143","0.02"
"00ee68308b45bc5e2660cd833c3f81cc","SP","2026000","135","125","146","0.15"
"48436dade18ac8b2bce089ec2a041202","SP","1182111","134","242","147","0.09"
"7722b1df1b0e383e000397b2c11e3e19","SP","704660","133","424","148","0.05"
"79ebd9a61bac3eaf882805ed4ecfa12a","PR","1478309","133","174","148","0.11"
"12b9676b00f60f3b700e83af21824c0e","RS","2637600","133","92","148","0.20"
"0db783cfcd3b73998abc6e10e59a102f","SP","907740","132","317","151","0.07"
"710e3548e02bc1d2831dfc4f1b5b14d4","PR","2236925","131","112","152","0.17"
"e9d99831abad74458942f21e16f33f92","SP","492248","130","562","153","0.04"
"a3e9a2c700480d9bb01fba070ba80a0e","SP","1337180","129","196","154","0.10"
"aafe36600ce604f205b86b5084d3d767","SC","925140","129","311","154","0.07"
"ef0ace09169ac090589d85746e3e036f","RJ","1610540","128","154","156","0.12"
"01fdefa7697d26ad920e9e0346d4bd1b","PR","1480253","128","173","156","0.11"
"76d5af76d0271110f9af36c92573f765","SP","3194460","128","75","156","0.24"
"2e90cb1677d35cfe24eef47d441b7c87","SP","1389471","127","185","159","0.11"
"c9c7905cffc4ef9ff9f113554423e671","SP","1065718","127","269","159","0.08"
"8a32e327fe2c1b3511609d81aaf9f042","SP","610112","126","484","161","0.05"
"59b22a78efb79a4797979612b885db36","MG","2718450","125","89","162","0.21"
"6a8b085f816a1f75f92dbac6eb545f8f","SP","588417","125","498","162","0.04"
"a673821011d0cec28146ea42f5ab767f","SP","1336600","125","197","162","0.10"
"2c9e548be18521d1c43cde1c582c6de8","SP","601356","124","490","165","0.05"
"17a053fcb14bd219540cbde0df490be0","SP","4035324","124","54","165","0.31"
"59fb871bf6f4522a87ba567b42dafecf","SP","2117860","123","123","167","0.16"
"7008613ea464bad5cb9b83456e1e6a8f","SC","753870","123","390","167","0.06"
"ce27a3cc3c8cc1ea79d11e561e9bebb6","SP","946545","122","300","169","0.07"
"080102cd0a76b09e0dcf55fcacc60e05","MG","561265","122","513","169","0.04"
"1e8b33f18b4f7598d87f5cbee2282cc2","SP","1723356","122","145","169","0.13"
"cd68562d3f44870c08922d380acae552","SP","1811970","122","136","169","0.14"
"dd7ddc04e1b6c2c614352b383efe2d36","SP","914861","121","315","173","0.07"
"e5a38146df062edaf55c38afa99e42dc","SP","1527089","120","166","174","0.12"
"c31eff8334d6b3047ed34bebd4d62c36","SP","1299161","120","207","174","0.10"
"229c3efbfb0ea2058de4ccdfbc3d784a","MG","1547900","118","165","176","0.12"
"f80edd2c5aaa505cc4b0a3b219abf4b8","SP","885550","116","330","177","0.07"
"431af27f296bc6519d890aa5a05fdb11","SP","1297460","116","208","177","0.10"
"17ca9b9e9b9ef8fdb529001b49ebb50f","MG","964986","115","291","179","0.07"
"640e21a7d01df7614a3b4923e990d40c","SP","752889","115","391","179","0.06"
"c33847515fa6305ce6feb1e818569f13","SC","1551985","114","164","181","0.12"
"bfd27a966d91cfaafdb25d076585f0da","SP","1922500","114","129","181","0.15"
"f5a590cf36251cf1162ea35bef76fe84","SP","5123278","113","35","183","0.39"
"fc906263ca5083d09dce42fe02247800","MG","441790","112","616","184","0.03"
"6c7d50c24b3ccd2fd83b44d8bb34e073","SP","844596","112","341","184","0.06"
"1b4c3a6f53068f0b6944d2d005c9fc89","SC","1442050","111","178","186","0.11"
"1127b7f2594683f2510f1c2c834a486b","SP","666970","110","449","187","0.05"
"289cdb325fb7e7f891c38608bf9e0962","SP","1341055","109","195","188","0.10"
"18a349e75d307f4b4cc646a691ed4216","SP","742521","109","398","188","0.06"
"dbb9b48c841a0e39e21f98e1a6b2ec3e","SP","718685","108","417","190","0.05"
"8c16d1f32a54d92897cc437244442e1b","SC","564260","108","511","190","0.04"
"f4aba7c0bca51484c30ab7bdc34bcdd1","SP","295190","108","809","190","0.02"
"1ca7077d890b907f89be8c954a02686a","SP","1247464","108","220","190","0.09"
"b1fc4f64df5a0e8b6913ab38803c57a9","RJ","799474","107","362","194","0.06"
"612170e34b97004b3ba37eae81836b4c","RS","2306502","107","109","194","0.17"
"0adac9fbd9a2b63cccaac4f8756c1ca8","SP","1555760","106","162","196","0.12"
"25e6ffe976bd75618accfe16cefcbd0d","SP","1155262","106","250","196","0.09"
"febab0275244b9a49a623f0bd613ca2f","SP","709482","106","419","196","0.05"
"70eea00b476a314817cefde4aad4f89a","SP","3142475","106","76","196","0.24"
"dd2bdf855a9172734fbc3744021ae9b9","MG","1060700","105","270","200","0.08"
"33a6f4b1e7cdc205511e76ba1b6e0186","SP","1029501","105","276","200","0.08"
"aaed1309374718fdd995ee4c58c9dfcd","SC","934545","104","306","202","0.07"
"00fc707aaaad2d31347cf883cd2dfe10","PR","1268490","103","214","203","0.10"
"42b729f859728f5079499127a9c2ef37","SP","409696","103","650","203","0.03"
"b2479f944e1b90cf8a5de1bbfde284d6","SP","466653","101","588","205","0.04"
"3b15288545f8928d3e65a8f949a28291","SP","1376482","101","186","205","0.10"
"ac3508719a1d8f5b7614b798f70af136","RS","1244614","101","222","205","0.09"
"4371b634e0efc0e22b09b52907d9d469","SP","816800","101","348","205","0.06"
"d94a40fd42351c259927028d163af842","MG","1367480","100","188","209","0.10"
"8e6cc767478edae941d9bd9eb778d77a","MG","592935","100","497","209","0.04"
"5c243662ce92d84573bfaff24c3e3700","SP","3286202","98","71","211","0.25"
"282f23a9769b2690c5dda22e316f9941","MG","646428","98","462","211","0.05"
"ececbfcff9804a2d6b40f589df8eef2b","SP","671415","97","447","213","0.05"
"9d4db00d65d7760644ac0c14edb5fd86","SP","984571","97","285","213","0.07"
"7ea5bfa6c340f58f8e71fc1f0412b0d6","MG","1083841","96","265","215","0.08"
"a49928bcdf77c55c6d6e05e09a9b4ca5","SP","864690","96","338","215","0.07"
"80e6699fe29150b372a0c8a1ebf7dcc8","PR","1111966","96","260","215","0.08"
"8a432f4e5b471f8da497d7dc517666e2","SP","755500","95","387","218","0.06"
"530ec6109d11eaaf87999465c6afee01","PR","1268211","94","215","219","0.10"
"729f06993dac8e860d4f02d7088ca48a","SP","1988518","94","127","219","0.15"
"aac29b1b99776be73c3049939652091d","MG","656366","94","456","219","0.05"
"3db66a856d18a9cba7c9241fc5221c50","MG","947830","94","299","219","0.07"
"ff063b022a9a0aab91bad2c9088760b7","SP","1207650","94","236","219","0.09"
"5d0363b33554b373851fc1622e4d5f3c","SP","654879","93","457","224","0.05"
"f27e33c6d29b5138fa9967bcd445b6d5","SP","888830","93","326","224","0.07"
"8648b1e89e9b349e32d3741b30ec737e","SP","722875","93","412","224","0.05"
"d6b1ce66b035a475f00c017792ff9769","SP","1227740","92","224","227","0.09"
"dee656f0f566ed1aa85bd137c943f08f","SP","621208","92","482","227","0.05"
"8444e55c1f13cd5c179851e5ca5ebd00","MG","2148096","92","120","227","0.16"
"04308b1ee57b6625f47df1d56f00eedf","SC","5899180","92","26","227","0.45"
"9616352088dcf83a7c06637f4ebf1c80","PR","564310","91","510","231","0.04"
"7e3f87d16fb353f408d467e74fbd8014","SP","465309","91","590","231","0.04"
"7b07b3c7487f0ea825fc6df75abd658b","SP","925947","91","309","231","0.07"
"440dd6ab244315c632130ecfb63827b1","SP","1308900","91","205","231","0.10"
"827f8f69dfa529c561901c4f2e0f332f","PR","340839","91","756","231","0.03"
"1d8dbc4f32378d715c717c1c1fc57bae","PR","1120599","91","257","231","0.08"
"06e5eefc71ec47ae763c5c6f8db7064f","RS","2164867","90","118","237","0.16"
"527801b552d0077ffd170872eb49683b","SP","1794280","90","137","237","0.14"
"725c32fa80c2faacc4fc88450d27314e","SP","783888","89","369","239","0.06"
"f84fa566034f5e8e880a07ec624c56af","SP","499391","89","557","239","0.04"
"98dac6635aee4995d501a3972e047414","SP","411575","89","647","239","0.03"
"6973a06f484aacf400ece213dbf3d946","SP","1041872","89","273","239","0.08"
"adbc26658d6c7b4b6219f9d934598091","PR","1180640","88","243","243","0.09"
"f84a00e60c73a49e7e851c9bdca3a5bb","RJ","584924","88","500","243","0.04"
"609e1a9a6c2539919b8205cf7c4e6ff0","SC","659523","87","454","245","0.05"
"0509040ea3fe50071181bbc359eb7738","MG","368935","87","711","245","0.03"
"bd0389da23d89b726abf911cccc54596","DF","747216","87","394","245","0.06"
"2ff97219cb8622eaf3cd89b7d9c09824","SP","433910","87","623","245","0.03"
"d20b021d3efdf267a402c402a48ea64b","SP","392230","86","669","249","0.03"
"f3b80352b986ab4d1057a4b724be19d0","DF","981510","86","288","249","0.07"
"0df3984f9dfb3d49ac6366acbd3bbb85","MG","989149","86","284","249","0.07"
"900ba814c251a692506d7834c1218441","SP","2883303","86","87","249","0.22"
"bd23da7354813347129d751591d1a6e2","SP","970460","86","290","249","0.07"
"891071be6ba827b591264c90c2ae8a63","SP","376335","85","696","254","0.03"
"b561927807645834b59ef0d16ba55a24","SP","450199","85","607","254","0.03"
"dbd66278cbfe1aa1000f90a217ca4695","SP","492890","85","561","254","0.04"
"c8b0e2b0a7095e5d8219575d5e7e1181","SP","1217021","84","230","257","0.09"
"9674754b5a0cb32b638cec001178f799","SP","494173","84","560","257","0.04"
"8e6d7754bc7e0f22c96d255ebda59eba","SP","1410738","84","181","257","0.11"
"aba1721a889e04decc910aa13b768ef4","SP","1410330","83","182","260","0.11"
"ba143b05f0110f0dc71ad71b4466ce92","SP","599870","83","491","260","0.05"
"8bb48dc19fccaa8613b6229bf7f452a2","SP","419072","82","635","262","0.03"
"0432ead42b6c8a0bdf68154add917fdf","SP","757440","82","385","262","0.06"
"ebd2d60905fb58271facef5596b620d3","SP","771302","82","377","262","0.06"
"eeb6de78f79159600292e314a77cbd18","SC","4351084","82","49","262","0.33"
"688756f717c462a206ad854c5027a64a","SP","583767","81","501","266","0.04"
"4e7c18b98d84e05cbae3ff0ff03846c2","SP","903890","81","322","266","0.07"
"972d0f9cf61b499a4812cf0bfa3ad3c4","SC","791042","81","366","266","0.06"
"e8b3a3a38279a82f0e5d006d5e5b7d2c","PR","1176240","80","247","269","0.09"
"3be634553519fb6536a03e1358e9fdc7","SP","523102","80","538","269","0.04"
"f46490624488d3ff7ce78613913a7711","SP","569095","80","506","269","0.04"
"080199a181c46c657dc5aa235411be3b","SP","1450420","79","175","272","0.11"
"1bb2bdb95f4841f1bba2c0d2cd83d3c9","SP","490576","79","566","272","0.04"
"d673a59aac7a70d8b01e6902bf090a11","SP","390894","79","673","272","0.03"
"6b243f80ed07b10f0e8aa0f21a205f3c","PR","626010","79","477","272","0.05"
"ce7d1888639e6fb06b2749cbfdac1ff7","MG","1179389","78","246","276","0.09"
"744dac408745240a2c2528fb1b6028f3","PR","2232260","78","113","276","0.17"
"b14db04aa7881970e83ffa9426897925","SP","559590","78","515","276","0.04"
"34056b8b55c1775a22af2331670a799c","SP","639870","77","468","279","0.05"
"f3da5b2ff499efb8d4a6d371d175d7dd","SP","354089","77","739","279","0.03"
"712e6ed8aa4aa1fa65dab41fed5737e4","SC","3938500","77","58","279","0.30"
"70c27847eca8195c983ed7e798c56743","RJ","1207752","77","235","279","0.09"
"dfa0c4c6229ab200a4a1336b4d7128ff","SC","477710","77","580","279","0.04"
"d921b68bf747894be13a97ae52b0f386","MG","1564580","77","160","279","0.12"
"d05ae8f7a5bd1d2a690a44cd079e4e27","RJ","1324400","77","201","279","0.10"
"670c26e0f1bf8d0576271d5cfaec6d2b","PR","625010","77","479","279","0.05"
"1f9ab4708f3056ede07124aad39a2554","SP","1331293","76","199","287","0.10"
"d12c926d74ceff0a90a21184466ce161","SP","385028","76","681","287","0.03"
"11bfa66332777660bd0640ee84d47006","SP","392587","76","668","287","0.03"
"8f119a0aee85c0c8fc534629734e94fd","SP","357888","75","729","290","0.03"
"6860153b69cc696d5dcfe1cdaaafcf62","SP","382763","74","685","291","0.03"
"08633c14ef2db992c11f840f04fad4cd","SP","764430","74","380","291","0.06"
"1336efc61c316ddf92c899eb817f7cae","SP","483731","74","570","291","0.04"
"701938c450705b8ae65fc923b70f35c7","SP","1187929","74","239","291","0.09"
"cac4c8e7b1ca6252d8f20b2fc1a2e4af","SP","412819","74","644","291","0.03"
"516e7738bd8f735ac19a010ee5450d8d","RJ","646319","74","463","291","0.05"
"54965bbe3e4f07ae045b90b0b8541f52","PR","1035170","73","274","297","0.08"
"9e6229250fedbe05838fef417b74e7fb","SP","1296230","73","210","297","0.10"
"a7f13822ceb966b076af67121f87b063","SP","1201769","73","237","297","0.09"
"9de4643a8dbde634fe55621059d92273","SC","1756034","72","140","300","0.13"
"81a1104df0f08b59c68aa5b03cfe398e","PR","932098","72","308","300","0.07"
"30a2f535bb48308f991d0b9ad4a8c4bb","SP","473130","71","582","302","0.04"
"5343d0649eca2a983820bfe93fc4d17e","SP","981902","70","287","303","0.07"
"d50d79cb34e38265a8649c383dcffd48","SP","1301242","70","206","303","0.10"
"23613d49c3ac2bd302259e55c06c050c","SP","419310","69","634","305","0.03"
"9646c3513289980f17226a2fc4720dbd","SP","296440","69","805","305","0.02"
"822166ed1e47908f7cfb49946d03c726","RJ","371483","69","706","305","0.03"
"f7ccf836d21b2fb1de37564105216cc1","SP","274840","69","840","305","0.02"
"e59aa562b9f8076dd550fcddf0e73491","PR","3071630","69","82","305","0.23"
"fd386aa7bed2af3c7035c65506c9b4a3","SP","230415","69","924","305","0.02"
"ca3bd7cd9f149df75950150d010fe4a2","SP","925347","68","310","311","0.07"
"94144541854e298c2d976cb893b81343","RS","1728628","68","143","311","0.13"
"bbad7e518d7af88a0897397ffdca1979","SP","442632","68","613","311","0.03"
"e333046ce6517bd8bb510291d44f0130","SP","726800","68","410","311","0.05"
"5f2684dab12e59f83bef73ae57724e45","SP","887097","67","328","315","0.07"
"f0b47fbbc6dee9aafe415a6e33051b3f","SP","376692","67","694","315","0.03"
"6fd52c528dcb38be2eea044946b811f8","SP","774302","67","375","315","0.06"
"a420f60ff1aa9acc80d0e42959f2b313","SP","744330","67","395","315","0.06"
"966cb4760537b1404caedd472cc610a5","SP","4592826","67","42","315","0.35"
"8cbac7e12637ed9cffa18c7875207478","SC","295598","66","808","320","0.02"
"9d5a9018aee56acb367ba9c3f05d1d6a","GO","1011998","66","281","320","0.08"
"cb8bcce248bb1fb274ba762d8b971456","MG","915240","66","314","320","0.07"
"066a6914e1ebf3ea95a216c73a986b91","PR","895638","66","325","320","0.07"
"48162d548f5b1b11b9d29d1e01f75a61","SP","2010939","66","126","320","0.15"
"d13e50eaa47b4cbe9eb81465865d8cfc","SP","707305","66","422","320","0.05"
"834f3294fba9f932f56edc879193f925","SP","3990750","66","56","320","0.30"
"d566c37fa119d5e66c4e9052e83ee4ea","SP","514570","65","544","327","0.04"
"8ae520247981aa06bc94abddf5f46d34","SC","1632099","65","151","327","0.12"
"643214e62b870443ccbe55ab29a4dccf","SP","322923","65","772","327","0.02"
"056b4ada5bbc2c50cc7842547dda6b51","RJ","1220340","64","227","330","0.09"
"ce248b21cb2adc36282ede306b7660e5","SC","1356019","64","191","330","0.10"
"76d64c4aca3a7baf218bf93ef7fa768d","PR","1691180","64","149","330","0.13"
"beadbee30901a7f61d031b6b686095ad","SP","437398","64","618","330","0.03"
"4a3ccda38b2129705f3fb522db62ca31","SP","1616909","64","153","330","0.12"
"a17f621c590ea0fab3d5d883e1630ec6","SP","267792","63","857","335","0.02"
"4c18691b6037662be2df78a765d98ab5","SP","319552","63","775","335","0.02"
"b372ee768ed69e46ca8cdbd267aa7a38","SP","1263000","63","218","335","0.10"
"99eaacc9e6046db1c82b163c5f84869f","SP","1264228","63","217","335","0.10"
"5b925e1d006e9476d738aa200751b73b","SP","774850","63","374","335","0.06"
"520b493b57809f446cb0a233bb3e25c7","SP","369890","63","709","335","0.03"
"6039e27294dc75811c0d8a39069f52c0","SP","1350080","63","192","335","0.10"
"8e8a7ce9f2f970dc00e2acf6f6e199f6","RJ","882100","63","331","335","0.07"
"96493fab2fbb13a14d0c0e8772eef5c3","SP","1896900","63","131","335","0.14"
"57e632711dec9ec14ca7546769483e7e","SC","635006","62","473","344","0.05"
"5f1dc28029d2c244352a68107ec2b542","SP","280730","62","828","344","0.02"
"951e8cef368f09bb3f3d03c00ca4702c","SP","399331","62","660","344","0.03"
"b92e3c8f9738272ff7c59e111e108d7c","MG","823109","62","345","344","0.06"
"715bbd5ba4e6b74cb0d2f29eb45058b0","SP","404330","62","654","344","0.03"
"1838dd9b8977065acf51d95e0053ea7a","MG","275050","62","838","344","0.02"
"5058e8c1e82653974541e83690655b4a","SP","981283","62","289","344","0.07"
"e62b2d6ac10570a035a30bafcf01d263","SP","534039","62","529","344","0.04"
"05d2173d43ea568aa0540eba70d2ca76","MG","575966","62","505","344","0.04"
"0c7533c71df861ec58ad7ff999ed0e8d","SP","298930","61","803","353","0.02"
"aced59e9b31ef866a94f9e7f29d8d418","SP","726850","61","409","353","0.05"
"4e17c65a516f69d023a2ae78b84f28d6","SP","763926","61","382","353","0.06"
"116ccb1a1604bc88e4d234a8c23f33de","SP","200489","61","994","353","0.02"
"cce6ab8d1682639fe45ab70234f1665f","SP","244270","61","895","353","0.02"
"b6d44737c043328708f6749c2dbe50bd","SP","528460","61","532","353","0.04"
"06579cb253ecd5a3a12a9e6eb6bf8f47","SP","458740","61","596","353","0.03"
"d57e18d5f73c7ccb7f7339b61166898d","SP","318770","61","776","353","0.02"
"058fd0aa2bfdb2274e05e1ae971dabb6","SP","754990","60","389","361","0.06"
"91f848e9f4be368f4318775aac733370","SP","566861","60","508","361","0.04"
"709e16e2b25c7474d980076c6bfc4806","SP","515190","60","543","361","0.04"
"f7720c4fa8e3aba4546301ab80ea1f1b","PR","204355","59","986","364","0.02"
"c6bda72e4dbf5c5866b13cb1810c6d03","SP","1405938","59","184","364","0.11"
"fcb5ace8bcc92f75707dc0f01a27d269","SP","800935","59","361","364","0.06"
"01cf7e3d21494c41fb86034f2e714fa1","PR","943956","59","301","364","0.07"
"582d4f8675b945722eda7c0cb61ba4c7","SP","470296","59","585","364","0.04"
"c864036feaab8c1659f65ea4faebe1da","PR","1045420","58","272","369","0.08"
"6d803cb79cc31c41c4c789a75933b3c7","SP","871140","58","334","369","0.07"
"7681ef142fd2c19048da7430856b5588","SP","3121181","58","79","369","0.24"
"1eade46fba20122dc4aefb379f8c636b","SP","363537","58","725","369","0.03"
"fffd5413c0700ac820c7069d66d98c89","SP","853500","57","340","373","0.06"
"376a891762bbdecbc02b4b6adec3fdda","GO","640623","57","467","373","0.05"
"05ff92fedb5be47920fea08e501238b9","RS","2123598","57","121","373","0.16"
"75d34ebb1bd0bd7dde40dd507b8169c3","BA","1265633","57","216","373","0.10"
"05f51e13da97139648b8125c31e5f51b","MG","1310031","57","204","373","0.10"
"d650b663c3b5f6fb392b6326366efa9a","SP","1833590","57","135","373","0.14"
"e882b2a25a10b9c057cc49695f222c19","RJ","5105754","57","36","373","0.39"
"4992e76a42cb3aad7a7047e0d3d7e729","SP","217120","56","950","380","0.02"
"45d33f715e24d15a6ccf5c17b3a23e3c","SP","451849","56","605","380","0.03"
"7a241947449cc45dbfda4f9d0798d9d0","MG","743466","56","396","380","0.06"
"3078096983cf766a32a06257648502d1","SP","791084","56","365","380","0.06"
"3bdff180c7e1f6551a643b99c265a120","SP","300820","56","801","380","0.02"
"17f51e7198701186712e53a39c564617","SP","4801900","56","40","380","0.36"
"8a130737016f838139d31878787a39c9","SP","422203","56","632","380","0.03"
"dc317f341ab0e22f39acbd9dbf9b4a1f","RS","1898840","55","130","387","0.14"
"7d456afc660226829370f3173d14520c","SP","811825","55","358","387","0.06"
"3df020b72d3d44b3af9d110fa3940b65","SP","503990","55","553","387","0.04"
"fa1a9dec3a9940c072684a46728bf1fc","SC","667400","55","448","387","0.05"
"cc63f0dd2acba93ffed4fe9f8e0321fa","SP","709671","55","418","387","0.05"
"1b8356dabde1d35e17cef975c3f82730","SP","336640","55","759","387","0.03"
"2dee2ce60de9709b1a24083217181a1f","MT","778450","54","371","393","0.06"
"d9bd94811c3338dceb4181f3dbc0c73e","SP","691102","54","432","393","0.05"
"062ce95fa2ad4dfaedfc79260130565f","RS","747910","54","393","393","0.06"
"e067ad2c1c0b48758eb1b5228bcf7a68","SP","504255","54","551","393","0.04"
"750303a20e9c56b2a6bc45cdce0b897d","GO","787600","53","367","397","0.06"
"d9a84e1403de8da0c3aa531d6d108ba6","SP","138530","53","1187","397","0.01"
"a888faf2d1baececa6baf9c3d603ee1f","PR","1756480","53","139","397","0.13"
"3504c0cb71d7fa48d967e0e4c94d59d9","SP","234994","53","919","397","0.02"
"6c177e38df6d3f34182b1f1d427231bf","PR","811289","53","359","397","0.06"
"a5cba26a62b8b4d0145b68b841e62e7f","PR","1443884","53","177","397","0.11"
"624f4ece8da4aafb77699233d480f8ef","SP","904600","52","321","403","0.07"
"2b3e4a2a3ea8e01938cabda2a3e5cc79","SP","2362915","52","107","403","0.18"
"2a7dc43cecabf23403078e2188437d1d","SP","479591","52","576","403","0.04"
"f214d28e8d8e3ef068748498ccc2f813","SP","215243","52","956","403","0.02"
"751bdc4d83a466c7206cd42e8f426b03","SP","652096","51","459","407","0.05"
"0d85bbda9889ce1f7e63778d24f346eb","MG","484520","51","568","407","0.04"
"2a261b5b644fa05f4f2700eb93544f2c","SP","535500","51","527","407","0.04"
"318f287a62ab7ac10b703ac37435a231","SP","243248","51","897","407","0.02"
"7202e2ba20579a9bd1acb29e61fe71f6","SP","1208570","51","234","407","0.09"
"e24fc9fcd865784fb25705606fe3dfe7","SP","1276800","51","212","407","0.10"
"b1a81260566c1bac3114a6d124413f27","RS","868469","51","336","407","0.07"
"002100f778ceb8431b7a1020ff7ab48f","SP","121660","50","1273","414","0.01"
"09f952a5f58d2285b0372551ae8f9b01","SP","1182150","50","241","414","0.09"
"048c2757535328e0d7dac690ad3c0aae","SP","906508","50","319","414","0.07"
"23d7c96d4a1160db1c726b248601b25a","SP","1065824","50","268","414","0.08"
"a6fe7de3d16f6149ffe280349a8535a0","SP","284490","50","823","414","0.02"
"ea566164622c6b439516ab18062c42cd","SP","1030942","50","275","414","0.08"
"165fc07beebdcb6190fba8a06db2a449","PR","1748140","50","142","414","0.13"
"b17b679f4f5ce2e03ce6968c62648246","SP","342418","50","753","414","0.03"
"95f83f51203c626648c875dd41874c7f","MG","307766","50","790","414","0.02"
"25cf099de44674fde97473224f9d59ab","SP","165436","50","1087","414","0.01"
"50c9975695009e5e6473912e83a6d1da","MG","396440","50","663","414","0.03"
"0b35c634521043bf4b47e21547b99ab5","PR","1323565","50","202","414","0.10"
"138dbe45fc62f1e244378131a6801526","SP","112556","49","1323","426","0.01"
"abe42c5d03695b4257b5c6cbf4e6784e","RJ","1700000","49","148","426","0.13"
"8b9d6eec4a7eb7d0f9d579ce0b38324d","RJ","415955","48","640","428","0.03"
"4c03b9dd4c11ee2cb35c96c49efc9420","SP","645860","48","464","428","0.05"
"0ef83d7d83ed97cd2a0049ac8be5f88a","PR","442101","48","615","428","0.03"
"56642bcb79900e777d68e91915cb4267","SP","365764","48","718","428","0.03"
"aae3bfea055532c57fb453ed3ec80b30","SP","305792","48","792","428","0.02"
"2a1348e9addc1af5aaa619b1a3679d6b","MG","269740","48","853","428","0.02"
"cb3dd9ce66268c7a3ca7241ac70ab58c","SP","278832","48","831","428","0.02"
"602044f2c16190c2c6e45eb35c2e21cb","SP","355917","48","733","428","0.03"
"729b2d09b2a0bdab221076327f13d050","SP","180521","48","1038","428","0.01"
"994f04b3718c2bab35c2adfa8afecd2a","SP","328980","47","764","437","0.02"
"0691148aee60ca47977c187804f935ae","PR","586851","47","499","437","0.04"
"4c498c7345e89aebad651544829beca0","SP","457027","47","598","437","0.03"
"2a5b78b41cd05baeac8df54c6606b92c","MG","1555428","46","163","440","0.12"
"9b00ed88b7fdb95d6ff76e27c1b52d16","SP","156788","46","1119","440","0.01"
"efcd8d2104f1a05d028af7bad20d974b","SP","238479","46","905","440","0.02"
"381c83fdca332ea6afd896da20bf6e4a","PR","735580","46","404","440","0.06"
"fdb9095204a334cd8872252ffec6f2db","SP","815600","46","351","440","0.06"
"ff1fb4c404b2efe68b03350a8dc24122","SP","677100","46","439","440","0.05"
"81f89e42267213cb94da7ddc301651da","SP","395500","46","667","440","0.03"
"83e197e95a1bbabc8c75e883ed016c47","RJ","657419","46","455","440","0.05"
"3bb548e3cb7f70f28e3f11ee9dce0e59","PR","769002","46","378","440","0.06"
"6b90f847357d8981edd79a1eb1bf0acb","SP","332208","45","762","449","0.03"
"870d0118f7a9d85960f29ad89d5d989a","MG","315720","45","779","449","0.02"
"382229d1e840115ffe3dbf5ff460e417","RJ","403706","45","655","449","0.03"
"afe0067131b73e40875c9b6c10bd2e21","MG","504050","45","552","449","0.04"
"c68fb906c8f4b4b946d8386bfa6e5467","SP","454116","45","600","449","0.03"
"b8bc237ba3788b23da09c0f1f3a3288c","SC","1368571","45","187","449","0.10"
"f680f85bee2d253556ac91be391d2c82","SP","518392","45","540","449","0.04"
"bccf933e006e9b94a6184af782963e77","SP","416274","45","638","449","0.03"
"db2956745b3a8e9f3785c99f34b5d25e","SP","826100","45","344","449","0.06"
"02f623a8eb246f3c5f7c2f96462654e6","SP","637800","44","471","458","0.05"
"58f1a6197ed863543e0136bdedb3fce2","MG","683300","44","435","458","0.05"
"432c37c9dfba871172ec162e20118b8c","DF","267987","44","856","458","0.02"
"903037660cf848a717166eb7a06d616e","SP","793518","44","363","458","0.06"
"99a54764c341d5dc80b4a8fac4eba3fb","SP","357876","44","730","458","0.03"
"acce39e832338debb07b02385cde5967","MG","474810","44","581","458","0.04"
"406822777a0b9eb5c50e442dd4cd3ec5","SP","354809","44","736","458","0.03"
"f789d2c4f2c2eb38fc4373e7a4b35264","MG","486424","44","567","458","0.04"
"abcd2cb37d46c2c8fb1bf071c859fc5b","MT","481732","44","572","458","0.04"
"b32be1695eb7ec5f10f72d9610a12527","RS","2657500","44","91","458","0.20"
"4da0e408c99d2fdc2126dc9fce518060","PR","302600","44","797","458","0.02"
"c66dccfb3f109511246da627dd5a2498","SP","1218255","44","228","458","0.09"
"e0a366315b1b726b6c7832d664c0f530","SP","740009","43","400","470","0.06"
"33a17d60c64393351ebf1ef860f4e0f2","RS","815248","43","353","470","0.06"
"b18dc380845b24038cfc48006478f099","SP","775396","43","372","470","0.06"
"cd06602b43d8800bd0afad514919d35c","SP","255531","43","880","470","0.02"
"ede0c03645598cdfc63ca8237acbe73d","SP","235215","43","917","470","0.02"
"3f995f07c49d0d55a99d5c54957f7d81","SP","395570","43","666","470","0.03"
"ef990a83bbea832f36ebe81376335aa8","SC","464259","43","592","470","0.04"
"b39d7fe263ef469605dbb32608aee0af","SP","506320","43","548","470","0.04"
"ad420dd0c4f92f8af951ac24b86d0cf5","MG","470529","42","584","478","0.04"
"3d8fa2f5b647373c8620330c4e077a9f","SP","350174","42","743","478","0.03"
"b410bdd36d5db7a65dcd42b7ead933b8","GO","736890","42","403","478","0.06"
"0ed6ce5d87fd9c69eaacaeb778d67235","SP","202652","42","990","478","0.02"
"31344c16881c08a8a72c6d2eb29918c1","MG","936580","42","304","478","0.07"
"1da366cade6d8276e7d8beea7af5d4bf","MG","634859","42","474","478","0.05"
"c013e57c075a06e5b5c48ee03c525719","SP","197155","42","1003","478","0.01"
"835f0f7810c76831d6c7d24c7a646d4d","SP","499020","42","558","478","0.04"
"2d50d6282f8aa2257819a77bfaa0efe0","SP","300848","42","800","478","0.02"
"5f3ae9136c875522250f8184f253413a","SP","114305","42","1315","478","0.01"
"c847e075301870dd144a116762eaff9a","MG","1524880","41","167","488","0.12"
"7dc8c42cc750eeafea6c85712ffee9bf","SP","640968","41","466","488","0.05"
"82e0a475a88cc9595229d8029273f045","SP","1074802","41","267","488","0.08"
"2089a6d640999f9b9141ac719b2af596","SP","767602","41","379","488","0.06"
"23c38debaffe4a25a30fdbd9b586a13f","SP","538218","41","525","488","0.04"
"9add47bf45ce8e8c7db6b9cf670b1e09","PR","460644","41","595","488","0.03"
"6f892e20a171e98efe17fdb971ff319b","SP","604900","41","488","488","0.05"
"e63e8bfa530fb16910dd6956e592bb81","SP","128280","41","1238","488","0.01"
"834f8533b2ecb6598dd004ff3de7203a","SP","432435","41","624","488","0.03"
"43f8c9950d11ecd03a0304a49e010da6","SP","424959","41","629","488","0.03"
"1ce3ae5a399804d1a87e706f8a813c3e","SC","256300","40","879","498","0.02"
"c9aafcd0621b2207c10e32c649cada4d","SP","267126","40","858","498","0.02"
"1d4587203296c8f4ad134dc286fa6db0","SP","228750","40","927","498","0.02"
"b56906f7fd1696e043f1bcce164c487b","SP","214849","40","959","498","0.02"
"a2e874074c877c5a05abae80ad6e488f","SP","735500","40","405","498","0.06"
"20d83f3ef0e6925fd74bfd59170babf7","SP","290360","40","816","498","0.02"
"34d1ca11b242c0fee2c834ae8d788566","MG","1342224","40","194","498","0.10"
"83deb69e889cf80f82be1dc6d5f2d486","SC","536301","40","526","498","0.04"
"3f3486b61f45078d4f31ee5e43d8c5bb","SP","376973","39","692","506","0.03"
"b94cc9f10ddc85e4ba73a6f7974e7101","RJ","2534610","39","98","506","0.19"
"d23019c84ffae2d5ef2270367b8605fc","PR","2920510","39","85","506","0.22"
"0bf0150d5b9d60d9cd2906003332f085","SP","577460","39","504","506","0.04"
"4559697a8f7e637227c2eeaed843baff","SP","348630","39","744","506","0.03"
"c60b801f2d52c7f7f91de00870882a75","SP","1129650","39","255","506","0.09"
"6df688df543f90e9b38f4319e75a9d88","MG","189176","39","1011","506","0.01"
"dd533b429f380718b70ad9922c294bae","SP","224488","39","932","506","0.02"
"55a5b51f93f2b70ea513f5a047b0262a","MG","400230","39","658","506","0.03"
"113e3a788b935f48aad63e1c41dac1bd","SP","84735","39","1485","506","0.01"
"cee48807215b30a12ca2ca10ffb5f250","SP","721223","39","414","506","0.05"
"d1b65fc7debc3361ea86b5f14c68d2e2","SP","1141317","39","252","506","0.09"
"daeb5653dd96c1b11860f72209795012","MG","186410","38","1022","518","0.01"
"ba90964cff9b9e0e6f32b23b82465f7b","SP","4421250","38","48","518","0.33"
"75fbb52eda0cbc24f479d3b2fbfa8d3e","GO","109419","38","1337","518","0.01"
"d66c305afaec317ebee552073a674429","MG","412659","38","646","518","0.03"
"bacb1f0ed56ad24198f5810d2b3fe9a5","SP","607805","38","487","518","0.05"
"b1ac6ea7895bc3dd6f0f6f4abbdd2821","RS","296200","38","807","518","0.02"
"5a93f3ab0ef4c84ed5e1b5dbf23978bc","SP","229928","38","925","518","0.02"
"ad781527c93d00d89a11eecd9dcad7c1","SP","603963","38","489","518","0.05"
"7f7b8245c336066a1f9933c359f11d77","SP","209436","38","972","518","0.02"
"6338ea67c41078a46ad99cc009654956","RS","228609","37","928","527","0.02"
"0176f73cc1195f367f7b32db1e5b3aa8","SP","464320","37","591","527","0.04"
"3c03b12bab54d8b37d79d914bfdb1aa0","RJ","423634","37","631","527","0.03"
"96804ea39d96eb908e7c3afdb671bb9e","MG","353075","37","741","527","0.03"
"14d7985702e72162bbf13b6beb74ab2b","SP","388700","37","677","527","0.03"
"0cbcee27c791afa0cdcb08587a2013a8","MG","505415","37","550","527","0.04"
"5b8154610ebb21fb90eb587365e673df","SP","904805","37","320","527","0.07"
"594f9aaa48e5bf431f011ddc5669b0d5","MG","324880","37","770","527","0.02"
"3586b8580d9c917874e053a1bb37b5ff","SP","152470","36","1133","535","0.01"
"e2aee0892199b1d92530e371abd825bf","PR","539277","36","523","535","0.04"
"66dc1b1632bd6a3e508510c5b3492107","SP","354219","36","738","535","0.03"
"325f3178fb58e2a9778334621eecdbf9","SP","98170","36","1408","535","0.01"
"63b464dbf392c7b80d12d932fa7cafed","SP","662200","36","453","535","0.05"
"99002261c568a84cce14d43fcffb43ea","MT","408800","36","651","535","0.03"
"31561f325664a8a7aba4c8d0c3a9b3db","SP","270219","36","852","535","0.02"
"bd4889b5e9133b35b66e42a8665cea5c","SP","627190","36","476","535","0.05"
"32b8764b4ef628b53608fc34011fcc13","SC","888400","36","327","535","0.07"
"5cbbd5a299cab112b7bf23862255e43e","PR","272606","36","845","535","0.02"
"f181738b150df1f37cb0bd72e705b193","SP","552970","36","516","535","0.04"
"bba74270a87732727b5a3b4fd9ac1c39","MG","596460","35","494","546","0.05"
"6fc26fe110feebd80a433e1f012a84f9","SP","415087","35","642","546","0.03"
"fde0cc9ea29c8ccfc0a2c22256a58c71","PR","392200","35","670","546","0.03"
"dd55f1bb788714a40e7954c3be6df745","SP","704176","35","426","546","0.05"
"45ba18c210d42734ec52c0c1c574e9ee","SP","509944","35","547","546","0.04"
"6b3bd31ad8fcda4b2635ec9f3ff2ecdf","RJ","406390","35","652","546","0.03"
"71039d19d4303bf9054d69e9a9236699","SP","353720","35","740","546","0.03"
"dc8798cbf453b7e0f98745e396cc5616","SP","173300","35","1062","546","0.01"
"ec8879960bd2221d5c32f8e12f7da711","SP","395750","35","664","546","0.03"
"718539d38d07dd351c76db862760e2e2","SP","127301","35","1248","546","0.01"
"e8f6dc8e6a1dcde89d20e3995c8d90b3","SP","214874","35","958","546","0.02"
"bf84056e679dbe9c69929847a40e338f","SP","191808","35","1006","546","0.01"
"3ab971ce71839580d2ae5b4e40fe8044","SP","491700","35","563","546","0.04"
"240b9776d844d37535668549a396af32","RJ","1333209","35","198","546","0.10"
"3fd1e727ba94cfe122d165e176ce7967","SP","274740","35","841","546","0.02"
"11305281b50fff20ae8bb473f8e11876","MG","652870","35","458","546","0.05"
"bf3c6d2a28b2b5501e6c15448982dcc9","SP","395650","35","665","546","0.03"
"e96498ed8daaa3e9c23f7a62da76591c","SP","961909","34","292","563","0.07"
"6a0cbc8af2e8abd1bdfb777943d174c6","SP","378815","34","690","563","0.03"
"b90e891671cffd9557f33a97dc523645","PR","444900","34","612","563","0.03"
"e49c26c3edfa46d227d5121a6b6e4d37","PE","362435","34","726","563","0.03"
"42bde9fef835393bb8a8849cb6b7f245","DF","757400","34","386","563","0.06"
"26d8a1c7c75d513045798992ead43aa2","PR","593713","34","496","563","0.04"
"5b179e9e8cc7ab6fd113a46ca584da81","SP","517350","34","541","563","0.04"
"a3dd39f583bc80bd8c5901c95878921e","BA","460781","34","594","563","0.03"
"33ac3e28642ab8bda860a2f693000e78","SP","366103","34","716","563","0.03"
"5160d23075764e18e07c1f4a87fad743","SP","235900","33","914","572","0.02"
"dfc5fb7259bb2b599ca565e6e9448f0f","SP","612463","33","483","572","0.05"
"d93919c944be9cff128f6c9cb899eacb","SP","266670","33","859","572","0.02"
"0ffa40d54288e4f3499b8780dd0f144f","SP","216280","33","953","572","0.02"
"48efc9d94a9834137efd9ea76b065a38","PR","34560","33","2002","572","0.00"
"65febd49fd28ec955651299159b1f527","SP","413671","33","643","572","0.03"
"d5ba419e26d246a0719437cf37d9b46d","SP","391150","33","672","572","0.03"
"93dc87703c046b603023e75222018b45","MG","814935","33","354","572","0.06"
"cc5a78bbad32776dc4e3af205218368c","MG","426918","33","627","572","0.03"
"1caf283236cd69af44cbc09a0a1e7d32","RJ","91760","33","1440","572","0.01"
"8bd0f31cf0a614c658f6763bd02dea69","SP","445534","33","611","572","0.03"
"d3f39f05462b79a4562d35893a28f159","SP","236340","33","913","572","0.02"
"b839e41795b7f3ad94cc2014a52f6796","SP","4282900","33","52","572","0.32"
"ea67327e24487bdfac5fbfa37ea124df","SP","625018","32","478","585","0.05"
"232a6014e7b10cba61c6c2b2ea6bb4b0","SP","381997","32","686","585","0.03"
"2745f798279e0ed033addcc1474776d7","SP","366853","32","714","585","0.03"
"f62d7bb4a613ec758a03342d46b580b2","MG","2466500","32","102","585","0.19"
"fad44952713764836814be105382aee5","RJ","512900","32","545","585","0.04"
"7b0df942f46435babab05d49b744b2c4","SP","2260063","32","110","585","0.17"
"6481e96574816ead57975da2c0f6d80d","SP","332490","32","761","585","0.03"
"3c4e0452bff7a2a788179488d3d77032","PR","374640","32","701","585","0.03"
"ed4acab38528488b65a9a9c603ff024a","SP","1275945","32","213","585","0.10"
"3340ef1913fb70d28420f6ceb685c339","PR","673115","32","442","585","0.05"
"5c6d4016c2a288f074fa0848a2b653d2","SP","310000","31","788","595","0.02"
"f00e21b1e91a79653163b7fd8f293ff1","SP","390009","31","676","595","0.03"
"276677b5d08786d5dce7c2149dcce48b","MG","342420","31","752","595","0.03"
"9baf5cb77970f539089d09a38bcec5c3","SP","598968","31","492","595","0.05"
"72c5da29406b4234927b81855e7b64f6","SP","1179869","31","244","595","0.09"
"01fd077212124329bac32490e8ef80d9","SP","120800","31","1279","595","0.01"
"33576ec5412fb5905d876f12f33bfde6","PR","271800","31","846","595","0.02"
"cd6efc47efaabf134f8bdb654e10b4f1","RJ","415855","31","641","595","0.03"
"18e694e0e48ed6f7aa3f24aade5fd697","SP","70154","31","1618","595","0.01"
"070d165398b553f3b4b851c216b8a358","SP","333317","31","760","595","0.03"
"0ebd97a106433a45a4aebe57c1799778","MG","304680","31","796","595","0.02"
"f67efa3f0b6761102a7f8c6b7b571f5d","PR","518868","31","539","595","0.04"
"4e06067cc08b3f41d837768d392c3ee3","MG","94172","31","1427","595","0.01"
"20cb7c2fde3e5bf10f0bbe7394e1c6a9","PR","84500","31","1486","595","0.01"
"5d3bb11474a06bdc23fb9e89f1164ee0","SP","365460","31","720","595","0.03"
"4917cee8d902e13428c3ec4b1ca6f315","SC","510390","31","546","595","0.04"
"78c99c6dff4eeae5be99bf635ed21e3f","SP","203088","31","988","595","0.02"
"c8b3445d737de6befde0c88ede534a5e","SP","314904","30","780","612","0.02"
"e8b4225284fbb02d16f200513f1f395d","SP","563862","30","512","612","0.04"
"66e0557ecc2b4dbea057e93f215f68d8","SP","1214100","30","231","612","0.09"
"02f5837340d7eb4f653d676c7256523a","PR","388305","30","678","612","0.03"
"2bf6a2c1e71bbd29a4ad64e6d3c3629f","RJ","5062890","30","37","612","0.38"
"c8467937e403e76a8ee9f0ab13f6f5ef","MG","185379","30","1025","612","0.01"
"b4a476fbd28de64b1e347abf9089366a","SP","447904","30","609","612","0.03"
"b74d1c09cb380e1d03a6f859c6f4224b","RJ","217461","30","949","612","0.02"
"b2ac621f0d0322434d04a12b078b9369","PR","957550","30","295","612","0.07"
"6ec1a01e866584bb679eb9b098345919","SP","399891","30","659","612","0.03"
"40d54b51e962dbe09cabbcfd33298dee","SP","678556","30","438","612","0.05"
"974cf2cb8f4b7add98709c30df02fe10","SP","269470","30","854","612","0.02"
"b335c59ab742f751a85db9c411a86739","MG","249411","30","886","612","0.02"
"2a6fbeaa7ab9e5d59a35841a8da71ce4","SC","163279","30","1096","612","0.01"
"e38db885400cd35c71dfd162f2c1dbcf","DF","206680","30","978","612","0.02"
"3c487ae8f8d7542beff5788e2e0aea83","DF","938570","30","303","612","0.07"
"8b2492b7ff4468839593fafeed55bad9","RJ","366008","29","717","628","0.03"
"d4e12e7884759a14fa0f5f896c791cae","SP","140000","29","1183","628","0.01"
"6e386f64c84e482f0b9abf960797ee1b","SP","1220930","29","226","628","0.09"
"94e93ce877be27a515118dbfd2c2be41","SP","543658","29","519","628","0.04"
"1b938a7ec6ac5061a66a3766e0e75f90","SP","385980","29","680","628","0.03"
"8931a84a914b3fe9b1ddaa4d704947ca","SP","466830","29","587","628","0.04"
"323ce52b5b81df2cd804b017b7f09aa7","SP","237430","29","911","628","0.02"
"3361277dc30b7cccdb0c286b24219756","PR","390505","29","675","628","0.03"
"e06f09ec0a4aca210779cf1cfc63cf19","SP","527949","29","533","628","0.04"
"850913d59ce317156b00f3705f1c3edb","SP","218300","29","947","628","0.02"
"4bf2f4ee540798a61f9636d12cd9cc80","SP","499556","29","556","628","0.04"
"238fac594e170b59c6d228f5a4f4f1d9","SP","312600","29","785","628","0.02"
"4ebdc7e6cd6102a022dadc49156d4ea8","SP","92870","29","1432","628","0.01"
"0bb738e4d789e63e2267697c42d35a2d","SP","230840","29","923","628","0.02"
"1464afc72f696af775557a821c2e253f","RJ","105936","29","1362","628","0.01"
"31da954dc0855f2495c6310f70a2f931","SP","458300","29","597","628","0.03"
"1771297ac436903d1dd6b0e9279aa505","SP","288127","28","818","644","0.02"
"c0563dd588b775f2e37747ef6ad6c92c","SP","369720","28","710","644","0.03"
"e7d5b006eb624f13074497221eb37807","SP","347893","28","745","644","0.03"
"f12ff17ad8bbf01ec5c33b17e506649b","SP","610100","28","485","644","0.05"
"d379f449f2a3b271bc01c0782020f705","MG","442306","28","614","644","0.03"
"bf00385a5f7fc1ef39a13c2e9ee50a5f","SP","85540","28","1476","644","0.01"
"6061155addc1e54b4cfb51c1c2a32ad8","SP","1563340","28","161","644","0.12"
"960945e1a9535cbc0cd6ddd35fbe7ae8","SP","338173","28","758","644","0.03"
"d1ef48b38baca7e831711c4a0aeb398f","PR","143913","28","1168","644","0.01"
"57c764b4a836300be881e2ff86e449f9","SP","115610","28","1306","644","0.01"
"817245bcc3badd82bbd222e0366951a6","SP","534560","28","528","644","0.04"
"d97df38225e5abadaff1e72cb72b823c","SP","177600","28","1050","644","0.01"
"3ade81dab5a172b88e1871c28ae05260","SP","538360","28","524","644","0.04"
"28f10b1c5e5abb9d4857745bede6147c","SP","83500","28","1497","644","0.01"
"14a08204d03bb6b6bde8029f801ae0eb","SP","218540","28","945","644","0.02"
"0885aaf116795758dfeb5f1032487bcd","SP","257310","27","877","659","0.02"
"575df70bde3f9f2b30bf8d2e9910d725","SP","541005","27","520","659","0.04"
"73a63f72308aa20a46f4b1632018f196","PR","764080","27","381","659","0.06"
"cac876b37d3abcd6bd76caca30277996","PR","222977","27","937","659","0.02"
"5f5b43b2bffa8656e4bc6efeb13cc649","SP","367720","27","712","659","0.03"
"17306570e772e7718c92a562d33f5f1d","SP","864000","27","339","659","0.07"
"4aba391bc3b88717ce08eb11e44937b2","BA","728688","27","408","659","0.06"
"271c58a1d139c45eaf3316107c6d3a3b","SP","359763","27","727","659","0.03"
"671585f5a2af58b6e276bc01003c0d2b","PR","124400","27","1261","659","0.01"
"38e679b9e0064cd94c6f035707344dae","PR","364415","27","723","659","0.03"
"ffc470761de7d0232558ba5e786e57b7","SP","152913","27","1131","659","0.01"
"95ec4458365c4d11f452ccf538377619","SP","186676","27","1020","659","0.01"
"1f1bb1f0859883505541bdd6606193e5","SP","1604084","27","155","659","0.12"
"5b67882648febfb6e1225e6ad7164f6b","PR","681348","27","436","659","0.05"
"cc3d14116804f7209f3884f6367f1152","PR","547780","27","518","659","0.04"
"3771c85bac139d2344864ede5d9341e3","SP","143330","26","1171","674","0.01"
"06df0c10d34e459d9672bc77388742eb","PR","907000","26","318","674","0.07"
"e5e33c0d8e7e002f398f5dc4cbbb338f","SP","649490","26","461","674","0.05"
"4bfc7a4a1cf8d4d2121c27422d9e50b5","SP","812440","26","356","674","0.06"
"e0878efa0e0b7e5313ac0b43bc04c081","PR","502540","26","554","674","0.04"
"ccf8813e5a7d6c84d865cd38bfc2b130","SP","263550","26","866","674","0.02"
"6a8a889bde935bafa76d7848782dfaf9","SP","86082","26","1471","674","0.01"
"b8555308bfdb4ca1ed54325a58da9a97","SP","304720","26","795","674","0.02"
"f61c63d13f7cd800549d5acdd390ae72","SP","307230","26","791","674","0.02"
"8d79c8a04e42d722a75097ce5cbcf2ef","CE","262782","26","867","674","0.02"
"77a515caa36327151d1cc6c32a9f00e1","SP","221739","26","942","674","0.02"
"7ade73f1b9b4e965f9009a4c3a7e2c15","SP","183530","26","1033","674","0.01"
"f41ce2e25237f9092cd8e6e7516c7a2f","SP","196190","26","1005","674","0.01"
"e883aa812c37a7413226856f4579fe91","SP","409710","26","648","674","0.03"
"8090490573c6c0aa343a7231ebcb8c86","SP","387112","26","679","674","0.03"
"df560393f3a51e74553ab94004ba5c87","PR","342978","26","751","674","0.03"
"3481aa57cd91f9f9d3fa1fa12d9a3bf7","SP","177303","25","1052","690","0.01"
"3b872fd4747f01cc56206f2934198618","SP","272674","25","844","690","0.02"
"ed4311e67debd72b8610a5347a743087","SP","363600","25","724","690","0.03"
"edf96ef93ed595084bbcbd9224bd2894","SP","375700","25","698","690","0.03"
"f7496d659ca9fdaf323c0aae84176632","SP","483767","25","569","690","0.04"
"1dc2de47ee26a0a5b12dc14fd6dc0dea","SP","167030","25","1081","690","0.01"
"272f092de69afedd4d2969440b37f18f","SP","184633","25","1030","690","0.01"
"916748bc99315c2d202898ae58b1617e","SP","36940","25","1964","690","0.00"
"c8417879a15366a17c30af34c798c332","SP","173470","25","1060","690","0.01"
"b2a6d334e2833acea353624840e25a0e","SP","165098","25","1089","690","0.01"
"15aac934c58d886785ac1b17953ea898","ES","435390","25","619","690","0.03"
"e48b04bf1aa1ef711caebeb7aede6180","PR","318710","25","777","690","0.02"
"198c7ea11960a9844b544d9bcdca860c","MG","173375","25","1061","690","0.01"
"5debea795b07621e1f90532e18f96145","PR","188378","25","1015","690","0.01"
"2709af9587499e95e803a6498a5a56e9","SP","118056","25","1298","690","0.01"
"a938325a4b357fd23a6a4d5bb126408e","RJ","323100","24","771","705","0.02"
"f76a3b1349b6df1ee875d1f3fa4340f0","SP","416079","24","639","705","0.03"
"cea729054f157f5870bdd321a958d994","SP","248210","24","888","705","0.02"
"821fb029fc6e495ca4f08a35d51e53a5","SP","1785162","24","138","705","0.14"
"e89c4adbe7b1d0819dbb636e16461cf1","SP","318130","24","778","705","0.02"
"2199e7fe213c16213bf5d6a7eadc9a5d","SP","376729","24","693","705","0.03"
"0afccdb8a34ee5c79f7c06faf2b4d56e","MG","118560","24","1294","705","0.01"
"c731d18cea9bf687ffee82a241c25b11","SC","366200","24","715","705","0.03"
"a3f0b55de503387383c7b1de3ad7f678","PR","434840","24","621","705","0.03"
"b83cedfb587e7911540e3f576d6917ce","SP","222495","24","938","705","0.02"
"2e13c71026e1a39ba5cc1b86dcb679aa","SP","379300","24","688","705","0.03"
"6a51fc556dab5f766ced6fbc860bc613","SP","721787","24","413","705","0.05"
"7ecd59e5e20407131822c1a68ac59c1f","DF","146671","24","1155","705","0.01"
"e7df4cd29ab5abab70fb0783ddb53987","SP","960870","23","293","718","0.07"
"d624126b9206f595fb3fbb6ba03b28a8","PR","719880","23","415","718","0.05"
"10076e5788b8ee532724bcd460baf762","SP","82148","23","1506","718","0.01"
"8cc6a0e5738e61a87b03c78b2ba9db4b","MG","1327270","23","200","718","0.10"
"977f9f63dd360c2a32ece2f93ad6d306","SP","273007","23","843","718","0.02"
"42ef3192a9ff87a22d1867b74b3ee205","SP","135409","23","1202","718","0.01"
"79ed755314cfe6df0daef2c6cd3022cd","SP","390750","23","674","718","0.03"
"a36b125ac6d5fdbc7f50de85c9157bdc","SP","179365","23","1046","718","0.01"
"013900e863eace745d3ec7614cab5b1a","PR","161970","23","1101","718","0.01"
"23a0ffca143a15b9b5bbdb7d552f626a","SP","371851","23","705","718","0.03"
"7e26c750b4cb9f6766f58265ff9ebe95","MG","134430","23","1207","718","0.01"
"681fce914360217db47784ae28905a96","PR","412733","23","645","718","0.03"
"244c2f1bff6afe1f2eaf9bfe9b2aed38","SP","258000","23","875","718","0.02"
"d71d863e5ef30d94e440c11be17dcd8f","SP","924690","23","312","718","0.07"
"4b5f66b7adcf57f1ecc0d3c07dd6b177","PR","638178","23","470","718","0.05"
"6426d21aca402a131fc0a5d0960a3c90","SP","120964","23","1278","718","0.01"
"5c853bb56f70f4d14218944bae111d7a","SP","26313","23","2144","718","0.00"
"157c3e4b42f81ac4a44e8b1ca2fe9876","SP","254850","23","881","718","0.02"
"55f7a3319d80f7fdf078b8f03e6725fe","SP","301378","22","799","736","0.02"
"13d058e4eeac2ce8217660b2f8a05812","SP","373978","22","703","736","0.03"
"730937bf88cb151eb2eb849f642fc213","SP","282120","22","827","736","0.02"
"d8c7ba53e7e38711eaef8c2849d6d2e1","PR","119087","22","1287","736","0.01"
"5670f4db5b62c43d542e1b2d56b0cf7c","SP","663009","22","452","736","0.05"
"42fa4ee7240e9b8eb4576358ec142ba7","RS","384570","22","683","736","0.03"
"916c9de0b5ad957346eeeb12f332687e","PR","533650","22","530","736","0.04"
"7b1222c3624aa89b9558b50a2594188c","SP","1010352","22","282","736","0.08"
"e9511df20ccd82658a30c37b7fb343af","SP","209660","22","970","736","0.02"
"39d54ff918774174706fb065d7f9dc07","SP","155469","22","1122","736","0.01"
"4200ddf1967c5e41e48db62bc6d4b5ac","SP","73480","22","1595","736","0.01"
"7f2617c58d5d06806987308b45654351","SP","365680","22","719","736","0.03"
"eed78ac17f7f795a19a709745f00cd4e","SP","434950","22","620","736","0.03"
"8fdca8e349553f99bc738833a62c8802","SP","98934","22","1403","736","0.01"
"f0837c8d71434931d9e38e7b79234797","RS","344690","22","750","736","0.03"
"0d33a55da925bbf1ff02af5f6059fc7f","SP","54730","22","1752","736","0.00"
"2b1a40c1daabc6ca280c4b815c101841","MG","1234260","22","223","736","0.09"
"7901646fdd36a55f564ffaf2dbccaaf7","RJ","1185708","22","240","736","0.09"
"f615fe7efbef0f4f08fd3086bc7a3e60","SP","206137","22","981","736","0.02"
"503c1de08ae81a2d86f17951b204db55","SP","490699","22","565","736","0.04"
"093805f8f2aeb63881444571e1f48f30","SP","121579","22","1274","736","0.01"
"df56d7b40d437f88407c5f78b63bc328","PR","279128","22","830","736","0.02"
"fb89df7f89fd1b8f03fa2acca1ba7364","PR","222000","22","940","736","0.02"
"7139dc5186aa238b006e066d8fbab2e4","SP","171200","22","1068","736","0.01"
"4e5725ba188db8252977a4f0227bd462","SP","186509","21","1021","760","0.01"
"2156f2671501a81034d7d07f217609d0","SP","290950","21","815","760","0.02"
"52f9db5cfb423382a2fa5c9e39303202","SP","121878","21","1271","760","0.01"
"bd697db56ff8e7c9cd1abeb7f72029b2","SP","286979","21","820","760","0.02"
"411f3b52d857390502ee4e4d5ceabc2d","SP","180401","21","1040","760","0.01"
"6b15924333bd1a741595fe981ea04822","SP","61432","21","1691","760","0.00"
"f4db9b37944bcb8873e6b456ee190bbf","SP","340978","21","755","760","0.03"
"02ecc2a19303f05e59ce133fd923fff7","SP","526419","21","534","760","0.04"
"55d3daac7c404d59e51c2aa2f4dc5a23","SP","448060","21","608","760","0.03"
"9596c870880d900012f2e8e6e30d06d7","MG","762535","21","384","760","0.06"
"7c5b05cbdb5542049f38d90d7815b97d","SP","99397","21","1397","760","0.01"
"b347677812ea483b0f528eaf8cbc09b7","PR","728899","21","407","760","0.06"
"845e8036c3f7bf62099352f5ed910240","RJ","158460","21","1112","760","0.01"
"bc47d5d1490df2b36add65d733eafaba","SP","92980","21","1431","760","0.01"
"5bffbafbb22daf6d3bfc216a46db8708","RJ","523970","21","536","760","0.04"
"c72de06d72748d1a0dfb2125be43ba63","BA","1752200","21","141","760","0.13"
"af4a0e4cfe1d9c26b6712b1be25a72e5","MG","875798","21","332","760","0.07"
"e99e927c81e3f51739c94fcdfca9f10f","MG","259785","21","871","760","0.02"
"1c40343cc5d18c2d8248ac2f3366de34","SP","246141","21","894","760","0.02"
"af3ef48d0e13835e529c29ac573c63e5","SP","140563","21","1179","760","0.01"
"3785b653b1b82de85ab47dd139938091","PR","155200","21","1124","760","0.01"
"3d5d0dc7073a299e31fa718ce1bc00b6","RJ","67480","21","1638","760","0.01"
"412a4720f3e9431b4afa1476a1acddbe","SP","205810","21","982","760","0.02"
"a5a1bfcf728ab0e19182959cf0771ee4","SP","181296","21","1037","760","0.01"
"e6a69c4a27dfdd98ffe5aa757ad744bc","SP","50851","21","1793","760","0.00"
"679769a98cfcc6da877c8486ff1c13f3","MG","702900","21","427","760","0.05"
"e21a1e8be4715b0fcfd5385643bc49c4","SC","67370","20","1642","786","0.01"
"bf100ecb7997df312b285358fb32f92c","PR","199190","20","1000","786","0.02"
"054694fa03fe82cec4b7551487331d74","SP","828610","20","343","786","0.06"
"ff69aa92bb6b1bf9b8b7a51c2ed9cf8b","SP","2194080","20","115","786","0.17"
"f08c008c8a8d31417763738a1788a2a8","PR","121192","20","1276","786","0.01"
"1fe5540d7c1c37a595fefbacd5570d9e","RJ","453760","20","601","786","0.03"
"7f152321c60a266edc53af1925ef96c1","SC","391980","20","671","786","0.03"
"d3674f271c91f824f82d24d92011f669","DF","171830","20","1065","786","0.01"
"82bd0703a4aefd6b599e5bfdaed378fb","SP","239428","20","904","786","0.02"
"8ab42aa58097fd4668d60cc648225d5f","GO","261675","20","869","786","0.02"
"542917da124346b47ea1ac79a93ce454","PR","130390","20","1230","786","0.01"
"f9244d45189d3a3605499abddeade7d5","SP","1508144","20","170","786","0.11"
"6288c69c4ce638e59925e59193f98b16","SP","419680","20","633","786","0.03"
"cfe94489ddd337d1e29e12f2a7205d10","SP","237600","20","910","786","0.02"
"1a932caad4f9d804097d7f8e615baed1","SP","466100","20","589","786","0.04"
"1dfe5347016252a7884b694d4f10f5c4","SP","163250","20","1097","786","0.01"
"41c2bad7229b0c25e6becf179ebf63ff","RN","78200","20","1549","786","0.01"
"f918546be4bec7104d117789ba758b2b","SP","148300","20","1149","786","0.01"
"808d4348b916efa08e766ebad39f61eb","SP","71295","20","1615","786","0.01"
"430315b7bb4b6e4b3c978f9dfa9b0558","SP","286440","19","822","805","0.02"
"b19f3ca2ea475913750f25a5c37c8d8f","MG","417416","19","636","805","0.03"
"67883baaae6134ee81b271a542613728","SP","816790","19","349","805","0.06"
"4c8b8048e33af2bf94f2eb547746a916","SP","188245","19","1016","805","0.01"
"8ed8ea9a57c862f2c18c2fe41f601d56","SC","383190","19","684","805","0.03"
"e84ad2127668df3aafc6b73531a0beb8","SP","98700","19","1405","805","0.01"
"ef2fbc2b607d8492bcffe657a4645434","RJ","92090","19","1437","805","0.01"
"e5475dcab1e07b63d7f6e902d8f5eda8","SP","219200","19","943","805","0.02"
"b1fecf4da1fa2689bccffa0121953643","MS","366964","19","713","805","0.03"
"9dda5bbacd45e18d6485fee649205d09","MG","191260","19","1009","805","0.01"
"6d988d6174a2c27441597174f8905515","PR","37173","19","1958","805","0.00"
"888faa8bfb0b159c37de6d898b961c31","SC","241830","19","899","805","0.02"
"52f0fe436a347ddad7ed5f9aa4e27eaa","SP","145249","19","1162","805","0.01"
"7bac63f6603d382cc8d0832eb6c100a8","SP","775195","19","373","805","0.06"
"ce69a8021d18961dd2a40269b7c2c293","PR","481800","19","571","805","0.04"
"52d76513f0c4d97f3b99570e2c94ee31","RS","815310","19","352","805","0.06"
"65b081a070633e057c462abdd6fb9dd8","GO","188509","19","1014","805","0.01"
"b494891378bd8f4560abe576c52deacd","SP","283900","19","825","805","0.02"
"eb5b6204dde3a6e03b5f1bb8479f055b","SP","45220","19","1853","805","0.00"
"f5b44895715ddfe3087dc414f30268f3","SP","37880","19","1953","805","0.00"
"094ced053e257ae8cae57205592d6712","SP","151920","19","1136","805","0.01"
"a44fb5a447105f8469bdf16bf9159f25","RS","370610","19","708","805","0.03"
"04e38a233f726ef161074ab1c9b0399a","SP","99160","19","1398","805","0.01"
"784ba75dd9d20200c4caed3d7a77141a","SP","814233","19","355","805","0.06"
"f593898ec748b7a8cb81fc04edafd98a","SP","258804","19","874","805","0.02"
"e24d3429d294b2eb200b064ebb035879","SP","187858","19","1017","805","0.01"
"93b9a99027bd8bd6af682aff18dd19bf","SP","191600","19","1007","805","0.01"
"d9442042130b7fe579d1295f9f4a248f","SP","77216","19","1561","805","0.01"
"59417c56835dd8e2e72f91f809cd4092","SP","3645900","18","64","833","0.28"
"7a425d299613df3e613bcf9d2eaf5c49","RJ","121880","18","1270","833","0.01"
"b4f8921fcc4ff77b66bea6dda43dcd51","RS","1139505","18","253","833","0.09"
"bb135baca94c82fcb731335ad5b04a03","SP","104980","18","1368","833","0.01"
"4b0fdb526525f9890eb145bf1534640e","SP","241900","18","898","833","0.02"
"f5f2ab9bdb6b30c14c61be68c5ed37da","SP","213468","18","963","833","0.02"
"4978a02ea9c8be7a9b5480680f40334e","SP","235661","18","915","833","0.02"
"30829ded4523ab9224b93bc49a62c95f","RS","691171","18","431","833","0.05"
"dfc475d54e1b6dbeeb7d7d9bdaa63827","PR","170837","18","1069","833","0.01"
"6aa3928696eab49a19a466e665a649fd","RJ","207500","18","976","833","0.02"
"d51e0a403fe2e689ece6c73359d96e12","SP","738000","18","401","833","0.06"
"6b536a23086fba0d58c08d68814397f6","RJ","199680","18","998","833","0.02"
"f4c4daa86e30c7e5a553a8d518ac03a5","PR","598431","18","493","833","0.05"
"1354d51653f645349064725ed204e85e","SP","241000","18","902","833","0.02"
"179d859f51292aac5c10806a356f7af9","SP","40447","18","1914","833","0.00"
"77e4abfd739aed9c46480f90f81c0eb4","DF","373699","18","704","833","0.03"
"ffdd9f82b9a447f6f8d4b91554cc7dd3","PR","210120","18","969","833","0.02"
"8a2d12a90e92f012ce5226fc6592b653","PR","159465","18","1110","833","0.01"
"1fdc574883ef3b33ad41562d93f3a74a","SP","425100","18","628","833","0.03"
"07bf9669d84d1f11be443a9dd938f698","SP","177600","18","1050","833","0.01"
"2e1a7d075abe038c1b2743005fe42ff1","SP","136680","18","1196","833","0.01"
"fbc14c0cf93505ef89f64665ffa4a7b5","SP","1222782","18","225","833","0.09"
"d03698c2efd04a549382afa6623e27fb","BA","886547","18","329","833","0.07"
"f4a04f7be452aa3bb31760bf00055dd0","SP","131210","18","1224","833","0.01"
"33c51922b6e3c16b24a8f28e5833c99d","PR","665787","18","450","833","0.05"
"c35672b10ad50968f567ea3f4b91e877","RJ","115057","18","1310","833","0.01"
"ea00f977a203ff88adf7057cb7806998","SP","38173","18","1951","833","0.00"
"54c04bdb5ec46762f8f08c7e8f86ed4a","SC","328166","18","766","833","0.02"
"822bad9bc42b51213ba522fe87b7ab5d","SC","516000","18","542","833","0.04"
"bc2ac6b95e1accce9858528ee566c17e","SP","204500","18","985","833","0.02"
"49067458c68f7701fd334ce326accbe0","MG","104765","17","1369","863","0.01"
"63ffcb71394dd8ea3872ed9ffda17c74","RJ","39900","17","1920","863","0.00"
"b64d51f0435e884e8de603b1655155ae","SP","41618","17","1894","863","0.00"
"270297ead4c65a6cd2593960d2af6b21","SP","934440","17","307","863","0.07"
"1430239a858e7682bbc43b20758af153","SP","63399","17","1677","863","0.00"
"c12b92bf1c350f3e6bf88d3596219c86","SP","480878","17","574","863","0.04"
"ec4608a1f76453166bb312b2968aeaf4","SP","96881","17","1417","863","0.01"
"f1ed6bd0a9b11b581f16c851c6a5a527","RS","162277","17","1098","863","0.01"
"bba3293d6f5d5af2f415e004e8b93ae3","SP","1170210","17","248","863","0.09"
"f63d8f293af3a6454377546bd9dd19ff","SP","175182","17","1056","863","0.01"
"06bb3a2fe5e7b7a845b13e8fb91bd944","MG","153619","17","1128","863","0.01"
"53d00c40e32aeb924a84ce72b1af869d","SP","216585","17","951","863","0.02"
"c4d51195486dc781531876a7d00453d8","SP","1146898","17","251","863","0.09"
"87d30a6a0cbf89356e49324971ab1d24","SP","213413","17","964","863","0.02"
"768a86e36ad6aae3d03ee3c6433d61df","SP","58746","17","1714","863","0.00"
"cda598c48d7c614bc1cad7d8ff6f0010","SP","111860","17","1326","863","0.01"
"d06d019f72a04e5497a0b64190af170c","SP","241593","17","901","863","0.02"
"8602a61d680a10a82cceeeda0d99ea3d","SP","82699","17","1503","863","0.01"
"60562ab00b8054280520d390c8c0045c","SP","294300","17","812","863","0.02"
"da7039f29f90ce5b4846ffc0fcc93beb","SP","125910","17","1253","863","0.01"
"72bc2cce903c872fe376a8faaa81d237","SP","214920","17","957","863","0.02"
"e81e1f9c3e762e620f3fb60a51499e16","SC","446599","17","610","863","0.03"
"d354c38a7182125a748cb10474fe963b","RJ","150034","17","1141","863","0.01"
"9c068d10aca38e85c50202e17b4a7e88","MS","265890","17","860","863","0.02"
"6bb0724edf0b62fb91ac404873a97241","SP","365300","17","722","863","0.03"
"343e716476e3748b069f980efbaa294e","SP","92260","17","1435","863","0.01"
"392e0502231ae2f8b29994ef6398cd77","SP","157290","17","1114","863","0.01"
"3dbbce181edfaa4a597ec858c382d2ec","PR","84830","17","1483","863","0.01"
"5bc55dbe2f12b6af6d83ed46023e0dc8","MG","299210","17","802","863","0.02"
"d25aa0aaacb370e912f8cf6efeba38b3","SC","265845","17","861","863","0.02"
"2a61c271b1ac763450d846849783e922","SP","148677","17","1146","863","0.01"
"4305fe92735c8a43d154ff6dd2b8d927","MG","260610","17","870","863","0.02"
"5bc24d989e71e93c33e50a7782431b0e","MG","314800","17","781","863","0.02"
"30a81d8cf85fb2ada1b1b094c9583a95","SP","124542","17","1259","863","0.01"
"ffa6adafb71b807dc13159e26431354c","PR","250090","17","885","863","0.02"
"e7f3bf1ecd8526eb7f3b18059e6716e5","SP","138204","17","1189","863","0.01"
"d4f117125b59ce73c3302f88ee40c458","SP","78329","17","1546","863","0.01"
"9f50216bfd01913736a55a11b55ea842","SP","135400","17","1203","863","0.01"
"863d2ebcd347ce4922de7a0f9a5581d6","RJ","131236","17","1223","863","0.01"
"5b664594895aefb418afaee6d40a9a23","RJ","100880","16","1386","902","0.01"
"adcf50477d6a1f5d91bb9d54c4903cb5","MG","98186","16","1407","902","0.01"
"51e4e89242cbb846c2deff3dc015650e","RS","82258","16","1505","902","0.01"
"3092c0b297aacfb4bb6e056ebe13b9b8","SP","118430","16","1295","902","0.01"
"8daab2245ebdc277c51098d01c5ad8ef","SP","160459","16","1103","902","0.01"
"08d2d642cf72b622b14dde1d2f5eb2f5","SP","90900","16","1446","902","0.01"
"099095b050cfe8eb1ddff5317587e96e","SP","500384","16","555","902","0.04"
"2d2c62bef4c8ba0dd74e0e228e808539","SP","374900","16","699","902","0.03"
"fcdd820084f17e9982427971e4e9d47f","SP","478399","16","577","902","0.04"
"25e47381a6c510ddeb36084e33b89f0c","SP","128960","16","1236","902","0.01"
"15cd6eefe58588619aaed41dfa6621b1","MG","162274","16","1099","902","0.01"
"fe49ee029e61e789a1f3a5525f57ba8d","SP","247369","16","890","902","0.02"
"ad97a199236354e53fcd91a5a913e9a2","SC","1244685","16","221","902","0.09"
"afa6714acee029b2dfdf357e5579cc03","SP","322076","16","774","902","0.02"
"b5e3e38609125694d2ea2417522a60b7","SC","99504","16","1396","902","0.01"
"f125f3a310c2e5f822d116147de1e474","SP","276140","16","834","902","0.02"
"3935fe5fe0f82787a9dcb8deb62be09d","SP","168169","16","1076","902","0.01"
"5b33b527da3c5b969cc99dc435cad09a","PR","187279","16","1018","902","0.01"
"2be17df1c49978426251562096c3cc09","SC","216500","16","952","902","0.02"
"4736e9d642ef4257cd7622516931eb51","SP","107887","16","1348","902","0.01"
"f97e2b0650c2068227e1d366140eb62f","SP","365400","16","721","902","0.03"
"638cba8be1fb599bbb76fd6948351eb3","SP","53540","16","1763","902","0.00"
"b33aaadd1a8891d2dfef0c4c3bdf0371","SP","150400","16","1140","902","0.01"
"cf2384dd2f1dddea3f838efed0945e65","SP","210150","16","968","902","0.02"
"d66c11a9572221d92fbb8c4897db5f9b","RJ","77656","16","1558","902","0.01"
"86bb7c4b535e49a541baf3266b1c95b1","SP","816240","16","350","902","0.06"
"db46ca7bce82b11f7e247539271fc390","RJ","93397","16","1430","902","0.01"
"dbdd0ec73a4817971d962698f2fea022","CE","638400","16","469","902","0.05"
"0725b8c0f3f906e58f70cbe76b7c748c","SP","216152","16","954","902","0.02"
"e3a386fc36e22064434e1fa256f6a9fa","SP","79390","16","1530","902","0.01"
"6c12e40690c335dbc2f68a4134d30dc1","PR","913920","16","316","902","0.07"
"bb5bd94c8f59cc050072d2930c869cac","SP","254387","16","883","902","0.02"
"89bc797e2e29667aa035d4368f9b7f92","SP","39240","16","1931","902","0.00"
"a2b5b6105ea5942300631d2e76f4ffe0","SP","328669","16","765","902","0.02"
"610f72e407cdd7caaa2f8167b0163fd8","SP","1358516","16","190","902","0.10"
"c794dab4928dd97beb41d05514441e86","SP","131240","16","1222","902","0.01"
"a425f92c199eb576938df686728acd20","PR","110630","16","1332","902","0.01"
"3a1a1fec38dd360f15fc912e821e169d","SP","200738","15","993","939","0.02"
"2646baaf662d4d92ac48f047e35db92d","SP","126305","15","1251","939","0.01"
"c6381d2d013342748761e906d45aff76","RS","204298","15","987","939","0.02"
"e601b04acf48b4576e73ddca9481f0dc","SP","49194","15","1808","939","0.00"
"ba5daa4041e1f15cdf34b76e3e18a450","SP","80680","15","1518","939","0.01"
"f1fd5ab1181f827ffad998c1a5de7d74","PR","704599","15","425","939","0.05"
"a066df7361163e7ddc5d7452dd17448b","SP","107830","15","1350","939","0.01"
"be8e909810184b9b19e886129149d8e5","SP","62985","15","1678","939","0.00"
"cfa5ab0e4d3fc212fd0b3410e7081c62","MG","478081","15","578","939","0.04"
"87d3c3aeb3ead335511b3ce315eb341e","SP","74935","15","1581","939","0.01"
"f3c38ab652836d21de61fb8314b69182","SP","158100","15","1113","939","0.01"
"3a734b715d333a2588a3d54a0c9b8746","SP","212152","15","966","939","0.02"
"3c010235b7345c92f125d14ee232a76b","PR","357800","15","731","939","0.03"
"8b8cfc8305aa441e4239358c9f6f2485","PR","1189200","15","238","939","0.09"
"921323538c9f1c4e816f2720eac02bea","SP","140184","15","1180","939","0.01"
"a6bd7d1ccdac48c6b33b28596b7eb122","PB","1366911","15","189","939","0.10"
"820cc752a266cdc6c1a1e61dd4583330","PR","280280","15","829","939","0.02"
"1b8b75e227c9a9c100d0c210fb6176ce","SP","144487","15","1165","939","0.01"
"8f54d64f28a993550aa7943f12572959","MG","275550","15","836","939","0.02"
"76ea5315acb3f5f7ade3cd261faf922a","SP","108706","15","1342","939","0.01"
"ed8cb7b190ceb6067227478e48cf8dde","SP","57350","15","1726","939","0.00"
"33cbbec1e7e1044aaf11d152172c776f","RS","73067","15","1597","939","0.01"
"55bb6fe5bebe5012e2d7d9928e1128ff","SP","181655","15","1036","939","0.01"
"26785a546900236d66f2e4197c211158","SP","101920","15","1382","939","0.01"
"41da412d33e8da4f22baf55cb1bde82c","ES","86290","15","1470","939","0.01"
"b1aaae6b66ad3c40f54b389d7ea4bee0","SP","117650","15","1300","939","0.01"
"67bf6941ba2f1fa1d02c375766bc3e53","PR","506200","15","549","939","0.04"
"81336a0f57a33776419727a300249e90","SP","135190","15","1204","939","0.01"
"04aba03279157f6d4e0fe8ccaf21963c","RJ","241600","15","900","939","0.02"
"0eaa7e33d73809f1f925f7d07c506cbd","SP","155200","15","1124","939","0.01"
"7238a95bb63ef7e498389fb863b834a1","SP","226570","15","929","939","0.02"
"c4fb51fb1c5b7c07bc5e67be6e7e8f6e","PR","156790","15","1118","939","0.01"
"989becdce12ebc39863c2bceab6f3ca1","PR","630290","15","475","939","0.05"
"9a84ba99f5367fdbd4598363496f1ea2","GO","222338","15","939","939","0.02"
"6a38087bc8ad4f89ff453561005f6dea","GO","183343","15","1034","939","0.01"
"c273175f7c6c80fb02f051e2fc6d0d72","SP","118823","14","1291","974","0.01"
"7c1fea10b5b006671d608b1d7c446ec4","SP","42360","14","1883","974","0.00"
"d2e753bb80b7d4faa77483ed00edc8ca","BA","132070","14","1218","974","0.01"
"4de6e4ba574aa9dfdc824bc44dc47fdd","PR","45110","14","1855","974","0.00"
"52562a9f449c3dc3d53f5f5b9ed74903","RN","326660","14","768","974","0.02"
"5a425cc503b39b262a847fd6212bf53b","PR","134060","14","1211","974","0.01"
"de0c78824586e9a5f5f04fd84e25df39","SP","248930","14","887","974","0.02"
"df0f42bc4c2142eacf0eaf2cffd0cfbb","SC","165400","14","1088","974","0.01"
"bbf9ad41dca6603e614efcdad7aab8c4","CE","784600","14","368","974","0.06"
"2e3be8a987a30d7544dbbda6861cc14e","MG","247286","14","891","974","0.02"
"4a1f694197d05fe70026b016a7316b41","SP","90777","14","1448","974","0.01"
"c89cf7c468a48af70aada384e722f9e2","RJ","74500","14","1584","974","0.01"
"014c0679dd340a0e338872e7ec85666a","MG","705800","14","423","974","0.05"
"2953ce3a88f5e3c3b696d77fc9e4c8eb","SP","47000","14","1829","974","0.00"
"5a413ade68e8f8d93071a7f52a64cb9e","SP","77890","14","1556","974","0.01"
"c84592044b180dec206770c38603814b","SP","49194","14","1808","974","0.00"
"ca4b77513ac2040591b0d8fae6958380","SP","177245","14","1053","974","0.01"
"ffeee66ac5d5a62fe688b9d26f83f534","SP","183986","14","1032","974","0.01"
"7ff588a03c2aeae4fbd23f9ae64b760d","SP","118220","14","1297","974","0.01"
"82cb9f452fe8334df74b22d37824b431","RS","83820","14","1494","974","0.01"
"02d35243ea2e497335cd0f076b45675d","RN","579400","14","503","974","0.04"
"5882820ef11c4c068eea0677a7a879b4","RS","992550","14","283","974","0.08"
"e48cc16ab70bfa09e1401740dce0b3d7","SP","108483","14","1344","974","0.01"
"b1b3948701c5c72445495bd161b83a4c","SP","2151950","14","119","974","0.16"
"ce616e1913288884e7742faac9d981db","SP","33330","14","2024","974","0.00"
"980640c45d7a4635885491d077167e4d","SP","100429","14","1389","974","0.01"
"b6e1504972665f739dec4facb9943775","SP","148448","14","1147","974","0.01"
"b9ca8e8baa5d4aa038394a700f63e69f","SP","128977","14","1235","974","0.01"
"83645b1645cdee8953ee54c29ceed564","PR","97890","14","1409","974","0.01"
"bce6a5ecf98e99fd2a8868b15c51f04b","SP","346490","14","749","974","0.03"
"218f991754f360af9c2daa5e0b8e990c","SP","355432","14","734","974","0.03"
"5a05a16bb50629ee31afab8a6d4c2674","RS","79430","14","1529","974","0.01"
"45213867cefbf2cd4c6177e10216a951","SP","495542","14","559","974","0.04"
"c679fb69a36e1d8349e8c50a217b4d58","RS","182568","14","1035","974","0.01"
"7fc87cc3e89b3d1d5cabdca32f8485aa","SP","215390","14","955","974","0.02"
"88cf19ec1fc2c58f161aee259d57142c","SP","137297","14","1190","974","0.01"
"1987cd4be10fe09ee50454f9c354d1c6","MG","287770","14","819","974","0.02"
"9bcdfa7b615b3abb9461d9e3ad9886ae","SC","212607","14","965","974","0.02"
"5b07547f10dd980738a1a27f685af669","SP","113460","13","1321","1012","0.01"
"128f9bfbe4c7d5185033914b1de3d39a","SP","126739","13","1249","1012","0.01"
"9d7a1d34a5052409006425275ba1c2b4","SP","105482","13","1365","1012","0.01"
"8629c241b3622ac12cd4118afdc8d394","SP","116766","13","1303","1012","0.01"
"36890be00bbfc1cdb9a4a38a6af05a69","SP","136130","13","1198","1012","0.01"
"8ff1a9df749e454105c55cda13e79143","SP","140060","13","1181","1012","0.01"
"d101c6da914ae3d53f7bee42283f2fe2","SP","129740","13","1233","1012","0.01"
"5abb8ea023c77787f2c15da891c8d384","SC","224100","13","934","1012","0.02"
"5f67c6082caacb26e431a7b17940cece","PR","166260","13","1084","1012","0.01"
"c26a2be5b53b7db6b276280da212a779","RJ","748200","13","392","1012","0.06"
"8f78f0903005064036736c7173a5c2ed","MG","211370","13","967","1012","0.02"
"768de2a4fc06aacecb9a586ccc30746a","DF","44270","13","1866","1012","0.00"
"9d681c7e12db302cb261e721040dde65","PR","78560","13","1541","1012","0.01"
"02dcd3e8e25bee036e32512bcf175493","MG","134190","13","1209","1012","0.01"
"3ca08eeb8d5595949fed424bd3677742","PR","168888","13","1074","1012","0.01"
"0ac4201fda2c68ebc0e47cb9423cf3c9","SP","167688","13","1080","1012","0.01"
"2f74af7a0ee5636f12c2336f9fffed47","SP","56070","13","1739","1012","0.00"
"13074f016982ff2bd6c58ced8682f000","RS","197700","13","1002","1012","0.01"
"df91910b6a03bb2e3358fa6a35e32f6f","SP","209320","13","973","1012","0.02"
"a8739afb32aaa45e01815ca76f76f54b","SP","29883","13","2087","1012","0.00"
"c3e1abd72a42fe690fcd89cf5720fe29","SP","179861","13","1044","1012","0.01"
"655220df33262c7e0c4949a147366f94","SP","224500","13","931","1012","0.02"
"9d5604a1f112324ad6b2aa552122e0fb","SP","42150","13","1887","1012","0.00"
"a2deecd5398f5df4987110c80a1972a3","SP","62381","13","1684","1012","0.00"
"00720abe85ba0859807595bbf045a33b","SP","100750","13","1387","1012","0.01"
"373ee4a3a775a733770ca3f790b8b9ac","RJ","214149","13","960","1012","0.02"
"596849622429351f47b32e6cae1055ff","SP","106980","13","1356","1012","0.01"
"2d518637f53161b973e01f56ea4bb88e","SP","121989","13","1268","1012","0.01"
"c2d70ce2c5d0a2eb75e78668236e6dc8","SP","247090","13","893","1012","0.02"
"51702dc2a3e106c76dbff722b5bf0726","SP","270510","13","851","1012","0.02"
"7c4618c82226628831613e95e9c22f44","SP","33393","13","2023","1012","0.00"
"6e864f5c4669eff3d98140a07cc50202","SP","74059","13","1587","1012","0.01"
"6f229cc508fc6915ed5c499efd93baa4","RJ","265480","13","862","1012","0.02"
"0417b067eeab773d2f7061a726dc477f","SC","185918","13","1024","1012","0.01"
"562f8cfc51f265411f487d07e9c40e7f","MG","76692","13","1565","1012","0.01"
"caa9bc43a9fe8cf9c564ddd8a03cc4a6","SP","80387","13","1519","1012","0.01"
"1d503743d2526f03f0c2c89540ee008c","SP","51604","12","1783","1048","0.00"
"54065e9aef7e9e9c2dc23b7594db021a","RJ","707900","12","420","1048","0.05"
"e2c92f9c1c7746d899d18f2e158bbff7","SP","164190","12","1093","1048","0.01"
"ccb83a794700270fde70898fe9ff368b","SC","1106200","12","261","1048","0.08"
"cd3d09fbe6e3e9ff0c0ac0c300e93ae7","SP","65104","12","1658","1048","0.00"
"985c92cc412091f8529c12d7f23d3fef","MG","136850","12","1194","1048","0.01"
"bd15ee794d5e640d9dd71b665b2ab15b","SP","37480","12","1954","1048","0.00"
"70849ca4f400aaabb62cb7462a6f1428","MG","90958","12","1444","1048","0.01"
"21e83881401b92b49fb09a16d3852291","MG","310906","12","786","1048","0.02"
"557f22c76691849db52d2abccf0015d0","GO","79987","12","1524","1048","0.01"
"e1dc0754bada9ee4cfe9713f22f61292","RJ","88500","12","1457","1048","0.01"
"e64d65bc8dbec2accda90c58de5d1246","SP","167880","12","1078","1048","0.01"
"9906e7aa42a3c067b7c9a564d01c4320","PR","261900","12","868","1048","0.02"
"d6ab728cf30867cf3f1a2e216ae2f9b7","SP","200200","12","995","1048","0.02"
"8476243f92442881ddd5b578975cf115","RS","783800","12","370","1048","0.06"
"1d29dfba02015238dfbe2449a5eaa361","MG","61280","12","1692","1048","0.00"
"1dcfa3835714681d4ba4a93bc1e0fd41","SP","118660","12","1292","1048","0.01"
"3969863bb8af7f72580b3b1ffd3a17b3","SP","62315","12","1688","1048","0.00"
"257e61d3251fb5efb9daadddbc2cf7ca","PR","772900","12","376","1048","0.06"
"5b51032eddd242adc84c38acab88f23d","MG","328000","12","767","1048","0.02"
"1660ad786c27fd935378b6192a90b417","SP","157000","12","1117","1048","0.01"
"968268a686aa05d1f529fb07dff08130","SP","467729","12","586","1048","0.04"
"b8630e1121437d41cb08e3c749c2c2e2","RJ","698800","12","429","1048","0.05"
"d93844a9c55ba7ce353388bcf849ea56","PR","270850","12","850","1048","0.02"
"0747d5bb69f0586cc869d8af4c50f93e","RJ","32280","12","2033","1048","0.00"
"40db9e9aa57f7bb151bcda6b0f9bdbb7","PE","2316800","12","108","1048","0.18"
"41ab63a91b8b264e8c8780368bf1dd5b","MG","257195","12","878","1048","0.02"
"c37b2059d4f90d4feead554e5246565e","SP","83930","12","1492","1048","0.01"
"97512d3fc193b2d1dfcdba0f9d1f0f8a","SP","145887","12","1160","1048","0.01"
"ecccfa2bb93b34a3bf033cc5d1dcdc69","PR","112085","12","1324","1048","0.01"
"1c5e4e49b9079480255b49d50aac1aa9","SP","1017311","12","278","1048","0.08"
"08d0949a9a17c027262db1f3c450c26c","PR","32480","12","2030","1048","0.00"
"26e2c91ef821e1ff8985f408788fe35b","SP","164940","12","1090","1048","0.01"
"4324dd16853115efb0fd9d0d131ba6f4","SP","105225","12","1367","1048","0.01"
"5d9dc90a686a8fddacffab6bab5653a3","SP","376194","12","697","1048","0.03"
"7357b52d27cbaa90f81a96cbc1279396","MG","132802","12","1214","1048","0.01"
"e256a62e0ac58c0edfba09966142d561","PR","147411","12","1153","1048","0.01"
"d1c7fa84e48cfa21a0e595167c1c500e","RS","115603","12","1307","1048","0.01"
"a1474fd46fd3430168f7ec202da39408","SP","275250","12","837","1048","0.02"
"02c988090b766852e088c69d7fb3b551","SP","156437","12","1121","1048","0.01"
"0a85ebe4e328db81ac9109781205e2f7","SP","66790","12","1646","1048","0.01"
"5b85809efd0d0e4dea1a9544e1280ed9","SP","180460","12","1039","1048","0.01"
"2c4c47cb51acd5ea5db5e0ae0e26542a","SP","257590","12","876","1048","0.02"
"49e7217cfe4e427191c378ec626d8737","MG","286880","12","821","1048","0.02"
"c510bc1718f0f2961eaa42a23330681a","SP","1014100","12","280","1048","0.08"
"62c50c1af4dfdc4149d25c5222043d39","SP","232583","12","922","1048","0.02"
"6b333a05bf188ef3e1f1662a86bd9855","DF","399091","12","661","1048","0.03"
"bbaff50f3b708fda865918715276cd87","SP","44970","12","1860","1048","0.00"
"da6a60cc8cc724fe51be021ff8be779c","RJ","72879","12","1601","1048","0.01"
"08084d990eb3f53af056ccbc1730c8a7","SP","37250","12","1957","1048","0.00"
"c3acdfac4e3e97ff87529454fbc03642","SP","1678800","12","150","1048","0.13"
"2059c39f76271d4ca3f15b5ffaccc8b8","PR","60490","12","1697","1048","0.00"
"0887a9f087bcd5d9f6642b52f897fc6c","SP","164200","12","1092","1048","0.01"
"26d6bbee02420494d471c9f6436929c0","PR","43451","12","1872","1048","0.00"
"5b0cc932433fa5184b5b94bfe6bcc256","SP","143780","12","1170","1048","0.01"
"2addf05f476d0637864454e93ba673d5","DF","455200","12","599","1048","0.03"
"abc015ebac1d283a323ca9db35ede4b9","SP","110680","12","1331","1048","0.01"
"acadd4d36859671cb635527c6c977533","SP","238100","12","909","1048","0.02"
"cfd7ddab722b902f7ac5b5f3ba6d723d","MG","338503","12","757","1048","0.03"
"ec80e49e69745ab6c14f984bf2149423","SP","370900","12","707","1048","0.03"
"6d22a1fcebb6dd08c9cd90b92a93e8d0","SC","72370","12","1605","1048","0.01"
"bd1d49a326abfa9b1036772e40445430","SP","63770","12","1674","1048","0.00"
"f52c2422904463fdd7741f99045fecb6","SP","56779","12","1737","1048","0.00"
"04aa0a1c5ce6b222003403a3e11c3cc0","SP","551800","11","517","1111","0.04"
"c4fabeea6e569d42d02993bb1f4f1cbc","CE","85930","11","1473","1111","0.01"
"d4e4b5192cba4e0e66eb12a9d347239d","PR","43190","11","1873","1111","0.00"
"9df5750209b83567ec144eb299d7d634","RS","491700","11","563","1111","0.04"
"bc07d855eac23aab5ac8a120f21d16b2","SP","120262","11","1281","1111","0.01"
"89f69225956f951295ca4c7fb1266553","RJ","104130","11","1373","1111","0.01"
"0249d282d911d23cb8b869ab49c99f53","SP","39300","11","1930","1111","0.00"
"5b581417df4480f632484ba681e53944","SC","164160","11","1094","1111","0.01"
"47efca563408aae19bb7206c2d969ea9","PI","238300","11","907","1111","0.02"
"31ae0774c17fabd06ff707cc5bde005f","SP","671985","11","446","1111","0.05"
"c9a06ece156bb057372c68718ec8909b","DF","384900","11","682","1111","0.03"
"cb5df0dcb9e280b1780e9d589889f2c7","SP","161488","11","1102","1111","0.01"
"7a2d2949aea47fab95fd98d6c9f618b1","PR","163899","11","1095","1111","0.01"
"a23266650e7c84bb93fbbba502137478","RS","151240","11","1139","1111","0.01"
"4ba52dfeba874da5b9ee7b17c7494f04","SP","146300","11","1157","1111","0.01"
"014d9a685fd57276679edd00e07089e5","PR","72988","11","1598","1111","0.01"
"403aa86912527d730337ffcb0fb096ab","MG","895989","11","324","1111","0.07"
"141440cad9341e553f8401c574a2aa38","PR","128820","11","1237","1111","0.01"
"817f85dbb65aa3e70831d90fe75cdf89","SP","155227","11","1123","1111","0.01"
"8e2b3afb420011ef0c88c9d5f11ea526","SP","138450","11","1188","1111","0.01"
"77fccaae319668a8ab6cd0fd16aec48c","RJ","166700","11","1082","1111","0.01"
"788e857f317e53de488d393e65a80f45","SP","121000","11","1277","1111","0.01"
"ff4e2d38692ce827b1a4f4b8196e680d","SP","51890","11","1777","1111","0.00"
"cb41bfbcbda0aea354a834ab222f9a59","SP","379200","11","689","1111","0.03"
"63a79f5a7eb5cb48a7e5787b141c7993","MG","81510","11","1510","1111","0.01"
"f08a5b9dd6767129688d001acafc21e5","RS","1406963","11","183","1111","0.11"
"d9e7e7778b32987280a6f2cb9a39c57d","SP","72250","11","1606","1111","0.01"
"87b740daf17b5d1be335a64164ec6842","SP","1209989","11","232","1111","0.09"
"1cbd32d00d01bb8087a5eb088612fd9c","SP","104547","11","1371","1111","0.01"
"39c763cca83e654764b7a4a650fb9b7c","GO","76100","11","1571","1111","0.01"
"082e0bf4cb865a6533b1e8e498cc0255","SP","207330","11","977","1111","0.02"
"165b1235e9e9942cb5fae67103576fb0","SP","208515","11","975","1111","0.02"
"723cd880edaacdb998898b67c8f9da30","SP","213653","11","961","1111","0.02"
"b080809eaacb49e5ca07290981472431","MG","42400","11","1881","1111","0.00"
"d17f467e4bf608a510c20d82f4ba3b6b","RS","296378","11","806","1111","0.02"
"d4910f1cdcfdabd48d6b316e395d4a23","SP","114688","11","1313","1111","0.01"
"6f83d9e4da896daae20b9b6b2d3ff8d2","PR","76519","11","1566","1111","0.01"
"058cb5aeb36d7c0fcae20fc85d5e0a59","RJ","123600","11","1264","1111","0.01"
"512d298ac2a96d1931b6bd30aa21f61d","RJ","740194","11","399","1111","0.06"
"8ca1551acf9832a4cf467bbbac15851f","PR","217640","11","948","1111","0.02"
"c5f7feb04a6a1fb3596322bfc3cf1917","SP","172060","11","1064","1111","0.01"
"9803a40e82e45418ab7fb84091af5231","GO","427875","11","625","1111","0.03"
"eb4df17aed01d918c65f0f8d650900c0","SP","373987","11","702","1111","0.03"
"d4ffeb15b67e81ff9af2b4252d99fb7e","SP","140040","11","1182","1111","0.01"
"a369d693961cb93b61ca2cc518872a85","SP","259700","11","872","1111","0.02"
"334cab711dee080b079fa5779b584783","SP","106970","11","1357","1111","0.01"
"1b7e5006cb25dd23ce8686691013b121","SP","263674","11","865","1111","0.02"
"17908cf9b444ee34047cadd5c0f4a516","GO","199399","11","999","1111","0.02"
"7586919161935337bf6b6d7ff5779648","RJ","166471","11","1083","1111","0.01"
"91f0eec23d4a61d7d7caeefa3f0ad1ca","SC","219080","11","944","1111","0.02"
"e627629ba868740e287800f1a9be81c2","SP","33710","11","2016","1111","0.00"
"7b7f91e98f8c6def45a1407923304402","SP","41747","11","1893","1111","0.00"
"659e8466eb3ff1b0e8740d74fb7bbedd","BA","148680","11","1145","1111","0.01"
"670a9dda115b5a88b18cfadee8de2332","SP","91890","11","1438","1111","0.01"
"b55638ad525e906c698fa2ce742c1742","SC","109480","11","1336","1111","0.01"
"d1b9d4be4b6f9ebd85f8acd6745ba612","MG","115435","11","1308","1111","0.01"
"6ddc28b61be28373b4503a1f61cf98a9","SP","173290","11","1063","1111","0.01"
"bc302730ea8cf49b5c74f579febb5bbf","SP","264090","11","863","1111","0.02"
"4be6b962d83299498bae2190f95d6566","SP","50880","11","1792","1111","0.00"
"5011f0d93373a4c5753adf58ca77af8d","SP","85952","11","1472","1111","0.01"
"236585a4ddb5fea9fa40233e2249ed91","RS","64953","11","1663","1111","0.00"
"3f8034bfc6b8b4135534975d49f04c63","PR","127390","11","1247","1111","0.01"
"4677a5437afda5fa7140b927b07be1cc","PR","341570","11","754","1111","0.03"
"cb6c9f5888a7a090c75beaf615925792","ES","77989","11","1553","1111","0.01"
"66fd84ee7528c0c0de85d0f44a73d5ab","RS","143811","11","1169","1111","0.01"
"f0e103c63864d5405b958d984b6e94c9","SP","95170","11","1423","1111","0.01"
"01bcc9d254a0143f0ce9791b960b2a47","GO","139321","10","1186","1177","0.01"
"41b86b552e54e3a7009596125aa8b167","SP","159530","10","1109","1177","0.01"
"59cea8e446d3834393058e7e0666b6fb","PR","69660","10","1624","1177","0.01"
"5a6a02f419701fc8c605af71d4fc57a4","SP","60050","10","1700","1177","0.00"
"f8201cab383e484733266d1906e2fdfa","SC","88900","10","1455","1177","0.01"
"b127efdabeffb5d559349c7b172eb75d","SP","30850","10","2063","1177","0.00"
"59cd88080b93f3c18508673122d26169","SP","39233","10","1933","1177","0.00"
"2aa3443d7bf9d9bb11133f420d75e083","RJ","64700","10","1669","1177","0.00"
"5f7300535881cef3b625fd683cf7d145","RS","66598","10","1648","1177","0.01"
"fb3cfbc8a86f5d7fbb4d36b8df63f60d","RJ","100730","10","1388","1177","0.01"
"fe701d88b67eaca109dffd464d1be9f9","RJ","135900","10","1199","1177","0.01"
"ad273c9eb54ecb4532de4bf75bae9e4e","PR","64500","10","1671","1177","0.00"
"cbf09e831b0c11f6f23ffb51004db972","SP","153520","10","1129","1177","0.01"
"b2c97074649f92197d9387d9033dda5f","SP","68471","10","1631","1177","0.01"
"e9c6969d40e6a3d2d0f90013165c2b98","SP","523998","10","535","1177","0.04"
"26af45f5dfd967225a832838aa4e24a3","PR","57310","10","1727","1177","0.00"
"3fac58ce0ad699020c7944d53c41329c","SP","124495","10","1260","1177","0.01"
"6bbcb8924baf70b7fe2fe2097e8cd407","SC","238250","10","908","1177","0.02"
"851773c885feb5e2da3b4f82bc2b17ce","SP","58530","10","1718","1177","0.00"
"8603f0038fe0e52fedd3382d266723de","SC","235500","10","916","1177","0.02"
"f44b6f775a2b390380e0e30b5c9d3eee","SP","293000","10","813","1177","0.02"
"f5f1f2c5f923f36ad79ea1d07185ddc9","SP","151777","10","1137","1177","0.01"
"54583ab379489add547fe47b628db589","SP","224000","10","935","1177","0.02"
"0ff83046c3fa22efee8ecf291888b191","RS","76890","10","1563","1177","0.01"
"5ab05b6d86d417796c69ffd6774ec832","SP","188610","10","1013","1177","0.01"
"f9903dd0f812c7e771fcad47b6fff231","SC","168485","10","1075","1177","0.01"
"cac63f48c38cd7d002a7e846dcd99a23","SP","87400","10","1464","1177","0.01"
"68f86ba270525243e68ae74044f992b9","RJ","77750","10","1557","1177","0.01"
"9dd59e43f0c9f0553244e8f9c2fb247e","PR","35630","10","1982","1177","0.00"
"d7485b33791774c36108f8c69602d48d","PR","39982","10","1919","1177","0.00"
"bb7a14e229b1c95156719c3d9552eeee","RJ","276020","10","835","1177","0.02"
"1b1ae47a313a825a7ccceb8e2e30fa9d","PR","218400","10","946","1177","0.02"
"5075aaa8404020ae6aa8bf4792099b41","MG","157288","10","1115","1177","0.01"
"5ef131ac72773e5b3f6c0d63cf424657","SP","57579","10","1725","1177","0.00"
"615005a3ef192c00c6f0e977cee3d2bc","SP","28650","10","2111","1177","0.00"
"c6a7539d424a8402232c2228d7a03c5e","SP","60750","10","1695","1177","0.00"
"fdaaf5bfda82b7b80535610c831b8d09","SP","258890","10","873","1177","0.02"
"cb9fb4ca75d7ba8437480e8dde64fe98","SP","53214","10","1764","1177","0.00"
"f435898e493ba0356019a0b1cb8b55b1","PR","64976","10","1662","1177","0.00"
"5b2e94f2c22b39ccc24d34ad0f669672","SP","94978","10","1424","1177","0.01"
"8bdd8e3fd58bafa48af76b2c5fd71974","SP","213583","10","962","1177","0.02"
"aac51c486b672a9850d59f3e84b1cf88","SP","72828","10","1602","1177","0.01"
"b16d3dadc47d4eb18be3d88bad0775ce","RS","72210","10","1609","1177","0.01"
"6806dad1da97bfb5a9038eac6881f706","PR","147700","10","1151","1177","0.01"
"9c690ceacd5c66731bf443ea810195cb","MG","87180","10","1467","1177","0.01"
"3d2531eccfbde1d7c8db7a3a12fb267a","MG","199954","10","996","1177","0.02"
"431050a06a317f2b38168dec3dcd2b46","SP","137000","10","1193","1177","0.01"
"2f4b0d3b9634b647d4edee577d7ebb7e","SP","33790","10","2015","1177","0.00"
"e504a4e2efaa45cbff7e268a2c58c956","SP","108890","10","1340","1177","0.01"
"acb6c2ca5c82411c1fdb88d5fd5eb95e","SP","41388","10","1901","1177","0.00"
"c5f7e746b7e6d07def6c0dae9903279b","PR","142900","10","1173","1177","0.01"
"ffad1e7127fb622cb64a900751590acd","SP","88430","10","1458","1177","0.01"
"d32e3909cfb714fb2a6cb092c85b9c5f","SP","282790","10","826","1177","0.02"
"b9a03475e6447e631b6799ec8274800f","PR","134910","10","1205","1177","0.01"
"a13580f0e8f782b7a543885a0ef99f08","RJ","130490","10","1228","1177","0.01"
"226b05fe067266c59c15dae208213d06","PR","105690","10","1363","1177","0.01"
"2d42ebcda99fd55f6f4bc2f1ca035d50","GO","92150","10","1436","1177","0.01"
"5f26c1408a65b42a7224cd463bdf3292","PR","113980","10","1319","1177","0.01"
"1690cada046eb7e92c12f98b1f8a8167","SP","176000","10","1055","1177","0.01"
"ade45994b717ccee333492330fbf037b","PR","719600","10","416","1177","0.05"
"9d39404483343dd55c7ae254494d8388","SP","29320","10","2099","1177","0.00"
"89a51f50b8095ea78d5768f34c13a76f","DF","67716","10","1636","1177","0.01"
"525e75a6fb1454a2325ab1734bcec221","SP","60717","9","1696","1239","0.00"
"3c3017960b2dbd72711a61f0400aab8f","SC","87890","9","1460","1239","0.01"
"3d0cd21d41671c46f82cd11176bf7277","SC","44780","9","1862","1239","0.00"
"134a288e7de827ec5ec62e3ec9c3a295","SP","87745","9","1461","1239","0.01"
"457fe919b032a3f7dadba6fb92cf7855","SP","110489","9","1333","1239","0.01"
"8c5e007d7bd5693fa1386ffefbc99f6c","SP","102911","9","1378","1239","0.01"
"c64a2aec32cc408a8a4c6d7c46017f91","RS","322150","9","773","1239","0.02"
"f9ec7093df3a7b346b7bcf7864069ca3","SP","51920","9","1775","1239","0.00"
"9449f25aeaf531019b76999ea49a6949","RJ","197955","9","1001","1239","0.01"
"95b293867b5862941c9cd74f756a3c68","SP","64810","9","1666","1239","0.00"
"b2eecf5ea250510da76590ca79d60e5d","SP","106000","9","1361","1239","0.01"
"d3dcf0604eabf0224fbd5948b5e02f69","SP","290230","9","817","1239","0.02"
"b87a7ea0c30fad2dd6781b74a0064859","SP","51540","9","1784","1239","0.00"
"ef30892870c278497523264be1be2241","SP","78320","9","1547","1239","0.01"
"daf565f087a52def0fd5c5825b3661bc","SC","81390","9","1511","1239","0.01"
"f5f46307a4d15880ca14fab4ad9dfc9b","SC","142294","9","1175","1239","0.01"
"1bb3812d5f0747a3ab7348f199001a10","SP","83440","9","1499","1239","0.01"
"03a2a6dcbe45d639c4dc2a0d24769c40","SP","107841","9","1349","1239","0.01"
"0b18d63d0cd1d723567903fd34a07df2","SP","167814","9","1079","1239","0.01"
"5c3460cd3e8a984382ae254e7dd20d9f","SP","77576","9","1560","1239","0.01"
"48fb026ed7455a42f5d3e9390ed5088e","RJ","48973","9","1812","1239","0.00"
"7210cd29727d674c00741e5e387b3ccd","SP","72909","9","1599","1239","0.01"
"c7fdb77fdbff3c41981bc52f787e959e","SP","65848","9","1653","1239","0.00"
"ea65d8b58316a6f2362f2a9e4b3e86ad","SP","206140","9","980","1239","0.02"
"bafc5aa11e413978be29040f51342e70","MG","167955","9","1077","1239","0.01"
"a0415d9b25ede3c4b1e477e9916ffc03","RJ","354420","9","737","1239","0.03"
"508808d438fe2ff972ed13bb8f4a82e2","SP","23484","9","2205","1239","0.00"
"05a940b4ecae36cadfd8e93bd9c43257","GO","69510","9","1627","1239","0.01"
"3f0e48d209018b466fcd3bb4ccfeb520","PR","539900","9","521","1239","0.04"
"2dcf93836ae3ce0d7c93e2f10876467a","SP","144380","9","1166","1239","0.01"
"7813ea3ebd9411dc600b4dd01f7a97b9","SP","159940","9","1105","1239","0.01"
"d29ba1220fb8634fa3a107e54497b8a4","SP","72494","9","1603","1239","0.01"
"f12d3c2a14729ae461b920c11fe20fdc","SP","36445","9","1967","1239","0.00"
"f326006815956455b2859abd58fe7e39","SP","314716","9","782","1239","0.02"
"d9e8c084b68fe958861d8f2c21202e6b","SP","305000","9","794","1239","0.02"
"33d677f27a69b84051204ee4ae76eaca","SC","16500","9","2380","1239","0.00"
"1cbd50a8c52e6cf8e315c5709fab386f","PR","78597","9","1540","1239","0.01"
"039b29ff3b3473435d0cd59040575de9","SP","11490","9","2561","1239","0.00"
"1e483cc5c76fef08d3ca05f9a8af7d01","SP","16609","9","2377","1239","0.00"
"07de60b03d150fb3ea09eab5da5e4c8b","SP","71910","9","1612","1239","0.01"
"402916f742e5c740cc751493d9cf5053","MG","125200","9","1258","1239","0.01"
"13fa2a6c6b9d0f43cb588d7c82117a12","SP","452800","9","603","1239","0.03"
"c24173065483e421f9e5e7f599de101d","SP","37391","9","1955","1239","0.00"
"fec6275253471ace26d209bbaa64cd0f","RJ","284000","9","824","1239","0.02"
"b0b346d3a89f5eb4c2968af3f083cd43","SP","46900","9","1830","1239","0.00"
"b18871c324516afa228a13e8f1ef0ae9","SP","106460","9","1358","1239","0.01"
"ead2bab70821ea148476ae9bc08548ac","MG","41210","9","1903","1239","0.00"
"b8578d2d823bd8e251f6fdd02b40902d","SC","125560","9","1256","1239","0.01"
"e1b12447a7563944843191754aeb5562","SP","47246","9","1826","1239","0.00"
"c878515173c84a492ebe50d6b493230b","PR","111884","9","1325","1239","0.01"
"ae45df84722b1d15c5f32b23a095746c","SP","90183","9","1450","1239","0.01"
"6c99c983ce3b6ba0ab813e6790e81691","MG","54675","9","1753","1239","0.00"
"1996942dc085d7773ba77a529b163cd0","SP","238352","9","906","1239","0.02"
"0bebbb2cea103a4a020c95d43fd7d754","SP","136720","9","1195","1239","0.01"
"5eeb9c756d9780b96283e5a2ac6da334","SP","247100","9","892","1239","0.02"
"de9727ca376d1be6ec121b110aa7954c","PR","99780","9","1395","1239","0.01"
"fac1a9017ade7bdc94058fc1c969f355","SP","201084","9","991","1239","0.02"
"c840d3fdbba0790404fdae73d253b253","PR","452228","9","604","1239","0.03"
"973f21788dfab357250f69a8dcb7ddee","MG","81900","9","1508","1239","0.01"
"d1582f4043306e6b91afa6a8a884f898","SP","99000","9","1401","1239","0.01"
"7fdb0720c8d7c9075538b365dc8c3a22","PR","180400","9","1041","1239","0.01"
"b6dc74ed30f124f95227bed4e43a3bed","PR","38756","9","1945","1239","0.00"
"9e6967d3cf386d284251784b18ccb485","SP","51767","9","1781","1239","0.00"
"6eb94e1466490d327a09abf8f3552a50","SP","137295","9","1191","1239","0.01"
"1acde099eb406aa220b1169b188b42da","SP","31110","9","2054","1239","0.00"
"2379bdc3888025689a9deb7b141507d5","SP","99950","9","1392","1239","0.01"
"0ddefe3c7a032b91f4e25b9c3a08fca1","SP","40290","9","1917","1239","0.00"
"5ee7fd217d08dfe5d3e2f51f96a12c9a","SP","116550","9","1304","1239","0.01"
"8d46553a36e68f95350a200c12f8f2e2","SP","66000","9","1651","1239","0.00"
"c500367424994318b9e779ff1ae9a330","SP","434640","9","622","1239","0.03"
"fe1bbc5feda5c8979a8a1b3b2512d5a6","MG","72472","9","1604","1239","0.01"
"9539213aa8e023c01937bef95dc006da","SP","22910","9","2213","1239","0.00"
"f35b3c613c4f7b2275f4185d0a3c59ec","SP","404725","9","653","1239","0.03"
"c0098efcf800861dcae589affca31408","SP","118928","9","1289","1239","0.01"
"01c97ebb5cdac52891c0ed1c37ba0012","SP","57750","9","1724","1239","0.00"
"2fdde51ad3e12f297da656d4fbd5d0b5","SC","580300","9","502","1239","0.04"
"1782ce2db72c3dda627d5e7c898104e1","SP","201080","9","992","1239","0.02"
"e8dba4d70f7f2b20e775d09cae01142d","SP","85591","9","1475","1239","0.01"
"ea6b12bf9ffe2bac34602ec631d97a47","SP","104730","9","1370","1239","0.01"
"eb3071b9f0b0ddaa2df5ea130f09f26b","SP","623000","9","481","1239","0.05"
"6b9b80d53ba3676eafe60268a810b5a1","SP","78370","9","1545","1239","0.01"
"85cc55e048b6bcc90c75afe7f0e72f72","RJ","30828","9","2064","1239","0.00"
"a1bea7061f61f6fdd9a85a6325ba1033","SP","81095","9","1513","1239","0.01"
"1976a05ecf2996d6ffb7b5430e635fe7","SP","179620","8","1045","1322","0.01"
"3492e68f37fd1df87f4f2f2ea247f445","SP","78786","8","1538","1322","0.01"
"4eb61f060e7dcc1d5a80d806c35cc541","SP","131300","8","1221","1322","0.01"
"404e1ba01358af4cd63f679b2c4d1fa1","MG","37390","8","1956","1322","0.00"
"57fe6232e67823593374a2281d7a8af8","SP","17868","8","2345","1322","0.00"
"27a56ff04b34c2ba34ce6ba4d3b9d616","SP","34929","8","1998","1322","0.00"
"c33a5c3c983090c8b78a28e65052a20d","SC","55920","8","1742","1322","0.00"
"b5abf4f36adc043117b4fca82c22984c","DF","80310","8","1520","1322","0.01"
"9bc484c87d79cd4874e05ca182658045","SP","97000","8","1415","1322","0.01"
"b8114f2f589a6804810f04f99b36b498","SP","139962","8","1185","1322","0.01"
"32fdd5d44ecb43dfd6a24b9369eca144","MG","47920","8","1820","1322","0.00"
"1dd33b8119b3cb1056ed5dc88cd0aaf4","SP","151300","8","1138","1322","0.01"
"55dedd83e501d8248880557d9073cbfd","RJ","105530","8","1364","1322","0.01"
"577719699805dd125d5b6fdde5943bba","RS","107780","8","1351","1322","0.01"
"297d5eccd19fa9a83b2630071ff105e4","PR","83497","8","1498","1322","0.01"
"13c2ed7698b3ca92dad49e849219da59","PR","49861","8","1801","1322","0.00"
"15fa791d5e017f66402dc28c44480657","SP","180200","8","1043","1322","0.01"
"ffff564a4f9085cd26170f4732393726","SP","35900","8","1979","1322","0.00"
"7bcd7c5f8631701474db233ccf1c094b","SP","41900","8","1889","1322","0.00"
"6562efe88ce0826a4ca4f189f03b4b84","PR","107600","8","1353","1322","0.01"
"8185694b58b2ba6de20fd41ae608bbea","SP","137230","8","1192","1322","0.01"
"6b89abe95848c850399130d149a39b63","GO","113520","8","1320","1322","0.01"
"f25e239052084705e17a982bc600ab2a","SP","738000","8","401","1322","0.06"
"bd149ed516d4c5d418d5781f8e18919f","SP","41400","8","1900","1322","0.00"
"89de2d6f23e9746ff309705b23581faa","PR","34000","8","2012","1322","0.00"
"2009a095de2a2a41626f6c6d7722678d","SP","38889","8","1942","1322","0.00"
"3d4824f20035949c710eaf111f869d39","SP","44997","8","1859","1322","0.00"
"41b14765bd56c8ad10971074380f9c0c","SP","39550","8","1928","1322","0.00"
"10ff823eda2b032e2c93d17a7d294736","SP","114498","8","1314","1322","0.01"
"455c5640e8c5bd1b2ee85c0158f85727","SC","672950","8","443","1322","0.05"
"c990d6cf976a5718aaedc539f383ab88","SP","18310","8","2322","1322","0.00"
"c6218512d16fcac0af02fe92691cf274","MG","67400","8","1639","1322","0.01"
"ff4ea69c2a729e83e63c7579e4ef8170","SP","636800","8","472","1322","0.05"
"ae8bfdbf1c2a2a2dee92d799db0a31c6","PR","33992","8","2013","1322","0.00"
"e8a85b5f3df47be0984c55fd4064dbb4","DF","74300","8","1586","1322","0.01"
"d0d70d21e2234dd7cd3cf63fe414148a","PB","59840","8","1707","1322","0.00"
"a1544b9ea0b2390e020537d4daa89049","SP","84120","8","1490","1322","0.01"
"dace965ca58120f92f8d742a9fa1864b","SP","144200","8","1167","1322","0.01"
"a2fa0bdc798ee84cdb08281337cf4fb6","SC","35486","8","1987","1322","0.00"
"a478c7961d6a992065b24e63b366f90b","SC","128150","8","1242","1322","0.01"
"3968920b9aa752ab98f7d5888c9252f2","SP","52330","8","1770","1322","0.00"
"439a47cc365d6e3bd526812ea9de3c29","SP","118650","8","1293","1322","0.01"
"2d2322d842118867781fc737e96d59a1","SP","17640","8","2349","1322","0.00"
"5e105f5c9f63f5f1fd75d6cb942e55b1","SP","147190","8","1154","1322","0.01"
"8f580d36c1e9d6fbce95283403c7d447","SP","481325","8","573","1322","0.04"
"e83c76265fc54bf41eac728805e4da77","SP","23730","8","2200","1322","0.00"
"b3f19518fcec265b2e97af287725f981","SP","44492","8","1865","1322","0.00"
"eb72802c83dc7547529c9546d1a9b8ef","SP","106392","8","1359","1322","0.01"
"67225bff54a172ff67579aaf583efd78","PA","123800","8","1263","1322","0.01"
"81783131d2a97c8d44d406a4be81b5d9","SP","76184","8","1570","1322","0.01"
"a5259c149128e82c9d6d46e0c1c812bb","RO","118226","8","1296","1322","0.01"
"4d0041cdbe51b4617d95c70b19decc74","MG","523520","8","537","1322","0.04"
"4e8dacf3d38f281ae26c3e0321d92d88","SP","205546","8","983","1322","0.02"
"38102b031c2a15e54623d711bfc753d3","CE","41800","8","1891","1322","0.00"
"04fdea0c111866e6cf812f1570d6b5bd","SP","86500","8","1468","1322","0.01"
"3a490ba60afa30ece0e7d50cfe74a4f0","MG","152920","8","1130","1322","0.01"
"3d39fbf22a665714baf62fae36029e23","SP","250420","8","884","1322","0.02"
"293dee954235e4e4e43f129313625ebe","DF","177892","8","1049","1322","0.01"
"ddd51ae8cda92f3995a51fc0f0f3eec7","RJ","84270","8","1488","1322","0.01"
"8c0de775f52fe41590b376a3b7c50f68","SP","59480","8","1710","1322","0.00"
"7b98de631987e26dd6d803490c43a13c","PR","63420","8","1676","1322","0.00"
"ec933281fb017b5020d06df29c3f77e8","SP","143200","8","1172","1322","0.01"
"f1b93673502375d491780bb49d615dbc","SP","263893","8","864","1322","0.02"
"f22a247b79dd22ecd91dc8e3b2a1b07c","SP","43994","8","1867","1322","0.00"
"6e0908ef4d4efadbc3cc2b74ea477cb0","RJ","58945","8","1712","1322","0.00"
"a36ac007a4d18f865c8d32c3b2402c2d","SP","122979","8","1266","1322","0.01"
"34f563c82a85b99ae9e6d60db5fc2e28","RS","233230","8","921","1322","0.02"
"034b9387752bfa309f350a70cd45ffa3","SC","9600","8","2611","1322","0.00"
"538caafddff204241cecbf3a02e6b3cf","SP","12840","8","2507","1322","0.00"
"4091f77d8c768fc3e81c20761471761d","SP","107900","8","1347","1322","0.01"
"49383af7ab774e4e8f3000f49c83dc4b","SP","66000","8","1651","1322","0.00"
"c35affa65afd250151285c5917fc1c8a","SP","477992","8","579","1322","0.04"
"e250d617a0ad591ba9bd663e584a895d","SP","90412","8","1449","1322","0.01"
"e88c9b79e592e370d6bd852eeefbf057","PR","25187","8","2165","1322","0.00"
"d94ba08b99bedd6a5f6c875ecc4a6fac","PR","53910","8","1758","1322","0.00"
"70b52a4cfc823994561b00bad161b4ed","SP","58500","8","1719","1322","0.00"
"8a9260f2b0340411d6d2a56bcf4f7378","MG","125600","8","1255","1322","0.01"
"3d621842b2ed28e2b474132480edac3c","SP","87393","8","1465","1322","0.01"
"3e8bd881d92466e63ba9e3e809cd3c50","RJ","186238","8","1023","1322","0.01"
"579891617139df7d8671d373f0669622","RJ","28030","8","2119","1322","0.00"
"c1ed9e3daf6154542826a6996af0fb8c","SC","75750","8","1575","1322","0.01"
"e0eabded302882513ced4ea3eb0c7059","SP","97840","8","1410","1322","0.01"
"c7a0a13cbcf29d5ce51c8f80afdc0b89","SC","48308","8","1817","1322","0.00"
"c8cc60ffd415254af5d9b9f34f32c369","SP","72220","8","1608","1322","0.01"
"92d14edfb62ee5ae7fdff70b0f4e7233","SP","32200","8","2034","1322","0.00"
"f205b1a3ca9a34e0f8a228bae6e4c7b3","RS","108800","8","1341","1322","0.01"
"07017df32dc5f2f1d2801e579548d620","PB","94649","8","1425","1322","0.01"
"0aea4c6ae1505b3228ddf3dd7822ee5b","SP","142791","8","1174","1322","0.01"
"406740ee611378a662d274c7d8c43c4a","ES","179000","8","1047","1322","0.01"
"fe1b067411b8c5066e962aa146ccee03","SP","84778","8","1484","1322","0.01"
"9198786624eaeb375793215cad26cfa6","SC","85440","8","1477","1322","0.01"
"b81e3a6c866a764974fe849821abeebd","SP","83615","8","1496","1322","0.01"
"ba6b4a237f92479743cf0ca06b67a9ac","RJ","80189","8","1523","1322","0.01"
"a06c8ff043abea0528ee44171e2140a2","MG","51450","8","1785","1322","0.00"
"3985a3c45be355a4c57fde108bfabd1c","RS","34420","7","2007","1416","0.00"
"06532f10282704ef4c69168b914b77be","PR","982795","7","286","1416","0.07"
"51ed72984a04e5dd35c2b27e77179038","SP","129430","7","1234","1416","0.01"
"20b54c376b794ed028df09a3cd88e8dc","SP","92787","7","1434","1416","0.01"
"52a52b9f656520e99716f5bc40f661c8","SP","78310","7","1548","1416","0.01"
"54aa8463e87776b5612f4bdc4bd5d4de","MG","64930","7","1664","1416","0.00"
"26bad72add1f86e08a776ce4ffdaf1ca","SP","62200","7","1689","1416","0.00"
"3faf68a3b0af94b10bac70d86077be49","SP","132293","7","1215","1416","0.01"
"5fd924b4836098a5be0ecf81ba054ce0","SP","114880","7","1311","1416","0.01"
"b248792ac0b60ec3f93d80af1b4fae47","SP","45450","7","1846","1416","0.00"
"656591be56071d4c9ef4e5fee78a578a","SP","170200","7","1070","1416","0.01"
"9a1aea68d3efa00862ec88c0768037d0","SP","130920","7","1227","1416","0.01"
"6e4a902d1054e4e17aa6eab87fac1c75","SP","58657","7","1715","1416","0.00"
"1f867308a0ce13133a4e639ff4de0c02","PR","87510","7","1463","1416","0.01"
"20a8b0dc55da94fe74d112082427c84f","SP","40740","7","1911","1416","0.00"
"4049512728d969bec69f84088b012416","MG","38984","7","1937","1416","0.00"
"112453736dbe3889cfb74e1aaa0ba0c1","SP","189000","7","1012","1416","0.01"
"5acd070dd3fe441bbb2ec1f1ede515ee","SP","76417","7","1568","1416","0.01"
"2e7ea2aafec5835e781b21d6d1faf1f1","SP","52840","7","1767","1416","0.00"
"2f09f7d37a97956d11cc1a7cadd5262b","SP","62500","7","1682","1416","0.00"
"73b8eb4a9a729d4019b24ed1be748cbf","SP","56890","7","1734","1416","0.00"
"ac6417315ae5da8f9a38ee11de6f7780","SP","71640","7","1614","1416","0.01"
"c54679b132454625907c773d273d4126","SP","103200","7","1377","1416","0.01"
"78a4d36f65a019172c6154468831a69f","SP","154550","7","1126","1416","0.01"
"9a03a4e9eb0b947652fae4f6121a3f5e","SP","149700","7","1143","1416","0.01"
"b7ed9fb14c8eadb37adb9c45d67ab0fb","SP","56600","7","1738","1416","0.00"
"6da1992f915d77be95d7fa48b36904af","SP","26100","7","2148","1416","0.00"
"86ff3eaef0267069cc891a2ed9d10a17","SC","40975","7","1906","1416","0.00"
"f3295428338a40977a03f555246a70f4","ES","64498","7","1673","1416","0.00"
"4d600e08ecbe08258c79e536c5a42fee","PR","381617","7","687","1416","0.03"
"5151aea44289d6c6b090ee31c2132508","SP","131530","7","1220","1416","0.01"
"39d61be7a92eb77b7da367bd4845bc0e","SP","70059","7","1619","1416","0.01"
"184a67a8f9f63234d3a92340bbdb727f","SC","24629","7","2179","1416","0.00"
"f805b96fa705ba7995a221f1749dc141","PR","274444","7","842","1416","0.02"
"fa3a0b5aabb344b9a92e3524b0202123","SP","178900","7","1048","1416","0.01"
"fadb07c842a2aef5d5a676b85f220e71","SP","39875","7","1922","1416","0.00"
"e3dd723429d1b23614b7fa85e2c7a853","SP","47105","7","1827","1416","0.00"
"e4ebd3f87bf70440014f07ddda7fbe03","SP","67150","7","1644","1416","0.01"
"6b803197e03abd5056b4313306b4f29d","SP","40700","7","1912","1416","0.00"
"6e1862e15f33d9994bc25922a85e1efc","SP","66849","7","1645","1416","0.01"
"a414555ce331b8c8aea4a9cb8395194d","SP","145095","7","1163","1416","0.01"
"4c61e37f664c3c88aff092aa5ac779d7","RJ","78831","7","1537","1416","0.01"
"1b45169b635ef59425637e9a33eb5fb3","PR","30890","7","2061","1416","0.00"
"3f9c56764fabca627406093dcb3ef0b4","RJ","90930","7","1445","1416","0.01"
"5b35136197710e16ac5e7b7c2bd4ea85","RJ","310420","7","787","1416","0.02"
"2bf28e311bba65237358230cabac3f15","PR","29400","7","2096","1416","0.00"
"5c030029b5916fed0986310385ec9009","SC","416440","7","637","1416","0.03"
"c03121937e54a93fcc1825c3098bbb6e","PR","104300","7","1372","1416","0.01"
"79565f7d5603b24ddf07ade262547f2f","SP","34600","7","2000","1416","0.00"
"e644cbadf7eeb30d0d29f335ce7d52ec","SP","76891","7","1562","1416","0.01"
"7daca0837f033a41a6f3428c18657533","SP","122898","7","1267","1416","0.01"
"d5b9a084373da994a6e37f732169a853","SP","176900","7","1054","1416","0.01"
"8378eb36b6b70c5734e83ad7b8cdc3b7","SC","171480","7","1067","1416","0.01"
"38e6dada03429a47197d5d584d793b41","SP","59614","7","1708","1416","0.00"
"0951a6e282947e09cd47969f4ed0b47f","SP","49230","7","1807","1416","0.00"
"3f9be91358837bff69df67edfa3e42e8","PR","56970","7","1731","1416","0.00"
"13f57c12a00ed4610db646b913a7f5c6","SP","64520","7","1670","1416","0.00"
"3076499bbc033a927bf4a8a41bcf7fd4","SP","35933","7","1978","1416","0.00"
"c157bdeedcbc9a8e3c8bf0d87ff24428","SP","51427","7","1786","1416","0.00"
"fe26f3ecb51a15e6d8335cd92da42562","SP","270896","7","849","1416","0.02"
"9c7fd21e0aa159b20da593371f08ff7c","SP","79830","7","1526","1416","0.01"
"bd4431c1a8dfa744b59e1e2a8bc99b9e","RJ","80950","7","1516","1416","0.01"
"70bf57d811208f8923b41bbd499a67a4","SP","78080","7","1551","1416","0.01"
"4cf490a58259286ada5ba8525ba9e84a","SP","107530","7","1355","1416","0.01"
"35fb511489d9ee3ee27a76debce9df06","PR","41450","7","1898","1416","0.00"
"4ef4c39cf3c24f326434cf0b2e48046a","SP","79200","7","1532","1416","0.01"
"37dd29b36c458d82f74a953c40c43645","SP","453699","7","602","1416","0.03"
"3ea00e1dea2b0659dbaf654735929220","PR","50500","7","1796","1416","0.00"
"312ba1d77e9c332ef21f9598b7f64cd7","SP","51300","7","1787","1416","0.00"
"7354220fb240bde543b3c40c060d41e7","DF","67200","7","1643","1416","0.01"
"fa14641f57b655e933124a9ea49cd7a5","SP","35993","7","1973","1416","0.00"
"c447f8dd3ed213f291d65ef074a268eb","SP","65500","7","1656","1416","0.00"
"c8e135e7b21ecbc36c1153a29d2f5a06","SP","116550","7","1304","1416","0.01"
"b3b17aab11f273023a5f22ca52e1eb70","PR","685000","7","434","1416","0.05"
"6989574bd97d9773f10d232b6c07da59","PR","247840","7","889","1416","0.02"
"d594982fd877af63ace38ea1fca27c76","SP","21704","7","2235","1416","0.00"
"dc7192adf8ba09569261f4a8d576afe0","SP","91700","7","1441","1416","0.01"
"55029529919c0123526150bd26ca8f20","MG","45395","7","1847","1416","0.00"
"2b03ac196f5ed62ac483960fe0fa3b65","SP","84310","7","1487","1416","0.01"
"2ff6b7bff164ef05590a52734e1296da","PR","180359","7","1042","1416","0.01"
"8f2b51a30523cdecddc2f179f351c7d6","SP","102790","7","1379","1416","0.01"
"e58a5b390e28abc0b216cfb0e07d27d7","RJ","102260","7","1381","1416","0.01"
"ff1e15b778c700abdd4d239b81ac466d","PR","41430","7","1899","1416","0.00"
"e70053bf73d1b5863932e53a9fa47496","SP","402500","7","656","1416","0.03"
"94b9108d4b637ba65bb4f1e53cfcf8d8","SP","23496","7","2204","1416","0.00"
"b274baf5bbd142410eb2958cf685d684","RS","58590","7","1716","1416","0.00"
"7d7d2b7a51328016102d4528c411d630","SP","91880","7","1439","1416","0.01"
"7ecef8194babfec876ca720714327841","SP","99050","7","1400","1416","0.01"
"2c3d56f92f360fb89d849b84e8f50eae","SP","42510","7","1877","1416","0.00"
"2e0dba2da448400b1c11d7b4b22f32a4","SP","23587","7","2201","1416","0.00"
"48985c61529077fa4f1e38bcff0f2ed3","RS","87930","7","1459","1416","0.01"
"de66a66f2dd06bb9ec37aa96987466a3","RJ","35332","7","1990","1416","0.00"
"c42fd8e4d47dfb18ce5222f2dd7752f9","SP","46699","7","1833","1416","0.00"
"c8c1bea22194a4eefa2dc9a9fa89f536","SC","126600","7","1250","1416","0.01"
"e603cf3fec55f8697c9059638d6c8eb5","RS","27000","7","2129","1416","0.00"
"651fe66032c9520ee5587f694908040d","RS","46400","7","1837","1416","0.00"
"b67d6c666e8dce1d078c882825e12704","SP","35284","7","1991","1416","0.00"
"d2f3e277560ed4c6361284429b00f037","SP","32055","7","2038","1416","0.00"
"87e24fc7052259b1f7f607d61c10d8be","SP","707359","7","421","1416","0.05"
"38874e327ce94d11390b96eb42d61928","SP","377994","6","691","1515","0.03"
"3d4b1ae7539303b5704493798893e82c","SP","107600","6","1353","1515","0.01"
"5d378b73ab7dd6f0418d743e5dcb0bd1","SP","1125400","6","256","1515","0.09"
"31be790e64fc99f8ff48ec2bd18a3104","SP","24140","6","2188","1515","0.00"
"a64e44665225d19dfc0277eeeaaccc57","SP","33500","6","2018","1515","0.00"
"74871d19219c7d518d0090283e03c137","SP","55004","6","1748","1515","0.00"
"c3fe93ba3085f92855c97e57f38c8c05","PR","21900","6","2231","1515","0.00"
"abbf6046bbdf1028606a5bc7f00c99e7","SC","186725","6","1019","1515","0.01"
"c5e60e39c0f42b8e827daa13cff74afa","SP","13400","6","2489","1515","0.00"
"ca7c6bd577e559472af1c699de9e764e","SP","14800","6","2437","1515","0.00"
"eba88037e1dca898cd02881f67ced679","SP","83810","6","1495","1515","0.01"
"822b63912576852aea9a8436d72317b7","SP","346593","6","748","1515","0.03"
"d8cf3b6a2151949f930d0252b180ec42","PR","62370","6","1685","1515","0.00"
"a254c682cc01e119f83530446f1df9a9","SP","56940","6","1732","1515","0.00"
"a4b6b9b992b46e9ef863637af96e04bc","SC","529300","6","531","1515","0.04"
"186cdd1b2df32caa72cfb410bba768d3","SC","134145","6","1210","1515","0.01"
"35857757f553273b1056c1cabdace7fb","SP","45460","6","1844","1515","0.00"
"515d781150feed28a6ac091bb0e3cb8c","MS","100235","6","1391","1515","0.01"
"52f976b17ea7f2f087f56dcc419328f6","PR","763000","6","383","1515","0.06"
"0873d9f8f36123f8d910f4760e788cfb","SP","726559","6","411","1515","0.05"
"3f2af2670e104d1bcb54022274daeac5","PR","97360","6","1413","1515","0.01"
"0e982cff76cc0579f632cea8a0e38c9d","SC","97190","6","1414","1515","0.01"
"a63bfbaa882c8f4542891b4e2246cc7f","RJ","568200","6","507","1515","0.04"
"76c47a299e4a8fe992316a85865acbe9","SP","102446","6","1380","1515","0.01"
"ca77545ca4d2dfd1431bf61334e2fa3c","PR","76000","6","1573","1515","0.01"
"9261d76c62caaf0b24677c2ceb7f8f20","SC","96870","6","1418","1515","0.01"
"b1204cfda1d4948679db3cfc0d3cb95c","SP","41120","6","1905","1515","0.00"
"6750d71153f00fc58829af2a8ef1bcf1","RJ","351400","6","742","1515","0.03"
"b586cd24c010a13916af621b0325fbba","SC","110894","6","1329","1515","0.01"
"7f40d06aa0b5f1aa4f41af8c0480e2ef","SP","130994","6","1226","1515","0.01"
"80f2cf9abf6b5a0e5c612b5eea6646e6","SP","65408","6","1657","1515","0.00"
"9c3c24eca51c52b91c1de727d2a2ae06","RS","30750","6","2066","1515","0.00"
"baa49d93c8c8841e27400a300f5d74b2","SC","24640","6","2178","1515","0.00"
"9ed65337433adfbedefd23dd76eaa494","SP","126260","6","1252","1515","0.01"
"365e4bce19bda0082c3d15d83fdb8bcd","SP","79640","6","1528","1515","0.01"
"23ca5f678e0b3ea6c630b30fa8bf51ea","SP","18300","6","2323","1515","0.00"
"0ad80de75c811326389cfb1daba7d45e","RJ","144940","6","1164","1515","0.01"
"3dfd3dc96f7f8598eca74e9ac8a2fa31","SP","18300","6","2323","1515","0.00"
"152ee17e4c8aaf53dac99f3462e4999b","SC","30896","6","2060","1515","0.00"
"15ead3a5037a918ddb520dfe39a3d2b9","MG","25450","6","2159","1515","0.00"
"c70a353f02429c00775a46a75fb787da","SP","24200","6","2186","1515","0.00"
"b0f2a6122a90a93eb03e68653dd960e3","PR","162030","6","1100","1515","0.01"
"cf8ab1616079e2793aa29d524df01bb1","SP","959400","6","294","1515","0.07"
"d197aa8fbc64087f61984deef05f6227","SP","51909","6","1776","1515","0.00"
"bc503e244f187939d10c92a5c8e378ce","SP","43031","6","1874","1515","0.00"
"71271995e85f5b8530be99ed54a91b89","RS","58200","6","1720","1515","0.00"
"8a40ae794fa3f9892cee24bd5af0488b","PR","73985","6","1590","1515","0.01"
"3364a91ec4d56c98e44174de954b94f6","RO","357994","6","728","1515","0.03"
"50770d25768b0486d89be26afca3108f","SP","17177","6","2363","1515","0.00"
"085f6f7e049c996695fb2074fe38d45e","SP","30540","6","2071","1515","0.00"
"0bfd0b434243adc5c2e1aa6baf19c6aa","RJ","37120","6","1959","1515","0.00"
"0e44d110fa6a54e121cb2c095a77762f","SP","22332","6","2222","1515","0.00"
"c0f783394e37cd9c9d7f5f81141450fa","SP","24940","6","2174","1515","0.00"
"ae7ab174effdead6c241e547e4ca13f0","PR","277860","6","832","1515","0.02"
"6824a69c9ea0313eba299dd4a2dba09a","MG","66690","6","1647","1515","0.01"
"9c1c0c36cd23c20897e473901a8fb149","SP","54497","6","1754","1515","0.00"
"71592660bbcb6a4664e97b6f8b68babc","SP","202718","6","989","1515","0.02"
"05feb94f19d094d4b0f9281f0b1d4c99","SP","935300","6","305","1515","0.07"
"3afc536624bc2e65bddfb5db33cc01f3","MG","31200","6","2053","1515","0.00"
"55c26bcb609f480eb7868594245febb5","SP","66440","6","1649","1515","0.01"
"14ee35374a7876217954b5fa08e50463","SP","80900","6","1517","1515","0.01"
"a5dd1946fb63ada8bcaa0c9cd8f11e22","PE","21962","6","2230","1515","0.00"
"f8d5c7085db9a4ad2b8c1ffbeb2798c8","SP","26300","6","2145","1515","0.00"
"c522be04e020c1e7b79f3acff36513d5","SP","64994","6","1661","1515","0.00"
"af7cdac9d9897cddead9c6b08976c642","SP","54354","6","1755","1515","0.00"
"9fc70243fb26800cba56e8f014797004","MG","46660","6","1834","1515","0.00"
"89c127985a8b130cfa45c1d36764017a","SP","133467","6","1213","1515","0.01"
"714b9a1332840f257b49f476bea4e341","SP","149994","6","1142","1515","0.01"
"28405831a29823802aa22c084cfd0649","SP","21000","6","2241","1515","0.00"
"5d76d80a2f5f39c891b996a1bf4c9853","SP","123850","6","1262","1515","0.01"
"a67780aba9dd436e7ac0aa1f889e73ec","SP","86300","6","1469","1515","0.01"
"ab3e0c171fe84a7ba7de130f19cfb485","PR","62345","6","1686","1515","0.00"
"78744a20ee2f80ba64f6804c25def2b8","PE","271500","6","848","1515","0.02"
"91f5779a8731baca4809fdeade81803f","RJ","197146","6","1004","1515","0.01"
"b29d3380981c51df13fc6fbe87e1763d","SP","43530","6","1870","1515","0.00"
"ed859002ad59dbf8cf3602696a6c3000","PR","206390","6","979","1515","0.02"
"ba6ce6de456f6c11d08c17701ba5c26f","SP","74435","6","1585","1515","0.01"
"a08692680c77d30a0b4280da5df01c5a","SP","243300","6","896","1515","0.02"
"f35becee938e982bd615edf8ef12bcfb","SP","14859","6","2435","1515","0.00"
"52092ddbd3a58c450a4459bf051b2287","SP","35170","6","1992","1515","0.00"
"08ad4ac1388e4420ca531c3edfc46198","SP","22162","6","2223","1515","0.00"
"5962468f885ea01a1b6a97a218797b0a","PR","67400","6","1639","1515","0.01"
"2bd05d410a8fd26dc4184a15f4f2f588","MG","131673","6","1219","1515","0.01"
"13511db12ac61e2f89c53b72a944a60b","RS","79800","6","1527","1515","0.01"
"30c7f28fd3a5897b2c82d152bb760c17","RJ","184938","6","1027","1515","0.01"
"8b2d4ab22f42c5cfc338b846decfda60","PR","45800","6","1841","1515","0.00"
"e45edf75f568ed2f93f78d060e246e25","RJ","16430","6","2383","1515","0.00"
"9140bd1d9de28b197dce077bdd687438","SP","125887","6","1254","1515","0.01"
"9aa388272ee334b6ae07bc73706e254a","MG","67800","6","1634","1515","0.01"
"6879c4d287a8dd06b11f54ea8f78e4da","SP","52767","6","1768","1515","0.00"
"edd066cd02126d7800f9b66e980e9931","DF","98770","6","1404","1515","0.01"
"b8a0adc91af209270c2c725168eb00fd","SP","28140","6","2117","1515","0.00"
"9da1ca0bef29ee170e541927a5aeabdc","SP","148440","6","1148","1515","0.01"
"f419677537694f0462a91990df6ca44f","SP","22050","6","2224","1515","0.00"
"89ad3263c0931c47f976d7c5778e60f6","SP","56820","6","1736","1515","0.00"
"0307f7565ff85b299b6e5ef162b1b1a9","SP","471190","6","583","1515","0.04"
"0570350b23eda5444f8d1d9544932058","SP","62690","6","1681","1515","0.00"
"52ac6f920b7280e4c6d30dd94de6259b","PR","565730","6","509","1515","0.04"
"5795aebfe331fbcd02a2c4b679fb7952","SC","128000","6","1243","1515","0.01"
"28ea411b354f14b1a494be4e79f0ce02","SP","82000","6","1507","1515","0.01"
"2ba91c7ad80ff88b23b7db823b43c233","SP","74040","6","1588","1515","0.01"
"2cb6eb1b7185064167657fa09f541105","MG","121790","6","1272","1515","0.01"
"2ea0861cc19e94cad86438c984c52da4","SP","16560","6","2379","1515","0.00"
"8bd0e3abda539b9479c4b44a691be1ec","RS","42575","6","1876","1515","0.00"
"c3aad7dc65449ae90a5e9c3c6c1e78e0","SP","51000","6","1790","1515","0.00"
"e439f7176d763f92de325271111b2fd5","SC","132090","6","1217","1515","0.01"
"8fbd63429be6d3e5e6d1a709b6464802","SP","106140","6","1360","1515","0.01"
"777a0c55737f34ffeb78010f7542ab41","SP","45250","6","1852","1515","0.00"
"fe87f472055fbcf1d7e691c00b1560dc","SP","108580","6","1343","1515","0.01"
"633ecdf879b94b5337cca303328e4a25","SP","103760","6","1375","1515","0.01"
"edc518ba25576a0188a0e8f2c3af186f","SP","164739","6","1091","1515","0.01"
"d6b664fa0667064c6d76394e7848d790","SP","608000","6","486","1515","0.05"
"bdae679a9b282249bc23b9b69dae9a99","DF","66315","6","1650","1515","0.01"
"8a87611c08849ffeeccab52aa798b6c7","PR","58790","6","1713","1515","0.00"
"4b1eaadf791bdbbad8c4a35b65236d52","SP","96009","5","1420","1629","0.01"
"4c1c7281388a33dd06daac44f9fadbd1","SP","18832","5","2315","1629","0.00"
"0791d9fc1e30678ecf03d3e55fa108d3","MG","84200","5","1489","1629","0.01"
"534a01cc6df1e034e05c32028a291fa2","SP","23559","5","2202","1629","0.00"
"56e361f411e38dcef17cdc2a3d99628b","SP","129800","5","1232","1629","0.01"
"427165bf50f8ca07efc7bdc2bfcf1688","SP","160350","5","1104","1629","0.01"
"167fd940acebc789debd6eb418c46e38","SP","107758","5","1352","1629","0.01"
"2fb25ab44bdbeae6a4d816e0d0c9d500","RJ","68308","5","1633","1629","0.01"
"df47da4ae86fa4db890d05aaf24e21d8","SP","31050","5","2055","1629","0.00"
"a72c2f59332659e361d647515c698798","RS","80290","5","1521","1629","0.01"
"8fb791022c1fc8909664f48ab7dc636d","SP","811995","5","357","1629","0.06"
"97e4a63591ca439a2b8b7efd20e6e19e","RJ","34995","5","1995","1629","0.00"
"6861de0f40cacb0602e473c51639f980","PR","67400","5","1639","1629","0.01"
"8060d731897e33b5c5ae575ce1e209e1","SP","19950","5","2277","1629","0.00"
"83353a83fd769dfafa4f21a72b15e3e5","SP","57950","5","1721","1629","0.00"
"6c6e3d67f969468f3bfd33f827a31222","PR","22400","5","2220","1629","0.00"
"bca9230d3bbb4efa51872bf605a2f1ad","SP","11757","5","2557","1629","0.00"
"4bcec44888b30ba9001234c534716d3f","SP","14600","5","2443","1629","0.00"
"1cd9e0cc1839d55516843def5600816d","SP","82500","5","1504","1629","0.01"
"1e8c6a4c538f286aee9573239740a4b4","SP","35970","5","1974","1629","0.00"
"397c4d0c005b6f41f90098ac724e28cb","SP","817700","5","347","1629","0.06"
"09bad886111255c5b5030314fc7f1a4a","SP","48750","5","1815","1629","0.00"
"0c7f30ae9b147eca07affbef92832a6a","PR","47950","5","1819","1629","0.00"
"5dc203c7b84a0e71e878a179de05fb9a","SP","42190","5","1885","1629","0.00"
"fc59392d66ef99377e50356ee4f3b4e1","BA","51999","5","1774","1629","0.00"
"aae5e7b457a3c72ee230a47d98fceda5","PR","60480","5","1698","1629","0.00"
"c4f7fee5b0db50e87766f5a4d1b1b758","SP","276203","5","833","1629","0.02"
"adbe70ab2c97442046d393988c8d1d27","SP","28950","5","2105","1629","0.00"
"63b9ae557efed31d1f7687917d248a8d","SP","13950","5","2465","1629","0.00"
"b4b447d715f9ab302a188fb43d3e96b3","SP","68593","5","1630","1629","0.01"
"b76a1f8356322f12529c37b67d5c96c2","SP","29850","5","2089","1629","0.00"
"d5c530f4884a75ae0dba9c148718d278","MG","25293","5","2161","1629","0.00"
"efff9341f3f8f5237b44ff67ed36a7bf","ES","87299","5","1466","1629","0.01"
"83b08de96980757220871b31bf6cffca","RJ","130417","5","1229","1629","0.01"
"d79e8478eed9999493990b44955fb22e","RJ","72189","5","1611","1629","0.01"
"6ee85be3693ed79a8e80718743d80655","SP","14750","5","2440","1629","0.00"
"f44bdc12aa39f5271f0b95f66cd4c289","SP","35750","5","1981","1629","0.00"
"33dd941c27854f7625b968cc6195a552","ES","678750","5","437","1629","0.05"
"039e6ad9dae79614493083e241147386","SP","1292500","5","211","1629","0.10"
"3903c788ded8dc03b5ebab37a2f3e9a1","SP","11998","5","2530","1629","0.00"
"3cfa1358a6caa965278721344c8d76f2","SP","314028","5","783","1629","0.02"
"57df9869a600bd6b7c405f2a862eccfb","MG","12500","5","2513","1629","0.00"
"4221a7df464f1fe2955934e30ff3a5a1","BA","84950","5","1480","1629","0.01"
"606ce7768feac12c5e8bd58db8b08f0f","SP","291660","5","814","1629","0.02"
"725af026f869236a8dd0ceb98564d156","MG","81072","5","1514","1629","0.01"
"8e34331b7eedd03be4e5d965c1956225","SP","14500","5","2445","1629","0.00"
"e2a1ac9bf33e5549a2a4f834e70df2f8","SP","1499945","5","171","1629","0.11"
"c53bcd3be457a342a97e39e5a9f0be22","SE","50950","5","1791","1629","0.00"
"7aa538dd6e114e503a2e6154ea352253","SP","101668","5","1383","1629","0.01"
"7f35f9daf223da737b78738fbae4d977","SP","25200","5","2164","1629","0.00"
"6cf476a4ca74498db55cbccdaa9dcfb6","SP","62494","5","1683","1629","0.00"
"a37c340b91cb0169e8b029db6440fba2","SP","34500","5","2003","1629","0.00"
"bff9deb0ec77d437f3305a79cf25529e","SP","16195","5","2387","1629","0.00"
"4d232b78ab7ef10393dc3807d827bc0d","MG","147500","5","1152","1629","0.01"
"5236605f4d4b0b3e4df85b850393fca0","SP","26530","5","2142","1629","0.00"
"53b0300ca793f9834cd69c0678d35ee8","SP","166215","5","1085","1629","0.01"
"5566627eab3fe93fd6ee08798226101a","PR","8550","5","2655","1629","0.00"
"253f95b3a0e6983ae18aed49fbc2b845","SP","79950","5","1525","1629","0.01"
"55c96925041a14097b6a7825554f4ad5","SP","17000","5","2364","1629","0.00"
"117cfc326c6d50da67ca858ff5c0c852","RJ","45460","5","1844","1629","0.00"
"2b3b9ce054da76a7428df143a567b156","SP","30100","5","2077","1629","0.00"
"a7c88262832dfc683781d6a421edefae","SP","152000","5","1134","1629","0.01"
"fc38b5dceee1a730fad8853453437fbd","SP","11920","5","2545","1629","0.00"
"8fe8786ee000001ab51d030dfd4a7bf1","SC","225500","5","930","1629","0.02"
"acf974e4d5950ad143a247471b831eb9","RS","42380","5","1882","1629","0.00"
"7d294cf9a6a69dc6a0c3e540fff0e039","SC","25725","5","2157","1629","0.00"
"9cad4b68bb993ee401a3c5aaa2bc26dd","SP","64930","5","1664","1629","0.00"
"6e13dd869aa7185f601c941423abcc8f","SP","52200","5","1772","1629","0.00"
"f626e15b7314c267e4429010866f70e9","SP","19355","5","2298","1629","0.00"
"33cbda8716511e27e556dff9d8418bf2","SC","50740","5","1794","1629","0.00"
"25debeafbce801fdd479539350185eee","SP","23785","5","2198","1629","0.00"
"41e0fa5761c886a630994a55c12087e7","SP","42360","5","1883","1629","0.00"
"8b655f0855926bcb49f5835d38dfddf6","SP","108950","5","1339","1629","0.01"
"debe6615cd90cc0c2eac2b8988e1f628","SP","27850","5","2125","1629","0.00"
"fac35d150712afb921ec59ac5f39bb11","MG","69600","5","1626","1629","0.01"
"6219ba2359cfb97f2e38fd4c321eb309","SP","34260","5","2010","1629","0.00"
"7a9c12e235c36247c3c81f50d6ea9cea","SP","98390","5","1406","1629","0.01"
"94ca168e8bcb407ab85c5da308863027","SP","22430","5","2219","1629","0.00"
"cd843d4cf8ef32827de0396605163ba3","MG","191500","5","1008","1629","0.01"
"b566ab0ef88016e00422755e305103c6","MG","120800","5","1279","1629","0.01"
"68ca56ce86830f3d31b1b7ec6a54da3e","PR","59969","5","1703","1629","0.00"
"b7cc6c5e001441ae8cdd5c69a480cbe4","SC","45280","5","1851","1629","0.00"
"ef9952469137ff190bacafe117f51537","MG","100266","5","1390","1629","0.01"
"883dd81e82754ac2c65e9790a7db8c9a","PR","31950","5","2040","1629","0.00"
"01ed254b9ff8407dfb9d99ba1e17d923","SP","146599","5","1156","1629","0.01"
"3a4127e1ba7208ea37044c5092aae170","SP","184270","5","1031","1629","0.01"
"5721089ba9214e80074f27d5a03fc0eb","SP","24593","5","2181","1629","0.00"
"29fe9f200d3fa0c668d2aa1ec7e08dfb","SC","40000","5","1918","1629","0.00"
"11eac105f3f90a9b87b19c89d91e24f3","SP","80289","5","1522","1629","0.01"
"46ef1a25845fc051c2998d878354810c","MG","25041","5","2169","1629","0.00"
"5def4c3732941a971cba8fdee992ede1","SP","13480","5","2487","1629","0.00"
"2f4b9d112bfa44a214bc6cef085d17c8","ES","29399","5","2098","1629","0.00"
"31eec405c9bb71dec8e2629a92e764fa","ES","25689","5","2158","1629","0.00"
"f92d8c817434bd2d84d4e9c61322b7fa","SP","17484","5","2356","1629","0.00"
"741f8c587cb4248ebc5b779a0e8e0e51","SP","8995","5","2632","1629","0.00"
"75a4764c108403a7a0575140cb22287c","RS","71690","5","1613","1629","0.01"
"901b460cdce0c64e471230d7f2f9f3a3","RS","190400","5","1010","1629","0.01"
"ad87df7699e83b8a91822a4a0b765c3a","SP","30990","5","2056","1629","0.00"
"7b8e8ec35bad4b0ef7e3963650b0a87b","SC","224428","5","933","1629","0.02"
"cf1313c6e2c01c2f4b014f97db4bcd2b","RJ","31570","5","2047","1629","0.00"
"9ac4f14370b1e24ddc58be041b7f99df","GO","31451","5","2051","1629","0.00"
"866558b3bccef2dbc6d29a2b5995016f","PR","151940","5","1135","1629","0.01"
"70125af26c2d6d4ef401a1d02ae7701f","GO","37120","5","1959","1629","0.00"
"bdf0d02d36a1d839d0c39c4a887cdd49","SP","12000","5","2522","1629","0.00"
"70f84699be677ec988d1fa824aef7d90","MG","158830","5","1111","1629","0.01"
"38af8acfd46ac4a7bf754e8ca6736664","SP","34500","5","2003","1629","0.00"
"05e107217c7266362fd44b75b2cd4cc4","SP","19338","5","2299","1629","0.00"
"228e4c1a0be164f613d41c24345f9d2c","PR","53970","5","1757","1629","0.00"
"54219883e72aad869adfb2a54b7bfa0f","SP","675000","5","440","1629","0.05"
"2528744c5ef5d955adc318720a94d2e7","SP","624500","5","480","1629","0.05"
"270d3ef21830ad0ecf3a6c53d08a533a","SP","47100","5","1828","1629","0.00"
"49cdc90518a4f82676b38b3c1aa43ff6","SP","153950","5","1127","1629","0.01"
"180c3376aff0e43dd5788709df48a843","SP","451300","5","606","1629","0.03"
"a806a4bb063ea7ca6d374eafa50a6058","ES","29440","5","2094","1629","0.00"
"e819bcfade7b5d88a27325eb6cfd62c5","SP","20290","5","2258","1629","0.00"
"97e995629983723d11830a829bc2b246","SP","49950","5","1800","1629","0.00"
"7df1fc11cc5cbc518b39faa60cf5d67c","MS","103760","5","1375","1629","0.01"
"9d489893ff6af05029671b785f54b998","SP","29870","5","2088","1629","0.00"
"f021c962aaba8ef6eb527a9c2c8394d1","SC","439850","5","617","1629","0.03"
"ba6b68b55fe8704377a7d43c8e5c0185","MG","73977","5","1591","1629","0.01"
"bdb3edbaee43a761e2d4f258dc08f348","SP","25950","5","2152","1629","0.00"
"717b78b0950b51ed00b1471d858b0edc","SP","13860","5","2474","1629","0.00"
"1b65c144b17e607c0f37f10bb7dfec8d","SC","110950","5","1328","1629","0.01"
"392353362d22cc2c236e1ee81ff19890","SC","28870","5","2108","1629","0.00"
"079d295dcbf06ee8bb1b65ba964eb2b6","SP","34930","5","1997","1629","0.00"
"282c7480173bb9c01dd41cc739fec010","SP","427420","5","626","1629","0.03"
"101a3a003516bc11253298b2fad3cb65","SP","45000","5","1856","1629","0.00"
"499ec63c58e51296c9cf57edcfe1c8a8","SP","36500","5","1966","1629","0.00"
"f783a638e9c6af4a7d0dbfde811e7a81","SP","84980","5","1478","1629","0.01"
"fa74b2f3287d296e9fbd2cc80f2d1cf1","SP","127449","5","1246","1629","0.01"
"762fafdaa57a532ee0119731697579dd","SP","20670","5","2253","1629","0.00"
"7994b065a7ffb14e71c6312cf87b9de2","ES","45300","5","1849","1629","0.00"
"7b7ed56ae755e2880f2b69632e839c1e","GO","32150","5","2036","1629","0.00"
"7d7866a99a8656a42c7ff6352a433410","SP","14789","5","2438","1629","0.00"
"6bd69102ab48df500790a8cecfc285c2","SP","807000","5","360","1629","0.06"
"bb2afe2061d53c6968aa0cffa233a8ec","SP","54940","5","1750","1629","0.00"
"6e4f5ff6b086632ba8dcb558fb10249e","RS","83890","5","1493","1629","0.01"
"be9a160a9011f627c3e121d076c1ec7b","SC","205500","5","984","1629","0.02"
"189ca3538ce9f920cacf0f982cbe223b","SP","41900","4","1889","1767","0.00"
"33ab10be054370c254ddfcf0a6253422","RJ","21320","4","2239","1767","0.00"
"4deebb3199eeafb282ae33229144f94b","SP","77970","4","1555","1767","0.01"
"119d1aef1b4144adba89163f6cd9f5d4","SP","109400","4","1338","1767","0.01"
"2b5ed0c9139dae8883a200dfcb272ece","SP","8541","4","2656","1767","0.00"
"72146da5774cabf2632faedcae097a76","PR","20094","4","2263","1767","0.00"
"c714262700f93defc16bf17a51a4cb23","SP","42180","4","1886","1767","0.00"
"77714512e8d4dda9c234da8e3faf16e4","SP","24340","4","2185","1767","0.00"
"929f342384a6607afe143d789ade1316","PR","20940","4","2246","1767","0.00"
"ff82e8873fba613f2261a9acc896fd84","MG","12460","4","2515","1767","0.00"
"aeb36d67f1414f234d42a29e27cf1f17","SP","326380","4","769","1767","0.02"
"cb5ff1b9715e99589f3e0c7a6afab9e3","PR","8500","4","2657","1767","0.00"
"b01c2b7b8599b325103ebcddc67413e1","RS","16945","4","2370","1767","0.00"
"e9729944ba65dc3ce425e0c5a22ae7b2","RJ","91670","4","1442","1767","0.01"
"b37c4c02bda3161a7546a4e6d222d5b2","SP","2407500","4","105","1767","0.18"
"ed46f1eb4a638113deb2a1137b5f22e9","SC","347000","4","747","1767","0.03"
"818d28f936e791926d33bcb6ee94ef79","SP","11160","4","2566","1767","0.00"
"6bd503a8230299c9316fb0f726933927","GO","32429","4","2031","1767","0.00"
"6d1b9c9579132c87d2703ec38c30f2c5","PR","29969","4","2083","1767","0.00"
"a35124e2d763d7ca3fbe3b97d143200f","SP","41150","4","1904","1767","0.00"
"dbbcfe2c8d026742134ac3e28ccde274","PR","30859","4","2062","1767","0.00"
"f650a9708fa1bab22bdd8d3a818cc415","SC","41604","4","1895","1767","0.00"
"4ea2f12dbe91deeacd2c1e74f069a6e6","SP","21020","4","2240","1767","0.00"
"385799a1cddbd26dfeb9157356a42282","SP","55194","4","1747","1767","0.00"
"077c5fae4bea9500e3737b16f71b9d3a","SP","10680","4","2579","1767","0.00"
"52a50b42accf164f9f019941e5759d9b","SP","13996","4","2455","1767","0.00"
"3d01d1c414c44b5943a09619ff3853cb","SP","30360","4","2074","1767","0.00"
"262237171f48e85819065498cac80d7b","SC","59900","4","1706","1767","0.00"
"0f0c984a4a955310903b6b6008660bad","SP","36981","4","1962","1767","0.00"
"43402bdf22aa2310e8f99e2f94f78628","SP","64995","4","1660","1767","0.00"
"f9d010e39375d9c91dce3f40b73a2f84","SP","121200","4","1275","1767","0.01"
"fce62094ffe6a4009188ec44e681dfdd","SP","296970","4","804","1767","0.02"
"918717417d88a9f9ae9735567e6c7682","SP","34570","4","2001","1767","0.00"
"e5f9e61ceb5f523cc966e0f34095032f","SC","223800","4","936","1767","0.02"
"939e6227d6964a11a70aa91243e418f2","MG","42500","4","1878","1767","0.00"
"9853a239ab7b7ebbdc3a21248d5b8e1f","PR","24200","4","2186","1767","0.00"
"9cf787a239c1aa29dbd76f153dc13f9a","SP","31600","4","2046","1767","0.00"
"da03c298e3999e9d828591fc2179d109","SP","78770","4","1539","1767","0.01"
"19e0f40a907ec568c34bfac15de4f4a1","SP","17800","4","2346","1767","0.00"
"4c8545742faaf58fafd5fd14d25d75cf","SP","302000","4","798","1767","0.02"
"353e21e8bf8de2722b4fae1636664b76","RS","20800","4","2250","1767","0.00"
"556a6409838156ea299c9d1f9e2dde43","PR","136280","4","1197","1767","0.01"
"5f06030071324cc52bf0304014ac7234","SP","78396","4","1544","1767","0.01"
"a53f60f05f822b5c621a50ff6a5cb362","MG","41540","4","1896","1767","0.00"
"ab9db4cf53b08b828b64dccaafc2d9f0","RS","17778","4","2348","1767","0.00"
"90b36c5aeb728d5504a39f435bef0c5f","SP","15389","4","2414","1767","0.00"
"fec8cd45395b3cb0c2b173d7739706a1","SP","128000","4","1243","1767","0.01"
"ce20a2ec1514c25e16f2b5b39bc818f0","SP","28700","4","2109","1767","0.00"
"7e79d65b5c6f1f544b7daea036acf720","SP","51780","4","1779","1767","0.00"
"9cea4682e16655f7da87f406902e989e","PR","8776","4","2648","1767","0.00"
"6c1b6d0c604b776f844125f911eb7377","SP","32707","4","2029","1767","0.00"
"bd0a1b0aadca9a83d9304f7e8ff5fbd5","SP","15060","4","2421","1767","0.00"
"bd4ff04377f974574f7f0bf9d6ce7dde","SP","16496","4","2382","1767","0.00"
"f4ce8ca9fa7157e3b33f536ac9a4487d","SP","40960","4","1907","1767","0.00"
"32f1bb9dfa65bc7df5c0d9d95a616be4","SP","24649","4","2177","1767","0.00"
"4dc646b9b9e8e411ef48ba000ea3ac6f","SP","28970","4","2104","1767","0.00"
"365e445f796710c3431557e85caa25db","SP","111500","4","1327","1767","0.01"
"1d2732ef8321502ee8488e8bed1ab8cd","RJ","114800","4","1312","1767","0.01"
"5145090ab595c0d0b8557199f5701fbf","PR","145960","4","1159","1767","0.01"
"21c62b998a043ebe31161d38f84929fc","CE","75049","4","1578","1767","0.01"
"3bfba5a77604f6dfae7e6dd7aaf65821","PR","209550","4","971","1767","0.02"
"22c32ec35d0116ef02c281798a25bf8b","PR","11958","4","2543","1767","0.00"
"09883d9ab71c8fe8a9bfc7fc3075b07e","SP","26960","4","2134","1767","0.00"
"2493dc3f20131696a0ecdb9948051a8d","DF","50438","4","1797","1767","0.00"
"0b64bcdb0784abc139af04077d49a20e","RS","13760","4","2477","1767","0.00"
"269cff2d3c8d205c11f37a52402ea93b","SP","128159","4","1241","1767","0.01"
"0d83f8e03188682112cc0d93523705cc","RS","69626","4","1625","1767","0.01"
"120476eb7a04c149d14772edaf5d9bf2","RJ","236880","4","912","1767","0.02"
"131fcb0a0c9a47bba4474aacff0f14b7","SP","36980","4","1963","1767","0.00"
"45c20d94d9171b0bcfab3c955e47d67b","SP","12946","4","2504","1767","0.00"
"5f0057b677eb963672bf05dfa3f16c34","SP","21388","4","2238","1767","0.00"
"74636e24f01da9268b0ed88dacd8513e","SP","77600","4","1559","1767","0.01"
"74c7dec0a384d8a05950e629bd23bde9","SP","9778","4","2606","1767","0.00"
"c4af86330efa7a2620772227d2d670c9","SP","539600","4","522","1767","0.04"
"e73bf2cea7fe4b0b4d287a7568ed1099","SC","73770","4","1594","1767","0.01"
"7c51de0ab286204ce75ff42bf7c10d92","SC","75900","4","1574","1767","0.01"
"98115075dd26cb8835946fc6086f5d30","SP","43496","4","1871","1767","0.00"
"6c17baf138731a4aaacc3210adf2037b","SP","53880","4","1759","1767","0.00"
"f2336e113377dd21c744d9c4fc8293a9","SP","356300","4","732","1767","0.03"
"a0a14e50070f3225b3eabba5b85da517","PR","17620","4","2350","1767","0.00"
"86bf77bdb52e615674772d5817c6212f","RS","28180","4","2116","1767","0.00"
"a218df5c097b0ca409cfaac1488cc7f6","SP","13069","4","2495","1767","0.00"
"bfd938b22bc99bce1ae60dc602889f52","RJ","62340","4","1687","1767","0.00"
"1d1bbb8ac1581824986f582583fff01d","SC","16688","4","2376","1767","0.00"
"0692610d8abe24f287e9fae90ea0bbee","SP","17399","4","2359","1767","0.00"
"0743a0239d764b9a0f959a57d07e36ab","SP","33696","4","2017","1767","0.00"
"0aa2205ca24f113f4658a5c536667426","SP","81562","4","1509","1767","0.01"
"2ee0a0689f2f6a72f35a7cb6033f6e7e","SP","27200","4","2128","1767","0.00"
"72c38a04bd6a1c3dbc5298425a0db86d","PR","64730","4","1668","1767","0.00"
"8d899e15a5925f097cca50faa49b15e3","SP","64500","4","1671","1767","0.00"
"a9b533a26e898b12e8b8d4c07279bf4d","RJ","11960","4","2542","1767","0.00"
"c7bb64409aa480bb7d0335faaaf3d242","SC","9760","4","2607","1767","0.00"
"c458e2045a8aa8964f8879af03fdcce6","SP","49491","4","1805","1767","0.00"
"e53d5b9b29d1218281f4a907ada18626","PR","35067","4","1993","1767","0.00"
"91543f9849d68d023e17194926598543","SC","83400","4","1500","1767","0.01"
"e5d4b2b0c3bca22085f7a19a28de0c42","SC","20580","4","2254","1767","0.00"
"7d948535954aaf8c5d39db007f74372e","SP","19400","4","2297","1767","0.00"
"698f5fa55a5f73d0740e9d9a773e8093","RJ","12000","4","2522","1767","0.00"
"eec3469d83e142f9a104886655338c37","SP","18570","4","2318","1767","0.00"
"6bb62a4912377c7bfe7cb17b406bc7e6","SP","73952","4","1592","1767","0.01"
"d9d43faf741ceaa8da52fdbb81d9e0e3","SP","16100","4","2388","1767","0.00"
"71dc18fd8cbf5fd77f45dd8b427abb34","PR","108000","4","1346","1767","0.01"
"4dbd95a08b31ede5c82d3f861cb1ce1a","PR","37078","4","1961","1767","0.00"
"4e85b538b0dad58852641540686d0e14","SP","36198","4","1968","1767","0.00"
"5194c22ed1f616ec0c0f33c571542879","MG","24560","4","2182","1767","0.00"
"3be5841cdcc46de4ed3f9116f104b2c5","SP","59960","4","1704","1767","0.00"
"081acf3de680d554796c9cf041be7bc2","MG","159730","4","1108","1767","0.01"
"08cdbae123ff67ca4e36d9d641ce0119","MG","309899","4","789","1767","0.02"
"26e13b6ff5b641b329e5524241ee2c93","SP","11970","4","2541","1767","0.00"
"10264f60a8f0a4d2f30810f5c661c673","SP","28460","4","2114","1767","0.00"
"12c2ed9cded6138cf0c75f525f565fc7","SP","31496","4","2049","1767","0.00"
"4a82168aaef173cbb6e46ae88728f919","PR","51200","4","1788","1767","0.00"
"8dfbc5ff27df12f6cef751d3b9554222","PR","22600","4","2216","1767","0.00"
"fc908879b9ca1bd65419e54e50432d38","SP","11920","4","2545","1767","0.00"
"e51f22821f0c12a16ad5c020cdcd55e9","SP","89871","4","1454","1767","0.01"
"c9e5ad1f6647f5dbd1172adf6ae3cada","RS","25903","4","2153","1767","0.00"
"7a91bf945c6fae0779f1c61ce97fe45c","RJ","63460","4","1675","1767","0.00"
"eebb3372362aa9a46975164bed19a7e7","SP","29596","4","2093","1767","0.00"
"9dc79dd988ac42f4d56c340d7048420a","SP","74960","4","1580","1767","0.01"
"a13aaf2d2886ab9fb30fb9a920160b8f","SC","101152","4","1384","1767","0.01"
"bf961104a38e01b9062ee026bb657dee","SP","58556","4","1717","1767","0.00"
"02b72cdeb9cfcc429f1af6f4e3f3b737","SP","52265","4","1771","1767","0.00"
"35ef5aa32949680f627efec3c23e705c","SC","36160","4","1969","1767","0.00"
"05730013efda596306417c3b09302475","SC","95200","4","1422","1767","0.01"
"4170f6a9367e6b5d6401d03ce6d54569","DF","56878","4","1735","1767","0.00"
"29e6e05b65f93bc224c644319dc52ecf","MG","47560","4","1824","1767","0.00"
"160e4f13fd3a64b1b86807be88b5ffb0","PR","88600","4","1456","1767","0.01"
"a5bff0f43eb51f0cad7c37fac7244c8a","SP","44500","4","1864","1767","0.00"
"e5c84227854980f1db19a58958c551d9","PR","7281","4","2707","1767","0.00"
"aded58c8142dedc5494a81f948431fab","RJ","28950","4","2105","1767","0.00"
"b0398568231ba5e6734af1881671a317","ES","65677","4","1655","1767","0.00"
"85044848b1b767db2a4a58526adef4b4","SP","24060","4","2190","1767","0.00"
"a080fc8a850289b27500f6b49cca2553","SP","38300","4","1949","1767","0.00"
"700f03c207639c22d933381ff60b35c2","SP","118986","4","1288","1767","0.01"
"dc64d75cc406bb0697be983831430e60","MG","81300","4","1512","1767","0.01"
"713e3a23ca5e47786eb6f0d99f94cfac","PR","112600","4","1322","1767","0.01"
"dd4d95ba2d15c071e6c695e2ef6ce169","ES","174800","4","1058","1767","0.01"
"a4bd6e9adf39b63f43dc545d3ca1f53d","RJ","184859","4","1028","1767","0.01"
"4b39558c138930b9e5489c93b6df5fe3","SE","109670","4","1335","1767","0.01"
"34a557286ead8fe75c989e0afcf7d98c","SP","41490","4","1897","1767","0.00"
"5275ca25d0358ca73864e0ae41be1320","SP","40960","4","1907","1767","0.00"
"08061dc0fc165ed41288cc7acde738ee","SP","12380","4","2517","1767","0.00"
"c0aff2da32c17759d30b22fb0af6649d","SC","18880","4","2314","1767","0.00"
"c8660dcf9ba70575f45d80fe28c27713","SP","33500","4","2018","1767","0.00"
"61b18775be84fb700a6b2d0ba097bf66","SP","33450","4","2022","1767","0.00"
"9485a23c0430ba1d58d359391606fce6","SP","83090","4","1502","1767","0.01"
"661ad5fcc28cdfb8bcadb12bb2272475","SC","20993","4","2243","1767","0.00"
"b44dbfbf62e52125f3c15d230569ea91","SP","60937","4","1693","1767","0.00"
"b88e7c57cb2d8b973b7dd4a2bfa14b36","PR","35390","4","1989","1767","0.00"
"b98b715fe9e276204e2a3464f48cd796","SP","38860","4","1943","1767","0.00"
"d8d9567d0bfb0bc7eb845a205ba42657","SP","7460","4","2702","1767","0.00"
"dc50afafdfa325eadc890c7fa42a8f4e","PR","42420","4","1880","1767","0.00"
"1bc2e21de46adfea6b98cc96b00f3b40","SC","103995","3","1374","1919","0.01"
"1ca4bdb0cd7fc48e949bac066188ed26","MG","114000","3","1316","1919","0.01"
"03bd479e1d9484cdb14104d3023f7321","MG","35970","3","1974","1919","0.00"
"578fa3a9cb6b6dceab39231ad59cdaca","CE","15000","3","2422","1919","0.00"
"10089e9f2fd0c668a8fd4e52e1698888","SP","113990","3","1318","1919","0.01"
"5e49e3a44bdeb5aab2684258bbd4f525","SC","50700","3","1795","1919","0.00"
"60da8bfa7eebe230b7d66ac4082d79b3","SP","8660","3","2651","1919","0.00"
"17eea220a40cc0d2c0c5346379682398","SP","87598","3","1462","1919","0.01"
"a56e351445e5863fc8960640ba9190c7","SC","76092","3","1572","1919","0.01"
"c79151301b9d90985d1fa52879213105","PR","26710","3","2140","1919","0.00"
"aa762680c40618316a896838866140ea","PR","26100","3","2148","1919","0.00"
"762ed976527cddf02787edba70fffa2a","PR","17980","3","2340","1919","0.00"
"fcf16b7a8697e559f0123190bb30177d","SP","105280","3","1366","1919","0.01"
"fe8055980a4ff7f64ed889c2b5926929","PR","19670","3","2290","1919","0.00"
"939f6e231201f26803cb5c3a3d2940b3","SP","13060","3","2496","1919","0.00"
"626ab1cd96932367f0eeec2e47046c12","SP","131000","3","1225","1919","0.01"
"7c9130f5f3729edd32aa059141d92484","SP","12600","3","2509","1919","0.00"
"b43d8b707f887a30f4675391098354a0","SP","134200","3","1208","1919","0.01"
"7f5e4d5efad7e44b91115dd1decb65f3","SP","17990","3","2336","1919","0.00"
"83c465a786b06574376909b35ef6752a","SP","28140","3","2117","1919","0.00"
"6eeed17989b0ae47c9f11ece6f38ea90","SP","55700","3","1745","1919","0.00"
"88ae906ea2acf6971f26c3e8b7cb4357","SP","24600","3","2180","1919","0.00"
"327b89b872c14d1c0be7235ef4871685","AM","117700","3","1299","1919","0.01"
"4fb41dff7c50136976d1a5cf004a42e2","BA","123000","3","1265","1919","0.01"
"39f776d2974049026ff531fc42ef2a3e","GO","108404","3","1345","1919","0.01"
"213fafb0ca06fb3d5886579c2565791b","MG","18970","3","2308","1919","0.00"
"08f5819815f3d06545011850bd70f0a8","SP","45200","3","1854","1919","0.00"
"3d49bfdd1b43a7fe169b3740067acc61","MG","21500","3","2236","1919","0.00"
"26b482dccfa29bd2e40703ba45523702","SP","34478","3","2006","1919","0.00"
"3fadb4cba4c35bce6a7eaf9872d5623a","RS","20950","3","2245","1919","0.00"
"28c7d8743fbc8679f484868cc0fcaefb","SP","20150","3","2262","1919","0.00"
"134285d1f41da5c13a756ee8142c8a4e","SP","157270","3","1116","1919","0.01"
"461ff5303b6c9c1a4a07f40c5aece516","PR","10270","3","2585","1919","0.00"
"2dd1fb6f0e42a2243b8a01e40cd41216","PR","68689","3","1629","1919","0.01"
"4a23adac87cf538689fa600d976f78b2","SP","40500","3","1913","1919","0.00"
"8c3b533c63cca56240f94f1e3a6b18ef","MG","184950","3","1026","1919","0.01"
"c1849d4d32d7a6cecd5aa471809d3135","SP","38898","3","1941","1919","0.00"
"c26ba52cf8d2f34915f2f6b7ffa0a3f3","RJ","10747","3","2577","1919","0.00"
"a90a5da8b09e44264a177c0374a5ac87","PR","7470","3","2701","1919","0.00"
"747e73c01a4593d4cf60dcf970fd2689","PE","221799","3","941","1919","0.02"
"761681a821d8275bc79f552116d06869","SP","35492","3","1984","1919","0.00"
"c3f5668699a1b04c0fa61ecea1e2bff6","PR","40781","3","1909","1919","0.00"
"e3e290b38963293022cdcd6db8328103","SP","13570","3","2483","1919","0.00"
"94231344608e603693b0a8891143f65d","SP","72200","3","1610","1919","0.01"
"ccada0ef508e698917a6eab263375905","PR","17280","3","2362","1919","0.00"
"961dff0a659b4561334372337dd897d9","RJ","729700","3","406","1919","0.06"
"979e9f8b5b39dd243a2550c8b05aecf0","SP","52500","3","1769","1919","0.00"
"eaf6d55068dea77334e8477d3878d89e","SP","5100","3","2793","1919","0.00"
"d558ebe531605a1285ab2b1bc3256dfb","MG","70900","3","1616","1919","0.01"
"a3082f442524a1be452e3189e003b361","SP","30160","3","2076","1919","0.00"
"8a43128d7f9a3db592b866e6861a6cce","SP","99060","3","1399","1919","0.01"
"0015a82c2db000af6aaaf3ae2ecb0532","SP","268500","3","855","1919","0.02"
"1f7fd2a6fcd5a6fa5d8a4dabc72aaae0","RS","53180","3","1765","1919","0.00"
"52454f90d4c30c016768db02f88c1a74","SP","8050","3","2666","1919","0.00"
"20a7efa9721046319bdde5d60b6b5365","SP","50120","3","1798","1919","0.00"
"0761743cbffb25d7148189e9f1a5f03a","SP","24120","3","2189","1919","0.00"
"52956b80ae65fda598f06f6b9943e7a9","PR","79200","3","1532","1919","0.01"
"2305ab43e846518f58dd9d59f3f54e96","SP","78889","3","1536","1919","0.01"
"249f0e9905a6e06ad6c6bea7547ab9f6","RJ","34795","3","1999","1919","0.00"
"0b0ddbc7b9d9584f442c7ac92b0ff6c9","SP","141676","3","1177","1919","0.01"
"0e72c1a751b496722a6cb1f10653b62a","SP","14080","3","2453","1919","0.00"
"1284de4ae8aa26997e748c851557cf0e","SP","145997","3","1158","1919","0.01"
"5b97c06a046398e7005b2b7c0d707a92","MG","113997","3","1317","1919","0.01"
"446cc09cdbb130904da114e807dbec40","SP","25280","3","2163","1919","0.00"
"478bfe564db21eeb44386606aa30b650","MG","18270","3","2326","1919","0.00"
"485452467ff670447e84a8370c3fc898","SC","17570","3","2353","1919","0.00"
"c04d70d515d15a7e3db3a73320598566","RJ","15820","3","2404","1919","0.00"
"de09d00cfc265b8804c7df34075a68fa","SP","78400","3","1543","1919","0.01"
"c113b8df1fc375bc3d73d29c1b1144d1","SP","33300","3","2025","1919","0.00"
"aa1eb17b9fdf6dfd546e25c45c7b9235","SP","11799","3","2551","1919","0.00"
"c7dcd301ecfe5ab7f778ac172cf74be7","MG","40779","3","1910","1919","0.00"
"8fec2e460530482132c436cfb5439925","SP","46846","3","1831","1919","0.00"
"ac51cac5e20d69ff485a54746488ef48","SP","70000","3","1620","1919","0.01"
"fe4cd9461203cee790d36792420b310f","MG","39115","3","1934","1919","0.00"
"e9c2dc0dd4ac38448289be644ac94f42","SC","11839","3","2549","1919","0.00"
"800214c63934acd05d47e84214db8ba8","SC","19970","3","2275","1919","0.00"
"b7e1750c1157341d2abd0251e07c186b","SP","15960","3","2401","1919","0.00"
"83a75eea11694e36e56dd0cb2240229a","SP","48700","3","1816","1919","0.00"
"9e9b539eb2806acee3f5c28085c1db9f","MG","96700","3","1419","1919","0.01"
"a00824eb9093d40e589b940ec45c4eb0","SP","939997","3","302","1919","0.07"
"a0d7fbb07bb5ebc3b05980e750db56f3","SP","84899","3","1482","1919","0.01"
"a21c11ec5c3f03e7cc9f9203bff9e1c6","SP","38500","3","1947","1919","0.00"
"6fa9202c10491e472dffd59a3e82b2a3","SP","701424","3","428","1919","0.05"
"dcf3755cefcdc158ad0b7bdde51e871b","RS","26970","3","2133","1919","0.00"
"3442f8959a84dea7ee197c632cb2df15","SP","21870","3","2232","1919","0.00"
"4e326052e5dbba8adcd512f3450a307e","SP","57000","3","1728","1919","0.00"
"044668ccd5316b12a7cf0d54a156e3e9","SP","13780","3","2476","1919","0.00"
"3d3ccf2b2f8134b10dce9dd446f0e075","SP","60860","3","1694","1919","0.00"
"3d700782d7818f2c1e0d7a9e9d75fc00","SP","14970","3","2431","1919","0.00"
"5741dc2bf5044c34d0698681c5081bed","SP","8970","3","2639","1919","0.00"
"10cdd491d1dbea8fb4ead97b19c334ce","MG","20890","3","2248","1919","0.00"
"47648caee88ccfe951fbb27fbf7b4cbe","SP","156499","3","1120","1919","0.01"
"2eeb6531ee027a48d401e72bebdd87d3","SP","3870","3","2856","1919","0.00"
"184725737946a1a938bbbd1a9e978103","SP","35970","3","1974","1919","0.00"
"8d92f3ea807b89465643c219455e7369","SP","12120","3","2519","1919","0.00"
"e3d3b3efac954a60d61be70b7e05b49b","SP","128205","3","1239","1919","0.01"
"fcba71d4d5db057f43249145e4eb1e27","SP","49455","3","1806","1919","0.00"
"ab91571efab27993ff2f6b36e38055c3","SP","10224","3","2586","1919","0.00"
"e59e489e2ea74bd409b798b5daf49de3","PR","49500","3","1802","1919","0.00"
"941554c5757b73ba0e50aa7732310afc","SP","10769","3","2576","1919","0.00"
"cf654707ed6a99f112c7ec3d6f314b8b","SP","75600","3","1577","1919","0.01"
"ea4e9ce63a2134743b4a92777437fcdd","SC","31660","3","2045","1919","0.00"
"b56828a9f9027f3c918c04ca720d9e3c","SP","36000","3","1971","1919","0.00"
"ed9eef5be0992d413d251fadba1a410d","SP","40410","3","1915","1919","0.00"
"6bb66d9870c2e01c05655c7ed0e7ee13","SP","26900","3","2135","1919","0.00"
"f1c1ac3f3efc07e659c035008e615e66","SP","229496","3","926","1919","0.02"
"be3b4b0f050a6aa1b2d901c4b77e979f","PR","57820","3","1722","1919","0.00"
"dbec9a0a7efeff029d4d9dce7dc4cc95","MG","117000","3","1301","1919","0.01"
"191d55f7edb8524d525ed01b20fe32e8","DF","74700","3","1583","1919","0.01"
"1e47defeeadeca0e9a18fa5a9311e735","SP","23412","3","2206","1919","0.00"
"519a7aa428f18d125a283cf8c014fdd6","SC","7970","3","2681","1919","0.00"
"2075d8cd4dd63ff12df0749a5866bb06","PR","18470","3","2320","1919","0.00"
"269c5fc9fcadee614364c3620c30a1f9","SP","20960","3","2244","1919","0.00"
"0d4c8269e7f0401201794deef160edd6","SP","79264","3","1531","1919","0.01"
"0dfbed20065e425d2eaefb101f9816c0","SP","8435","3","2659","1919","0.00"
"0fe2d9733ed841eb064503920015a8c0","SP","38964","3","1938","1919","0.00"
"1099a00e0ee3a50935e6c2447ca090c5","RJ","84970","3","1479","1919","0.01"
"2a7c6c0b0d5efde2bf75ec1e1cec2d41","PR","14760","3","2439","1919","0.00"
"2b2fed75b8e5ea3a052fc4c0825da485","MG","51090","3","1789","1919","0.00"
"4391ea5c5990502176a1dcda44a2373d","RS","234900","3","920","1919","0.02"
"11fb6f6d341adbe19e81733701704635","SP","119700","3","1284","1919","0.01"
"2d22fc3089eb907b29ebff50581fb472","RJ","31770","3","2044","1919","0.00"
"5f5a58930c3c35f3b5af264f34fb8c85","SP","56000","3","1740","1919","0.00"
"2f73e04d12cdf0c945ded66bb3fcf6c7","ES","135900","3","1199","1919","0.01"
"4a82c4af97ffc0fb2dc26bfdc03b1842","MG","14370","3","2449","1919","0.00"
"a69aa24cec11168e7e39a3fbc727e925","SP","10597","3","2580","1919","0.00"
"8ca5b19e0263150d2c57afdde2b3d011","SP","18060","3","2329","1919","0.00"
"74bafed391319577bce6f4d2acc0589a","SP","184700","3","1029","1919","0.01"
"902c99f1ac505c0d18778b61bcd636f7","SP","12347","3","2518","1919","0.00"
"e82de6494d91d3c4c54450f59b227a94","SP","11890","3","2547","1919","0.00"
"ea3ebea5317b0efbc663ecc8ce5e9bc2","SC","29970","3","2082","1919","0.00"
"b3e2faf2c1004d674f16a3aa3197f0e1","SP","6147","3","2746","1919","0.00"
"ebef8d8c92b4fd3226e5d407bbff21ac","SP","25370","3","2160","1919","0.00"
"9b522ba7eae9e1d04082f267144583cc","SP","147860","3","1150","1919","0.01"
"d73cbd89533ce8b041a9190241453ac8","MG","26870","3","2137","1919","0.00"
"83f2b4881141ce3fcd4e985125d3279e","SP","6070","3","2750","1919","0.00"
"6d7f8d9d594e28796b6b3205b00f459c","PR","41790","3","1892","1919","0.00"
"70126eecc6aa1274392a1743866e9678","SP","9740","3","2608","1919","0.00"
"01266d4c46afa519678d16a8b683d325","PR","9025","3","2625","1919","0.00"
"1c56ffe0e9dea2657fc6e95b53f40b13","SP","18300","3","2323","1919","0.00"
"39a5005f2605cbdb4f9ac14485cabfd1","SP","50107","3","1799","1919","0.00"
"2063dd1b9f568df1c16741ea7d3e6adb","PR","76310","3","1569","1919","0.01"
"3d290fe363c60a77498c1126fd3fb8d3","SP","19898","3","2283","1919","0.00"
"252e76235acb79183cfca6e34f13337d","SP","26120","3","2147","1919","0.00"
"0ec28cec4046a4a199b6de9b4c891d97","GO","29660","3","2092","1919","0.00"
"5bf397d04035b5f45cc41e82ec106803","SP","152500","3","1132","1919","0.01"
"48bad451945f5227341793478d6353ea","SP","30700","3","2067","1919","0.00"
"f88adb15807168d3c43d71021090ce4a","SP","48880","3","1814","1919","0.00"
"e1643dff33666ca629e3644c02738179","SP","17000","3","2364","1919","0.00"
"94c49f20a123aeb9360dbf80ff912bf6","SP","27775","3","2127","1919","0.00"
"954e95f20808d7e5d11f0de292d078e0","MG","15878","3","2403","1919","0.00"
"6548c2550b6e2d8f18053216e1c7b6f3","SP","21770","3","2234","1919","0.00"
"65a7c0788e4d632ccb5e1b594b87f0bb","SP","26670","3","2141","1919","0.00"
"b45d7ebfb7378630f1bcd74b6ff86ff7","MG","89970","3","1452","1919","0.01"
"809413606dbfe5deefd2db646693ef67","SP","19668","3","2291","1919","0.00"
"b9c0ffa92f3ff9a5a3d45ef7213c0842","SP","49000","3","1811","1919","0.00"
"f049a72cf58fd31b11f8919cade515e7","SP","13875","3","2473","1919","0.00"
"f1b854361f4e15d5851b494df66f22b2","RJ","116880","3","1302","1919","0.01"
"d90fe2229fee1a5da999ccd0c06c1667","SP","45000","3","1856","1919","0.00"
"bc30de0d71bd6260b936a026b5cf7200","SP","39237","3","1932","1919","0.00"
"d9cd369bffa979d1634f8e1318bf2f1b","SP","67800","3","1634","1919","0.01"
"876182d1918783bbe15233febfbd4926","SP","12027","3","2521","1919","0.00"
"1d0997ff06b524ce9289ffd75114ecd3","PE","374700","3","700","1919","0.03"
"042573af89b6d931f672efaf789d8358","SP","41348","3","1902","1919","0.00"
"53088c75f948b48a7ece173ac17f0c12","RS","26170","3","2146","1919","0.00"
"3f84fefc07dc159b268d4a77d3e8c425","PR","20060","3","2264","1919","0.00"
"41c9d3997dd3c072c31139dc5bb5761f","MG","99880","3","1393","1919","0.01"
"11d4c477d09821164bca4f70a2eae031","SP","8304","3","2663","1919","0.00"
"2c43fb513632d29b3b58df74816f1b06","MG","85800","3","1474","1919","0.01"
"44f091b5abab8018f682fce8124b85e5","SP","35440","3","1988","1919","0.00"
"13dd308f81fea30cc670c656b2b46cc3","SP","11770","3","2555","1919","0.00"
"1588ac4010787100dddef64568f0ae35","PR","59997","3","1701","1919","0.00"
"7238f877570096ae403c51898fa64566","SP","120000","3","1282","1919","0.01"
"a7a9b880c49781da66651ccf4ba9ac38","SP","30760","3","2065","1919","0.00"
"7402d13c03a7e91366337cd1de471144","PR","47389","3","1825","1919","0.00"
"ab27bbbad5239bc31a34709275a70db4","SP","38290","3","1950","1919","0.00"
"76623fde66e6b63b59440fd34160512d","SP","6540","3","2733","1919","0.00"
"8fbe2ee446b97e128471be4ce983dc0d","SP","14850","3","2436","1919","0.00"
"778323240ce2830d68aab11794e00bfb","SP","18998","3","2304","1919","0.00"
"78ef7e885d17f35e2382a47aae8b8cce","RS","38800","3","1944","1919","0.00"
"79a679c36c08d606b3fd47ead9de109b","SP","93500","3","1429","1919","0.01"
"7adbd3210a7b3cc2235e225eef33574d","SP","13190","3","2493","1919","0.00"
"d149de2f383552baea37a7198c2296ce","SP","32070","3","2037","1919","0.00"
"ef728fa1f17436c91ed1ccd03dcf9631","SP","12870","3","2506","1919","0.00"
"6ba4733aa33f6386e9fb0c0fd3993b38","RS","14979","3","2430","1919","0.00"
"f19516b9ff26bfeb091b30108db4ddbd","SP","16270","3","2384","1919","0.00"
"6d2f2e3b539480db1e0842b3a4e32e6e","SP","30596","3","2070","1919","0.00"
"d9cb0052a666de5308b32f32ad5f1b1c","SP","23190","3","2208","1919","0.00"
"8759e7aedd644f487315e5860962f162","SP","62700","3","1679","1919","0.00"
"a35ef466c6fd6d052f5d241240d3c5e2","RS","56990","3","1730","1919","0.00"
"f6122bc84774df1b372bdb3bb88ddb9f","SP","479987","3","575","1919","0.04"
"a435b009cd956ea60748b5cfbddf2e24","SP","36118","3","1970","1919","0.00"
"340636a908b13bbe0f4fb63fbe1d0c03","SP","49050","3","1810","1919","0.00"
"4e6015589b781adaa5ce7f1892d06bb1","SP","68400","3","1632","1919","0.01"
"51f108f62cb87d61918159902c8f8583","PR","30373","3","2073","1919","0.00"
"25be943a321c8938947bdaabca979a90","SP","47900","3","1821","1919","0.00"
"56f413900b5166ab4d730e9ac0b12cb0","SP","15179","3","2420","1919","0.00"
"0cab2da43793a6f3c5ed8514c5f54627","PR","30970","3","2058","1919","0.00"
"0f7eea709efdf942b5f95c7516dbacd7","SP","19574","3","2293","1919","0.00"
"75745ef7bc7d4f3ea3380f6f5303f514","DF","22840","3","2215","1919","0.00"
"c5ebe6598748b0aeaa61cfb820478b92","RS","29700","3","2091","1919","0.00"
"e5899683388855d3dabe8913bbe365de","SP","45288","3","1850","1919","0.00"
"ad75519a07f039025e83795a4418470f","GO","30210","3","2075","1919","0.00"
"62760d278921b5f352461620d68a9cee","SP","39700","3","1926","1919","0.00"
"e9e446d01bd10a97a8ffcfc4a3a20cb2","SP","5115","3","2792","1919","0.00"
"657969cca82e884d272385ec0ef06edd","RS","13970","3","2464","1919","0.00"
"9b1585752613ec342d03bbab9997ec48","RJ","424898","3","630","1919","0.03"
"9c54608f0996c32ae4743089d915f845","PR","19480","3","2295","1919","0.00"
"d7b2377bae6ace1b11fc69a11900ac36","SP","23970","3","2196","1919","0.00"
"bcc9dd23e2a8bd8267cf92b19304a1b9","SP","20279","3","2260","1919","0.00"
"db1f0f7c7e5e87f40b62226f020bb297","PR","5901","3","2765","1919","0.00"
"4bde6149c15cf7e177b36fa060dd6de8","RS","15980","2","2397","2130","0.00"
"333c4210e76a1aa2ab817b99437e3ff1","SP","33500","2","2018","2130","0.00"
"010543a62bd80aa422851e79a3bc7540","SP","141600","2","1178","2130","0.01"
"4d9fea3499bdc22aa4da4e339365f215","SP","19254","2","2301","2130","0.00"
"024b564ae893ce8e9bfa02c10a401ece","SP","70640","2","1617","2130","0.01"
"4fe2f67634d00c021aa01f96b6f2d68e","PR","8680","2","2650","2130","0.00"
"1de62b6f2fd96227629786db492433db","SP","20880","2","2249","2130","0.00"
"1e9d5a33694bddb76316fd1f54734d20","MT","31800","2","2042","2130","0.00"
"3bb32fedaa74e4ad20f4ce067733bd31","SC","10370","2","2583","2130","0.00"
"091065b789659bc3cd9af9cb3a6253ff","RS","135900","2","1199","2130","0.01"
"23ff42c4bf1f8f16cddb19d8b972974a","MG","17470","2","2357","2130","0.00"
"0ade5cc4a305ed7093a23f68ca47519c","PR","15888","2","2402","2130","0.00"
"5587130f9850696ed7fafbc91c2cee44","SP","6980","2","2723","2130","0.00"
"2aafae69bf4c41fbd94053d9413e87ee","RS","9400","2","2621","2130","0.00"
"4342d4b2ba6b161468c63a7e7cfce593","RJ","52890","2","1766","2130","0.00"
"43b2c864251aa0ce4030c746984e088a","DF","9480","2","2617","2130","0.00"
"5bc237df65098fe211bb4818f4d26d78","MG","12680","2","2508","2130","0.00"
"2cb4700db635baa1c0d4f90ed27b6669","PR","19980","2","2272","2130","0.00"
"2d378dbb39815785238c0139c7647fb7","SC","115400","2","1309","2130","0.01"
"160851d3ece7aa1a510f8d1a4bb8a8af","SP","10205","2","2587","2130","0.00"
"7315baebc0572ff220d226283dc66728","SP","4985","2","2804","2130","0.00"
"8ccf3cf69651cc1d8a02c8bfaf3b8568","SP","25000","2","2170","2130","0.00"
"73da1880b39c71de2b262bc7720c1494","SP","39800","2","1923","2130","0.00"
"e0a3c37054ade6478d923a6efc10f308","SC","21980","2","2227","2130","0.00"
"c8025364abeecb115431bf95c11a747f","RS","92800","2","1433","2130","0.01"
"c398bc00a606d33758afd91f4e64fd15","RJ","15000","2","2422","2130","0.00"
"8f0fbe2cd4d472157dc1cdef6edecaa9","SP","7188","2","2708","2130","0.00"
"8ff38bc3969e67c36c48343a07090f66","SP","347200","2","746","2130","0.03"
"e560e4022d8f7aebf155db95946c5c0f","MG","78000","2","1552","2130","0.01"
"910a922b426b7ff95eaee129ad6c0e1f","SP","11980","2","2538","2130","0.00"
"918f6fbcf3ab724d805867303e593a1b","SP","7970","2","2681","2130","0.00"
"fedf2c1386e137f296b3bbf3b635e69d","SP","13174","2","2494","2130","0.00"
"78ba5933c21686d1c2f64669c8c459e7","SP","19180","2","2302","2130","0.00"
"6187a137b2af59dfdbad8d9f8c373c14","SP","7480","2","2700","2130","0.00"
"e88165a185134e13fdfc85d4fa654db8","SP","10800","2","2574","2130","0.00"
"96e5dc09087bad639b4ee193104ec2e5","RJ","10190","2","2589","2130","0.00"
"ec5c1d94df153d473b37f880977ae58e","SP","19967","2","2276","2130","0.00"
"9c4d31c7e46ab03a43fc06e3142afd4e","RJ","121890","2","1269","2130","0.01"
"9d213f303afae4983637247556438ede","SP","4770","2","2819","2130","0.00"
"d7ab82074b5f1dfba46db123df101bff","SP","3867","2","2857","2130","0.00"
"84c945f15571830c1a91a33978e94009","SP","5198","2","2789","2130","0.00"
"f18112da765e0971ca5d510dec322bdd","SC","32780","2","2027","2130","0.00"
"da20530872245d6cd9d2f5725613c430","RS","31496","2","2049","2130","0.00"
"89757206b887aed36f3e18d858460fea","SP","12050","2","2520","2130","0.00"
"a3b0df0065e264a91b7bbf5f844af5cd","SP","18669","2","2316","2130","0.00"
"1961c3e1272bfeceb05d0b78b5bbfdaf","SP","65700","2","1654","2130","0.00"
"05aebce0b5c8f0d41b29b686f2d05fd3","SP","7499","2","2698","2130","0.00"
"24a6daf925d9d591870a66660416de31","SP","6000","2","2752","2130","0.00"
"56db5c0782e8f7ddc9343f9576ff6d16","SC","73480","2","1595","2130","0.01"
"0daf5180aa44356f60f8effa533b55a2","GO","14480","2","2447","2130","0.00"
"42fb44130ac3134cde8e35cf8ec7df25","SP","4380","2","2834","2130","0.00"
"119c7f1a00ef43fad0e57604e76a747c","SP","18980","2","2307","2130","0.00"
"44717f64ec2a457979cf83c429077666","RS","10700","2","2578","2130","0.00"
"166e8f1381e09651983c38b1f6f91c11","SC","7880","2","2685","2130","0.00"
"2fa13c8bd5705d279f7ed5cc9ec61c68","SP","8740","2","2649","2130","0.00"
"a70e9066dbfd10b6b97a3f54a1356762","PR","171600","2","1066","2130","0.01"
"a7dc4098e4da6e41b426269d12ae7e91","SP","51800","2","1778","2130","0.00"
"c76d418370990614e89e956c7a7567d9","SP","30524","2","2072","2130","0.00"
"8e4f041ff58e7845456d3482524014b3","RS","13380","2","2490","2130","0.00"
"c394e193cda3b4225ff2094d32184849","SP","313489","2","784","2130","0.02"
"e4f121bf6ef8b9a1d4d3e65dd0473fab","SP","7000","2","2710","2130","0.00"
"90b57083da5d803237da74daec6dcb2b","PR","20690","2","2252","2130","0.00"
"c6381b1321d7d97717a5bb4ed5b77882","SP","6600","2","2730","2130","0.00"
"63272377184e969942f7fff221be858d","SP","14970","2","2431","2130","0.00"
"64cc804291f90c81f02bfc2bb58ff55a","PR","51760","2","1782","2130","0.00"
"968ee78631915a63fef426d6733d7422","RS","45000","2","1856","2130","0.00"
"7d484ca289afaac6bf5fc6a1e96d2226","MS","18320","2","2321","2130","0.00"
"6601ee6383e7f452be71929f8de48bbb","SP","15360","2","2416","2130","0.00"
"b416191c9813d821a295cfabafff4161","SP","11780","2","2553","2130","0.00"
"eb9cd5b35d95206585e2185318cb5c61","SP","55000","2","1749","2130","0.00"
"d2df77822373f19934e87694d8640767","PR","15590","2","2408","2130","0.00"
"693660429f9dc4ff704eb3d88dad54d7","SP","12400","2","2516","2130","0.00"
"d3891911c2feae53c52fea2bd14054e5","SP","14100","2","2452","2130","0.00"
"830379336fad8c6f3b15a4a3ddb5c66e","SP","26800","2","2138","2130","0.00"
"a154d7316f158bb42e6fa18bbe3afd3a","SP","13980","2","2460","2130","0.00"
"bf0045791395e66460eb04749c68672a","SP","11980","2","2538","2130","0.00"
"1cbdc7cf130a41fd13a3c2a7d2fcfda7","MG","16580","2","2378","2130","0.00"
"062c325cd6a2b87845fab56b4ec2eeae","SP","13322","2","2491","2130","0.00"
"07e8e8fc5222bb358e6f259da3197074","SP","5180","2","2791","2130","0.00"
"21d59342ba150175ca2aa4f8faddeca6","SP","25990","2","2150","2130","0.00"
"533d46c1b06970e99f09523a61df4972","SP","15998","2","2392","2130","0.00"
"26f6b7ab07be3e9e69ce82a6552efc19","RJ","5480","2","2782","2130","0.00"
"40ec8ab6cdafbcc4f544da38c67da39a","PR","11780","2","2553","2130","0.00"
"59bbc819b99a733f02f0d6b49d1c253d","SP","13980","2","2460","2130","0.00"
"296729ffb9b684050dd24836dac4494a","SP","11400","2","2563","2130","0.00"
"11938fcc75f6902fea1d0a6f72b54a57","SC","59498","2","1709","2130","0.00"
"2f9b7ce230a057a98a9f5df5893ee36c","SP","14182","2","2451","2130","0.00"
"173d56ffbd4c56cb80fc3615487d712b","SP","35800","2","1980","2130","0.00"
"8c351ed7c326c62123318f4f3246e906","SP","11490","2","2561","2130","0.00"
"f8e2c1b59cd4225a3e4fd0d013a76b93","SP","21980","2","2227","2130","0.00"
"f9bbdd976532d50b7816d285a22bd01e","SP","26800","2","2138","2130","0.00"
"a7d0f8dd44f57ef6de7f7f02e3d82630","SP","7379","2","2704","2130","0.00"
"e09887ca8c7bf8a4621ce481820414ef","SP","7997","2","2671","2130","0.00"
"747c1cdcd1737dcfbd1547f6eb6f2cf3","SP","19310","2","2300","2130","0.00"
"c32fc744b9160ac853450488e3cfea93","SP","6580","2","2732","2130","0.00"
"aae5953b9edddf14749c0d65d60eb4b9","MG","17300","2","2361","2130","0.00"
"c3ee2331a724e6fc02c4b698b57a73f3","SP","134700","2","1206","2130","0.01"
"788f22bafdd7ab0e1e79f19db72f16a4","SP","12580","2","2511","2130","0.00"
"e83e93b71371817b11d78a63ff156aee","SP","28600","2","2112","2130","0.00"
"ec2e006556300a79a5a91e4876ab3a56","SP","7740","2","2688","2130","0.00"
"685b870da5b52a710782c9c0fefbeb5b","SP","62700","2","1679","2130","0.00"
"6902157ee16728322d61a1321fa79e58","SP","15980","2","2397","2130","0.00"
"9bade61a92bed55a25d2b67b9f4ed739","PR","11768","2","2556","2130","0.00"
"69b5eaa096c3f9d1e5c398c597f567d6","SP","93800","2","1428","2130","0.01"
"d52cbce9845184537284a23c3bc3da0e","SC","7500","2","2692","2130","0.00"
"b9ec22de23f18567de0e09d776ca0309","DF","34198","2","2011","2130","0.00"
"f1ce5fdecd64935c28b9ff932751d0dc","SP","15800","2","2405","2130","0.00"
"bb7ad8a45c027be8ab075b8e465f8ca0","SC","1998","2","2925","2130","0.00"
"f235413f677777a0738ff215d0184901","SP","119198","2","1286","2130","0.01"
"71593c7413973a1e160057b80d4958f6","SP","29950","2","2084","2130","0.00"
"dd58ee93286b0821565574c570e9e1dc","PR","294800","2","811","2130","0.02"
"324583d68897f5ddbaf38f6248322176","SP","8400","2","2660","2130","0.00"
"4b98b0428fc1932cc2514ef9ce2505e6","SP","32763","2","2028","2130","0.00"
"4f1f1c8666cdb6442f775c4e8caed465","MG","94498","2","1426","2130","0.01"
"528ce32f560edd11add4169f6a5b65be","SP","5980","2","2762","2130","0.00"
"3ef37b7ca6dd2b80bd8af81a62504996","SP","70000","2","1620","2130","0.01"
"57d2ba47f7a3209aa347532ae75c1165","SC","31800","2","2042","2130","0.00"
"58c851d1a3c7cd3da329eb59453fed44","SP","26899","2","2136","2130","0.00"
"2a167ca73899c85001a837d8fb4962f6","SP","409700","2","649","2130","0.03"
"2c54051840f19eca309a5423cf22df36","PR","2370","2","2911","2130","0.00"
"5cf1ec37aea089f45110c70653a166ab","SP","3500","2","2863","2130","0.00"
"2d9e8987a2ea5cf88dce330249043ff1","SP","23980","2","2194","2130","0.00"
"14f2b3587172b9db894c9bad8dab520b","RS","24400","2","2183","2130","0.00"
"48e954b2da4f6a750c844173b347ed40","RS","39780","2","1924","2130","0.00"
"4a1917ef994878940e1fb03eeb787ad7","DF","76800","2","1564","2130","0.01"
"615c3462099ffa940d37b17dfda19594","RJ","22900","2","2214","2130","0.00"
"8b87cd0d43d49b9bdf40f56229364d59","SP","72900","2","1600","2130","0.01"
"a5ff20ff766e7f50bd5066f33da14413","SP","6659","2","2729","2130","0.00"
"dedcab67899479e4ea5dcc4eba47f587","SC","8400","2","2660","2130","0.00"
"c161d1327ebc3a156c09582ab2f59f6c","SP","3599","2","2861","2130","0.00"
"739c7d7be81f63812dea0d1b1451c651","PB","7750","2","2687","2130","0.00"
"c3251e13f1bbda6c74e37c160f991e19","SP","43780","2","1869","2130","0.00"
"aa17b35ce4de7b565be3249ba838944f","SP","7980","2","2678","2130","0.00"
"c7c7b2682c648339a0e9846bb1023a39","SP","16800","2","2372","2130","0.00"
"8eb88b0acb3f90a717ad659221471fa7","SC","11980","2","2538","2130","0.00"
"e546117ed9cafbc40239c0c78635c584","SP","45600","2","1843","2130","0.00"
"cc80e2f693fa6e2408f47ccf62413fc1","PR","42000","2","1888","2130","0.00"
"e94b64dc6979b302a5a5be1662c83bb6","SP","30689","2","2068","2130","0.00"
"65c255b299faf2d12050937cc219c46c","SP","8820","2","2645","2130","0.00"
"99cd94252748d2bdde08e17858233602","SP","15980","2","2397","2130","0.00"
"9b76ad3d04236f76bc71c59470305e13","SP","39470","2","1929","2130","0.00"
"69a43819c758c65a5befb0b471c954d7","PR","29985","2","2081","2130","0.00"
"d4a5e99e0dd915df64ba55a7fbd583fd","SP","6515","2","2734","2130","0.00"
"b906dd0e57f282c7089171b6ed07982e","PR","17500","2","2354","2130","0.00"
"bbe87dce25ba8b38bb61cc7210a3f10b","SP","28700","2","2109","2130","0.00"
"f3975e8a41157005d4bcbb358678cd9b","SC","17880","2","2343","2130","0.00"
"89d9a386b0b6e5fc8403071b03f7206a","SP","16700","2","2375","2130","0.00"
"f7315bb81aea4ddca2d39e249a801c98","SP","37980","2","1952","2130","0.00"
"4bf658053d453036c70976bccb2c31b2","SP","174299","2","1059","2130","0.01"
"4c60877808f4318ef1107fbeb8f89afa","SP","11800","2","2550","2130","0.00"
"038b75b729c8a9a04b0d07cba7eabe86","SP","46700","2","1832","2130","0.00"
"4f0d637c1197fd65405ebd755ac9f86b","SP","19980","2","2272","2130","0.00"
"513a54369b6a8a6602fcb0e129c6d78d","SP","4780","2","2817","2130","0.00"
"528bcf6680c36dddf07620bd35b33a6f","SP","96998","2","1416","2130","0.01"
"07d75e33f2750d97d467fb57e4dfdd8a","SP","72240","2","1607","2130","0.01"
"539ed9e19811677513447759be5eccfc","MG","3283","2","2872","2130","0.00"
"3d68c634a99a1ba46dbca3967a69c623","SC","59400","2","1711","2130","0.00"
"5563732abe64c3036cb97ad924128dd1","SP","40400","2","1916","2130","0.00"
"253c025bab43881055aeecde5e2d8b77","PR","9482","2","2616","2130","0.00"
"5659d77e8d90378e39b960ad5956f64e","SP","18248","2","2327","2130","0.00"
"5733d806668f8712c24b9abaefbfa642","SP","24380","2","2184","2130","0.00"
"5a9c0859cb00fd8aa4db443837f0a700","SC","20800","2","2250","2130","0.00"
"11742f81550ac064cc9a40f67151d9ad","SP","78190","2","1550","2130","0.01"
"1710c3aaa9c6b44ec3883ee0fe300e21","SP","118890","2","1290","2130","0.01"
"8e29d051f810eb22959ede205b462b9f","SP","59980","2","1702","2130","0.00"
"8ea394aed8138685abe1eb9f25e1021d","SP","134000","2","1212","2130","0.01"
"76833248bbc0e65a0293ec62023e4396","SP","239998","2","903","2130","0.02"
"ad8b531ae67582f096925cff5630d0d1","PR","19845","2","2285","2130","0.00"
"cac4e0bc1a3269fa2b6ea5e763f6115b","SC","5788","2","2774","2130","0.00"
"ff314fa6033cc68ec451c47aee2d6ba4","SP","53790","2","1761","2130","0.00"
"e88f7a2995ba184710d339c5c4bf2e30","SP","25160","2","2167","2130","0.00"
"643c01d7c56a724bec0454f4780e8a3e","SC","20555","2","2256","2130","0.00"
"7c4adcc13272c0e26fa23aac642adb7b","RJ","13500","2","2484","2130","0.00"
"98e164d549402270247f3c96a1a158ef","SP","16270","2","2384","2130","0.00"
"d26aa40b90272d4843d63be7c1462c8d","SP","15290","2","2417","2130","0.00"
"7fe21dd00d2f4943ae09525efa2fd674","RJ","16980","2","2368","2130","0.00"
"b8d890108a7a80e4f5d59eea9f362438","PR","8970","2","2639","2130","0.00"
"9dd459b29a14bf89d47183cf2cd0e4c7","SP","18000","2","2330","2130","0.00"
"ba89796db68db180bd389de96b2ff3b6","SP","30980","2","2057","2130","0.00"
"f1198c871e0171278b63f40d112caeec","SP","47580","2","1823","2130","0.00"
"9e7c5f4d7770eab65738cca38f9efccf","SP","18480","2","2319","2130","0.00"
"bb5d956dece964a06c12bceb66b923ae","RJ","127836","2","1245","2130","0.01"
"85ecf03781da592876b7844acc1b729f","SP","25100","2","2168","2130","0.00"
"bbd3acfe6de99892e73940d3fdceaf68","SP","6900","2","2725","2130","0.00"
"bc39d8938f90a3a2b98193723ed59774","SP","30680","2","2069","2130","0.00"
"be1e9e378700cecaa4ebf71433d7915c","SP","11989","2","2537","2130","0.00"
"bede56095ba33c42038fb85f707b8a42","SP","397390","2","662","2130","0.03"
"a45314082d50d578a4721c9787ce09ab","SP","42490","2","1879","2130","0.00"
"f682e0f848abafc6f41e0d4e868c66ef","SP","26998","2","2130","2130","0.00"
"a513150f33f99a06569e9cd5c4bb889b","SP","67700","2","1637","2130","0.01"
"4c4d546adf3c3868fe19c9ec6e9ffda9","PR","11170","2","2565","2130","0.00"
"1b0b0f4f95e962d6f32fe90c759d0479","SP","13980","2","2460","2130","0.00"
"1d139e3a3b14025640d8df1b230aace0","SP","3649","2","2860","2130","0.00"
"392f7f2c797e4dc077e4311bde2ab8ce","RN","5200","2","2788","2130","0.00"
"52bb00821bcdd358a5a5a27e1f6be5a1","SP","34980","2","1996","2130","0.00"
"3d62f86afa7c73be2628a3be1423f5a0","SP","1200","2","2958","2130","0.00"
"553a440137d6e0cf776aee0bb83ac9f5","SP","14480","2","2447","2130","0.00"
"0af977692321d895349eded183341d28","SP","25775","2","2156","2130","0.00"
"0b3f27369a4d8df98f7eb91077e438ac","SP","14651","2","2442","2130","0.00"
"28fb0829fd777877cdc350d25cb5bd5b","SP","27980","2","2122","2130","0.00"
"1352e06ae67b410cdae0b2a22361167b","RJ","17800","2","2346","2130","0.00"
"2ec6e37d992a95eaddb3369dcbcc76d9","RS","15980","2","2397","2130","0.00"
"17998cf586426bf0f2c3726cb0a4b211","MG","6980","2","2723","2130","0.00"
"612a743d294c27884fb7b80d2b19ba35","PR","305770","2","793","2130","0.02"
"c1552b1dab6e6f760950368ae61fb600","SP","5380","2","2786","2130","0.00"
"a7b7354cc588f7566a848bcbb1ce3d96","SP","7980","2","2678","2130","0.00"
"c1f12f926d0ba950578b4fa41115cbb6","SP","47960","2","1818","2130","0.00"
"a81466620e46a6970b22ef40379fdfc9","SC","32180","2","2035","2130","0.00"
"74a9b9bddf14ece02beb81f52c41a88d","SP","9500","2","2613","2130","0.00"
"abe021b01ba992245271b9aa422032df","PR","672000","2","445","2130","0.05"
"76de363de16dacc923eec8daf91df504","SC","36000","2","1971","2130","0.00"
"e5cbe890e679490127e9a390b46bbd20","SP","90899","2","1447","2130","0.01"
"cb32766839f443db85c82a43c4a6c19e","SP","23400","2","2207","2130","0.00"
"b05b432bf68945d4d9783f9e3ca29ee8","SP","22480","2","2217","2130","0.00"
"ea1776927851da2532aa70d6a32c095a","SP","28390","2","2115","2130","0.00"
"6650fcccd8cd2f7e55ffa524f30c4c59","SP","33980","2","2014","2130","0.00"
"98dddbc4601dd4443ca174359b237166","PR","15800","2","2405","2130","0.00"
"9b1f656ca3060f8af17a50d8a024b533","SP","4100","2","2844","2130","0.00"
"eddd1991bd6d9309995a480c39b95137","PR","60100","2","1699","2130","0.00"
"6a53b90c3ad9e0b56d9fe5c69165fff5","PR","13978","2","2463","2130","0.00"
"6c9875b2f94ba781186f0c1aed8d1687","SP","2500","2","2900","2130","0.00"
"85e7c62c1d6ea078c3897424f867a7c8","SC","6000","2","2752","2130","0.00"
"a20d8058c866dbaeca014d2cd20ac62e","SP","119400","2","1285","2130","0.01"
"6f835fd4be26989b1b064399da346143","PR","19780","2","2288","2130","0.00"
"88ef59b51bdaa941d10a853429f2b6ce","PR","25290","2","2162","2130","0.00"
"bec568278124768c474ee90971ca94d1","SP","21990","2","2225","2130","0.00"
"8a207b6080964f3c1fc9d35bd6096ba4","SP","55370","2","1746","2130","0.00"
"4ce8b55b4bfa4659184e7becc1fba3f2","PR","19900","2","2278","2130","0.00"
"4e0d109ccfba9a1151c103049880c857","RJ","27989","2","2121","2130","0.00"
"4eeb99008a0f59d2c7759c59f9a346eb","SP","128200","2","1240","2130","0.01"
"1e26c56af8d48424e1df0140a2401f83","SP","25890","2","2155","2130","0.00"
"51209b446b2073894bdc0face6c73ffc","ES","35960","2","1977","2130","0.00"
"1fbe10c70e30765ed1de86d9f7e98409","SP","9875","2","2600","2130","0.00"
"20611af7866c6068fd5ae1f9dbe15c92","SP","21980","2","2227","2130","0.00"
"3a3e46d10f74d8a6ca76e2b538f106a0","SP","29990","2","2079","2130","0.00"
"244b04680fdbded0acf5aebd9c92b44a","SP","170180","2","1071","2130","0.01"
"0a82f5fb06a4fe4ac2cf7cb412ec71b8","SP","46200","2","1838","2130","0.00"
"570d4583587a5fe2d47c7be89b91ad27","SP","12525","2","2512","2130","0.00"
"3fe7120d6257285ac6a3ce7cb071ccec","MG","19998","2","2269","2130","0.00"
"458d868c9642f55f18f04e951a3fdde6","RS","271800","2","846","2130","0.02"
"5d505d2298ad549e4e4e835562fa0c1e","SP","24980","2","2173","2130","0.00"
"48b6c3f4c6a93171da04b75313f2130f","SP","29026","2","2100","2130","0.00"
"6025c79c035c3d772133b8b8238463b2","PR","98974","2","1402","2130","0.01"
"c13fb473e7cb8b83ccd543c094df0608","SP","5480","2","2782","2130","0.00"
"8c9348f33ae3dada25c99c99ade2af78","SP","31299","2","2052","2130","0.00"
"734def04b237117a09321dd6d8f3f2a2","SP","125243","2","1257","2130","0.01"
"e0487761face83d64fcada2408959a36","SP","4925","2","2808","2130","0.00"
"8def3db7f272735afb2ecd03aeca09a7","RJ","19600","2","2292","2130","0.00"
"ea846a0e7ad98a741783e886d89dfa44","SP","13700","2","2478","2130","0.00"
"b452cb0ae35044c4a53179c39f49fb06","SP","6370","2","2740","2130","0.00"
"999f6d9a1c7c81f43be44c6b7d076210","SP","2800","2","2894","2130","0.00"
"b5bb2b985208834bd5bd86c7a402bbad","RS","62106","2","1690","2130","0.00"
"ec8463980a4e0ea9f8517aea1ed0c419","SC","23920","2","2197","2130","0.00"
"9b1ab052f5fca308ba743ac789ebb2e1","PR","29409","2","2095","2130","0.00"
"81ed90f07c0bacb7594940ba2ef676aa","MG","22390","2","2221","2130","0.00"
"d58d521f3789def2e7a22715e0badd93","SP","6598","2","2731","2130","0.00"
"6bef34c5be6f2bbd70aa5165f6df94b1","SC","119800","2","1283","2130","0.01"
"f0ec78809fe0bc3edb11c9fe5b97b059","SP","6260","2","2742","2130","0.00"
"bb3dca718920a4d7ec3cc9ffb025108b","SP","10800","2","2574","2130","0.00"
"d8dd176509baa37f359644d082bf7f7b","SP","19800","2","2286","2130","0.00"
"8a1ff5c35f6595a73fef4c7b96e4908a","PR","159800","2","1107","2130","0.01"
"8a8835a43bda99fd37310ad76c457510","SP","22434","2","2218","2130","0.00"
"328acb143b4a73aad6bee8e734f5d20d","PR","69998","2","1622","2130","0.01"
"35b96509602ec4b7da831b5cd73ff2c2","RS","55890","2","1744","2130","0.00"
"1d0646a72178a6fb37ee8082140e06ec","SC","6100","2","2747","2130","0.00"
"36f98ad67cc981f50ce8aed093d5783c","PR","11940","2","2544","2130","0.00"
"217f005bb37ff3aeef5b2ae1788e75ba","SP","4998","2","2797","2130","0.00"
"559d56f3b8f0bc2e5a9a62fe2ce2a39f","SC","38500","2","1947","2130","0.00"
"26562f211dd1364af2a8596dc945e8ae","SP","9900","2","2596","2130","0.00"
"42b6488f5b8246d9141712abd4b1b693","PR","24799","2","2176","2130","0.00"
"12a8eb0f8d1cd3270695bf2a99f55966","SP","39700","2","1926","2130","0.00"
"44ed138eca6214d572ce1d813fb0049b","RS","12979","2","2503","2130","0.00"
"458c6fa920810ce2492da71bc26d9eec","SP","75676","2","1576","2130","0.01"
"5de1c80811ce7007f62f00d971236c09","SC","7680","2","2689","2130","0.00"
"5e9f5bd34e0830569f05c9d4f56e04a8","RS","23998","2","2191","2130","0.00"
"8c91bfea4263b8fba54081460693e2a1","RS","73900","2","1593","2130","0.01"
"731ef20c231d9a7103a425e83fd91271","SC","169200","2","1073","2130","0.01"
"f9eedec3129e8cc6b6429c42d0808c5b","RJ","78980","2","1535","2130","0.01"
"c353f8fc0ce8344999f17d578eb69a5e","RS","17598","2","2351","2130","0.00"
"fb8904a8ea99f8831b64ce27db2c1765","SP","27800","2","2126","2130","0.00"
"fd312b6bf05efac6c3772d5b52205d8a","SP","11870","2","2548","2130","0.00"
"e503f22be6a4f456d9851920a5d9c670","SP","19890","2","2284","2130","0.00"
"8fff28c4263ddec387f28d237fb42773","SP","5860","2","2772","2130","0.00"
"e5bd51692380fd8cabb19b756b95e714","SP","7980","2","2678","2130","0.00"
"cb0b3bcf14e0a709df412a99424a59d7","SP","46000","2","1839","2130","0.00"
"92c8bc6e8f925792247656fed09aad65","SP","13480","2","2487","2130","0.00"
"b12cfd255810394b60caef18ae163547","PR","56000","2","1740","2130","0.00"
"7ad41305e96a6cab8294cd65891e9a86","SP","18000","2","2330","2130","0.00"
"9535a841eecebed61a9fb1ac1cbb5597","SP","78490","2","1542","2130","0.01"
"cd52a8efd71af3336b14b5039b951cc1","SP","11180","2","2564","2130","0.00"
"b26741d31a563d769b4af0465ab20c56","SC","64800","2","1667","2130","0.00"
"7dea6f73af847b42cc3985bd620f994d","PR","32400","2","2032","2130","0.00"
"9996ae921c50e8dff411ac69c0b4bb8b","SP","2970","2","2891","2130","0.00"
"ee2fbacc2fc3794e656cc4d933d59ce7","SP","46497","2","1836","2130","0.00"
"d63c73efd41eb002280e7ec831424edb","SP","559800","2","514","2130","0.04"
"83c8aafbefb034674a70de0eac5b8954","PR","13490","2","2486","2130","0.00"
"84deb808079d1be601c209c1e771b1cc","PR","3493","2","2868","2130","0.00"
"f266295f49a28eee21f413e0cbb0521d","PR","14980","2","2429","2130","0.00"
"a11a0e0ca67423425691db355cff69b0","SP","44890","2","1861","2130","0.00"
"f356c348fbc8df6a882823e21f5ce8b7","RS","19518","2","2294","2130","0.00"
"6f1a1263039c76e68f40a8e536b1da6a","SP","17869","2","2344","2130","0.00"
"f410c8873029fcc3809b9df6d0b28914","SP","28980","2","2103","2130","0.00"
"a2a41aedb70551d4a85aa04dc2fced48","SP","5279","2","2787","2130","0.00"
"dd39ad39b5d3df33037e141c72497ba6","SP","13580","2","2482","2130","0.00"
"f664f98bfda2eaf266a23ff144e7a872","SP","15399","2","2413","2130","0.00"
"dd8a29ce82d5c705ba932d81494600a5","SP","20575","2","2255","2130","0.00"
"3289d8c3eef4873f91ce0b1343c0dd58","SP","19999","1","2266","2436","0.00"
"1a8e2d9c38b84a9702ac7922924b0573","SC","8000","1","2667","2436","0.00"
"4cc43a222a0f94910728b62b97a8c5f8","SP","10850","1","2573","2436","0.00"
"1b61fb1f0f2185d89e9a126c498e9cc7","PR","4970","1","2806","2436","0.00"
"377bc18334c78dd2f1535ef22a3ad225","PR","13598","1","2481","2436","0.00"
"50bf89f1349bc0409a268c3a49678009","SP","17990","1","2336","2436","0.00"
"05ca864204d09595ae591b93ea9cf93d","SP","17990","1","2336","2436","0.00"
"204b4e07bddef3c9b317f70189135b22","MG","7340","1","2705","2436","0.00"
"3aa3c89ae3cd482385568be76120f63c","GO","2990","1","2880","2436","0.00"
"2235cf78d3e2073a88146a9cb60f0dd0","SP","17899","1","2341","2436","0.00"
"24c1de8d9551c0b4fbc53317d53efda8","PB","35500","1","1983","2436","0.00"
"3da38366e7bd9baf6369071f782ecdf0","CE","5947","1","2763","2436","0.00"
"3e46a38ee171c503c3b4a3f23fe3bf0c","SP","5990","1","2755","2436","0.00"
"0b1ca3ef18a63d7eb0c8897fa0849c08","SP","5500","1","2778","2436","0.00"
"0bb27263628258b8111a0262769fa9db","SP","2220","1","2915","2436","0.00"
"270572bb714b00531be85e16e1550f26","SP","9699","1","2610","2436","0.00"
"4125d9385a25e82d2f72d3a0fd55bc3f","SP","4290","1","2836","2436","0.00"
"28d162ab86bb49d719c32f0ee6186eaa","SP","10999","1","2567","2436","0.00"
"0f519b0d2e5eb2227c93dd25038bfc01","SP","7990","1","2672","2436","0.00"
"299c89a525fee36c567f4fe72f038100","CE","18900","1","2309","2436","0.00"
"2c2c9832d1bb38c5b0034a3b47d313ee","RS","4990","1","2798","2436","0.00"
"447d377bdb757058acb569025ee18a93","RS","6499","1","2736","2436","0.00"
"466222e777149751370e7e98fb623b0c","RJ","8790","1","2646","2436","0.00"
"1444c08e64d55fb3c25f0f09c07ffcf2","BA","274900","1","839","2436","0.02"
"47f55702f598c7c6cc8458b0fbc1c49a","MG","7500","1","2692","2436","0.00"
"2f1e7b90e01d9f086cbcb301c0c3d406","SC","5900","1","2766","2436","0.00"
"c092292535a57dacd95a8765f5518f87","RJ","12500","1","2513","2436","0.00"
"c12d7463a579237ffb9248bd7cff378b","SP","2590","1","2899","2436","0.00"
"f90f77ef2799a27f80d90c425ca944f7","PR","7000","1","2710","2436","0.00"
"c1d1ebb4745cc43cb6f05e9c8a705c9a","SP","1250","1","2954","2436","0.00"
"e00d85ce20ea50c1224c66ca5050527d","SP","14900","1","2433","2436","0.00"
"a7ecf689b40a44361e259b28939023e4","ES","38900","1","1939","2436","0.00"
"8dd386be0767c330276ea6a3f96532d3","SC","8998","1","2631","2436","0.00"
"fa5fdc4e4bb6bd1009ad0e4ac4096562","SP","16199","1","2386","2436","0.00"
"8e670472e453ba34a379331513d6aab1","MG","97500","1","1412","2436","0.01"
"fb503a924a0b9db19d83dd0ac6dbef8c","RS","1390","1","2951","2436","0.00"
"751e274377499a8503fd6243ad9c56f6","SP","21800","1","2233","2436","0.00"
"fc5a0d7a310a7a41abf86a458585ff2b","SP","11790","1","2552","2436","0.00"
"e433f5fd4050e3352b5d83522b7fe24b","PR","54806","1","1751","2436","0.00"
"76d336555bb25f3165d2f0d6da719c40","SP","16500","1","2380","2436","0.00"
"e4fc40017a6d22c46a14ac2e17f87c3e","PR","12900","1","2505","2436","0.00"
"fe19dce63ae80346207c6c55713d1023","MG","4990","1","2798","2436","0.00"
"ac9b01377919cdbd2a1bbb8d5837c70b","SP","5590","1","2776","2436","0.00"
"781a66c0d89e30814d49fe8b5e14cd07","SP","11500","1","2558","2436","0.00"
"cad9969167c09b48ae6f1d123f7fa68d","MG","2400","1","2906","2436","0.00"
"7994081388d55b9cf976c050653dd359","SP","12000","1","2522","2436","0.00"
"e64ddbe1cbcf4f2fc3092b7c481f3f9d","SP","2090","1","2920","2436","0.00"
"cc1f04647be106ba74e62b21f358af25","SP","1190","1","2959","2436","0.00"
"9523fb39dd240aa958e040f8183d64f3","SP","14699","1","2441","2436","0.00"
"7b3f6ce5c6c22e9b96e7581ebf0df6e1","SP","2980","1","2889","2436","0.00"
"651530bf5c607240ccdd89a30c9c9712","BA","19990","1","2270","2436","0.00"
"6614814a00d344b846ae209f95ee7e3f","SP","1300","1","2952","2436","0.00"
"eb1bf309f4f6af9a97e9ddac3fdbeabe","SP","2230","1","2914","2436","0.00"
"d1aa1ec0839dcab73a6161130eb1f94a","PR","11990","1","2531","2436","0.00"
"695051e2981c8b19e77cafe450d5bdf3","SP","16976","1","2369","2436","0.00"
"8132b9bd16876e1b0f8808d43825dd48","SC","7790","1","2686","2436","0.00"
"edb65fe661681b1c0de8bd47c8655855","SP","6900","1","2725","2436","0.00"
"6a3139c7bf09ece22a4713d956acbe5e","SP","6190","1","2744","2436","0.00"
"ee27a8f15b1dded4d213a468ba4eb391","GO","649900","1","460","2436","0.05"
"6b1c4d4d9ccf0be3d8544eb0e71e5318","RS","169900","1","1072","2436","0.01"
"bab0a8cd684e41ba6e2637dca0979d3b","RJ","26990","1","2131","2436","0.00"
"9ef932e837d8b7f392c0bfee9d359dc2","SP","5990","1","2755","2436","0.00"
"6dc9bec584588412a6a338830946a3e4","SP","28000","1","2120","2436","0.00"
"d93b8458c6fe139d85cfa5eadbf55bd2","SP","1990","1","2926","2436","0.00"
"f3511c85f59f8dec53d140501ee8e7a8","PR","6990","1","2716","2436","0.00"
"87d73636a3acf123e842bb890a4db036","SP","26990","1","2131","2436","0.00"
"f524ad65d7e0f1daab730ef2d2e86196","RS","57800","1","1723","2436","0.00"
"70ee69419916dc13e3aed619061f996c","SP","4500","1","2826","2436","0.00"
"712efd3b68f9686dc856b84abd0f21ae","PR","13900","1","2468","2436","0.00"
"7178e1eaa97257d8b6d4b80efd77a025","SP","16790","1","2374","2436","0.00"
"c00396cbdd2e088fe4281baa5920aef1","PR","83241","1","1501","2436","0.01"
"dd88d13bea9e4c2bf47daf224f8141e5","RS","45800","1","1841","2436","0.00"
"33fd411ed63a7c2f9005e3f065d9f85d","RS","2490","1","2904","2436","0.00"
"1c83418358f249c9d6affa52d579db0e","SP","2490","1","2904","2436","0.00"
"4e480be820e37de1444325ff358c9296","MG","43030","1","1875","2436","0.00"
"50a7e551a7b3f8d37cd6e32d8bfbe5ea","SP","14000","1","2454","2436","0.00"
"391bbd13b6452244774beff1824006ed","SP","6390","1","2739","2436","0.00"
"2039c5e51785b5dde7cf93ccb3b7be2c","SP","15990","1","2394","2436","0.00"
"3a79f35a2344ede41af21267f61d5ec6","SP","18600","1","2317","2436","0.00"
"258447aad3f7b01e2643c89f64dc5647","PR","5190","1","2790","2436","0.00"
"3e35a8bb43569389d3cebef0ce820f69","SP","5580","1","2777","2436","0.00"
"422be4cc81a457fdb46f47edeb968ae5","SP","23990","1","2192","2436","0.00"
"2a50b7ee5aebecc6fd0ff9784a4747d6","DF","19980","1","2272","2436","0.00"
"2b402d5dc42554061f8ea98d1916f148","BA","29989","1","2080","2436","0.00"
"43a5d4a57af536fddc96d08be3afdfcb","MG","7500","1","2692","2436","0.00"
"5bba18b40e8c973b0f32e748004775b0","SP","73998","1","1589","2436","0.01"
"2c00c85d30361cd2ced2969cffbbffa3","MG","4980","1","2805","2436","0.00"
"455f46ef09a9e45667e2981df84b5cc2","SP","2990","1","2880","2436","0.00"
"5d043cd5512d4bd2f88e5ccdd5736c38","SP","65000","1","1659","2436","0.00"
"2d34636518ba88f5349b732fcf8ba2e4","SP","15000","1","2422","2436","0.00"
"154bdf805377afea75a3bd158e9eab10","SP","8990","1","2633","2436","0.00"
"5e25c632f9db6cfb8bc100421c2737b6","SC","25900","1","2154","2436","0.00"
"4867209cb29b56b92893d7bde3ce8012","SP","15000","1","2422","2436","0.00"
"499185655c29ecfdbfe776ef7cf875b5","RS","8900","1","2642","2436","0.00"
"1746c1ae87ac63d530c7c943d0ac42e2","SP","22990","1","2210","2436","0.00"
"a56a8043ebf66e42119618fb8cf232c6","SC","8300","1","2664","2436","0.00"
"f8f35af4634605e6693c17cc3ffff5a8","MG","9000","1","2626","2436","0.00"
"aa2640d851ec322526f1295bbeb20092","SP","15998","1","2392","2436","0.00"
"8fb67a334bacec338885b4e9e1708073","PR","5990","1","2755","2436","0.00"
"fdf736c18c589ed030e058312203e1b2","MG","3000","1","2875","2436","0.00"
"e5545d4d4473876ea78c5bcebca365c3","SP","4450","1","2833","2436","0.00"
"7816cd9c5b1238e320545f5bf7eb80e8","SP","48900","1","1813","2436","0.00"
"fedaedd3ca31d56ab33e92035e4b361c","RJ","3990","1","2845","2436","0.00"
"cad10cc982ab6a391570c211b995c17c","SP","4740","1","2820","2436","0.00"
"ae9690c6e8fee182c28c9ff8e11ca52c","SP","4740","1","2820","2436","0.00"
"7963e546f34e098b578f9ad102494601","SP","6099","1","2748","2436","0.00"
"b00af24704019bd2e1b335e70ad11f7c","BA","18900","1","2309","2436","0.00"
"7ab0dd5487bab2dc835337b244f689fb","SP","1250","1","2954","2436","0.00"
"b19c48688808720822399ffa9f2dbe2f","SP","95999","1","1421","2436","0.01"
"cd233f8bfa30ebfd651f47ee7d054951","SP","7990","1","2672","2436","0.00"
"7b3447b497e55af8c15fc7bd89d7b81a","SP","4990","1","2798","2436","0.00"
"9599519be538b98748162a2b48248960","SP","57000","1","1728","2436","0.00"
"7dc9a3355bae96dd82008b313d3a456c","MG","89900","1","1453","2436","0.01"
"d1a5cc844736958c11b8efab9a2b4c87","PR","23760","1","2199","2436","0.00"
"b5f49fe968dff6b112861e6cd8e192ef","PR","19470","1","2296","2436","0.00"
"804287717b9156fb7a787acd9af4fac1","PR","1880","1","2939","2436","0.00"
"edb58a1390adf273840030a3d6253829","SP","3990","1","2845","2436","0.00"
"b86a47b3366e3b5424a7b225781f4908","MG","8650","1","2652","2436","0.00"
"9d69ba0a7a626a64dc5db08e529559cf","SP","1930","1","2934","2436","0.00"
"6bcb2352a2a0c38b845f598298ab9d26","PR","1590","1","2942","2436","0.00"
"f09b760d23495ac9a7e00d29b769007c","SP","2190","1","2917","2436","0.00"
"6c6cc59a5c00cacc5054ca06d65cc282","RS","110700","1","1330","2436","0.01"
"6d04126aba80df143fd038e711b8fd96","RJ","8999","1","2629","2436","0.00"
"8629a7efec1aab257e58cda559f03ba7","GO","4522","1","2825","2436","0.00"
"a1040efe9ff4a6f93c28b0499eada8f5","SP","165883","1","1086","2436","0.01"
"d9b00a97818674c7f8d8b1ef0e689679","PR","6990","1","2716","2436","0.00"
"bc8c8d665ec4664d286be0d521722b19","SP","2250","1","2913","2436","0.00"
"889009a0ed0bb52c87819941192931b8","SP","8990","1","2633","2436","0.00"
"bd65d163ded559eb90a10cd09fec178f","SP","1980","1","2933","2436","0.00"
"70c4eedec9cb4a85cda2f3f9673557b4","SP","23990","1","2192","2436","0.00"
"be7a093e5b4d147b36b72bb1f9e415e5","PR","6090","1","2749","2436","0.00"
"dd264199fc8b687ad029de7de6d760e6","PR","8790","1","2646","2436","0.00"
"8b181ee5518df84f18f4e1a43fe07923","SP","2790","1","2895","2436","0.00"
"19484c79cef6c062cb177aa4ef2fcc3c","SP","20190","1","2261","2436","0.00"
"32f83ffe11cd40f7adcf4eef171f52d9","RS","2999","1","2877","2436","0.00"
"1b4b28463457a256e9a784ebe2a8f630","SP","69942","1","1623","2436","0.01"
"34675b28b826facfde119785bf287dc1","PR","2199","1","2916","2436","0.00"
"4ddeb3e828550cddc8d45c8bc36ab2d1","SP","15200","1","2419","2436","0.00"
"1c742ac33582852aaf3bcfbf5893abcf","MG","9790","1","2605","2436","0.00"
"4e42581f08e8cfc7c090f930bac4552a","SP","9800","1","2601","2436","0.00"
"4e92348462c75b6c842b994ce84a0ed4","RS","6990","1","2716","2436","0.00"
"376d67b61dce0c990155286e7ae486a4","SP","9400","1","2621","2436","0.00"
"04843805947f0fc584fc1969b6e50fe7","RS","140000","1","1183","2436","0.01"
"4fae87d32467e18eb46e4a76a0a0b9ce","RS","10090","1","2590","2436","0.00"
"052577151711aec5c744fe12e66db3e1","SC","68700","1","1628","2436","0.01"
"51e0557bc7b86de13e946c60ee91ce39","MG","4580","1","2824","2436","0.00"
"3b18f9856c6eb2413eafedb58e9eecd9","SP","31500","1","2048","2436","0.00"
"52f6f9f13ba19504c02781132a049e75","PR","19900","1","2278","2436","0.00"
"58e4b302b54937e55a678c4d15111da4","PR","4990","1","2798","2436","0.00"
"28a26ebce31d5918b181ede016fd693b","MG","2990","1","2880","2436","0.00"
"5a4236931428800e9d9cc04af0987118","SP","4497","1","2830","2436","0.00"
"432c67955c0acd1fd6b0b5d678766a71","SP","38900","1","1939","2436","0.00"
"43a1d4bab73b816e44ef4e4facd9f9b5","PR","18990","1","2305","2436","0.00"
"2c9005d8043aff18b8557ffb7b13cda4","ES","10990","1","2568","2436","0.00"
"139157dd4daa45c25b0807ffff348363","SP","2990","1","2880","2436","0.00"
"5db42a6cd9bf1bf0d3aab9582767f168","ES","20000","1","2265","2436","0.00"
"5e106d93b717c2682b9383da480364a1","PR","44590","1","1863","2436","0.00"
"2ef086a599b597572aca4433b7ed6b3d","SC","4900","1","2809","2436","0.00"
"6179a28a13a726c29b3bf54c070dccab","MG","30000","1","2078","2436","0.00"
"4aba6a02a788d3ec81c03137144d9a80","SC","8990","1","2633","2436","0.00"
"720e6cf846ea7572cbb66b743fb91e6c","SP","5400","1","2785","2436","0.00"
"a61cc04793308395a840807104365121","SP","1463","1","2948","2436","0.00"
"72c73be2b085b9d57650dd53eb2004c9","SP","2940","1","2892","2436","0.00"
"c18309219e789960add0b2255ca4b091","RJ","990","1","2964","2436","0.00"
"a89e143d5211473ae18db9577ee34b64","SP","7000","1","2710","2436","0.00"
"c74f14c1e26cf1bd5bd34b6a1e274426","SC","3900","1","2851","2436","0.00"
"e1c76f339ebd5460999f25a2aa8c92c5","SP","89990","1","1451","2436","0.01"
"8ec76bb0965af3f007692b26fa9d6623","SC","199900","1","997","2436","0.02"
"fc4751cfe3b279c419615b9b00c1abb4","PR","45370","1","1848","2436","0.00"
"75fdd0a732287f9497b179f6bd445d32","SP","5990","1","2755","2436","0.00"
"ad14615bdd492b01b0d97922e87cb87f","SC","825","1","2967","2436","0.00"
"ca5832c6960267b71041f74bb39e8b12","SC","7990","1","2672","2436","0.00"
"e59e575a175fadcadf8479e191770425","RJ","19990","1","2270","2436","0.00"
"cb4a705d00e100b9732d0ca34817d441","SC","99800","1","1394","2436","0.01"
"7957cac1a02f45d0a4a7e45626382ec2","PR","34300","1","2008","2436","0.00"
"e64882b4ef12aee8d0faca4db5b681f4","GO","23000","1","2209","2436","0.00"
"934ed5cd1b9c1c7382d0a94a94b9e639","PR","12585","1","2510","2436","0.00"
"e76ecc7e9a1a1e3c6df9d2a8261c423d","MG","2000","1","2922","2436","0.00"
"94165aea8a35c3c21499cbcae239b16c","MG","18000","1","2330","2436","0.00"
"623ad9d0c1e14bb5464a8c72bff7b4af","MG","9500","1","2613","2436","0.00"
"63191ead8d3b2f937cd1996fdcbbad20","SP","36700","1","1965","2436","0.00"
"cd2169d9f31ff6fbb9ca3373b0c9e354","RJ","56900","1","1733","2436","0.00"
"7bb8fac2913a6064ec412e583c6d8b4d","SP","10900","1","2571","2436","0.00"
"64c9a1db4e73e19aaafd3286dc448c96","PR","43900","1","1868","2436","0.00"
"6561d6bf844e464b4019442692b40e02","SP","4190","1","2839","2436","0.00"
"eae9af4811c294c56795d70e715b7337","SP","1590","1","2942","2436","0.00"
"984c273121e743dd14767befe6cb17f5","SP","25960","1","2151","2436","0.00"
"eb9267cccc90f1b49c8d2f9887c7dd97","PE","31990","1","2039","2436","0.00"
"674207551483fec113276b67b0d871ff","SP","11990","1","2531","2436","0.00"
"b5f0712d22a873b6797ab6cc65c3fcba","SP","1299","1","2953","2436","0.00"
"9b00cad94ef3078faf6fba2e792c158f","MG","35490","1","1985","2436","0.00"
"d4d99b60c4c94cd35acd502cec65dc8d","SP","7290","1","2706","2436","0.00"
"edf3fabebcc20f7463cc9c53da932ea8","SP","21990","1","2225","2436","0.00"
"9c3a1c416c765687bc79a04113269929","MG","7490","1","2699","2436","0.00"
"d7827b2af99326a03b0ed9c7a24db0d3","SP","145500","1","1161","2436","0.01"
"baf15155e37ef5492731459bdc05be8a","SP","4700","1","2822","2436","0.00"
"d8bf0fc082fd4a77fc2e5679b6c00133","SP","13990","1","2456","2436","0.00"
"bbf4a892cac7b82422baa711dffb8997","PR","7000","1","2710","2436","0.00"
"702835e4b785b67a084280efca355756","MG","760","1","2968","2436","0.00"
"db7ed69a53aa9fb1c01930ba54a88bbe","SP","10900","1","2571","2436","0.00"
"8936ba0de1073ee888cb3185ae5dc661","SP","38999","1","1936","2436","0.00"
"be67f78487e2cecb0d55bc769709e4f5","MG","10200","1","2588","2436","0.00"
"dc120d932ddf9d4dfb6fd68beefda622","PR","13000","1","2497","2436","0.00"
"89dda63a3c907c468ec88c310ed91213","SP","4499","1","2828","2436","0.00"
"8b11118053756a9a2932f447e11fc1b5","SP","7999","1","2668","2436","0.00"
"1927cdb9fa74f5270097f6250e8e8f34","SP","12000","1","2522","2436","0.00"
"19d62d484cba71963c93f0f00ab42013","SC","13990","1","2456","2436","0.00"
"00d8b143d12632bad99c0ad66ad52825","MG","8600","1","2653","2436","0.00"
"35281d148dcf7134bae913c57db4e6da","SP","11999","1","2529","2436","0.00"
"38f276ca6e7cc95a6d1bb55ac9e5550f","SP","2499","1","2902","2436","0.00"
"05a48cc8859962767935ab9087417fbb","SP","4290","1","2836","2436","0.00"
"1f7dfad2cb384ea4d2d7e1ffbd78c407","SP","4900","1","2809","2436","0.00"
"51a04a8a6bdcb23deccc82b0b80742cf","SP","16799","1","2373","2436","0.00"
"1fe61aa5494bd3ae92a2c13e067c810f","SC","53776","1","1762","2436","0.00"
"3a52d63a8f9daf5a28f3626d7eb9bd28","SP","3500","1","2863","2436","0.00"
"53336f97ddbe53e2a617d07b17447b95","SP","59950","1","1705","2436","0.00"
"08d1c9478fb0d7d7fcac9c0da4e82fc7","MG","53800","1","1760","2436","0.00"
"0b09101900100c0e9d312861fad5a1b9","SP","15375","1","2415","2436","0.00"
"26e2e5033827d2ba53929f43e03d8ffe","SP","13949","1","2466","2436","0.00"
"0ee4fb99ac55ffbbc98795aa01b7f8fa","SP","5990","1","2755","2436","0.00"
"5b92bfa4120daa27c574daa2e386c693","SP","1400","1","2950","2436","0.00"
"4450bd8327d471c4a11a83d1445b1b62","SP","19900","1","2278","2436","0.00"
"455befea1bb853c75ccbca94cff26e5c","RJ","1999","1","2924","2436","0.00"
"5d9f3746e112e696f98ea22c56b3e912","SP","132264","1","1216","2436","0.01"
"2e2f44824ab87a0cb961f68bf4073e7f","PR","4800","1","2816","2436","0.00"
"497709c2976a8fa308730a2dec5b0726","SP","7600","1","2691","2436","0.00"
"dde698c6d0bd24834c586e5111c2bba7","RJ","15590","1","2408","2436","0.00"
"72431a818f97fe6ab9c81eee3e297e54","SP","22990","1","2210","2436","0.00"
"8cb7c5ddf41f4d506eba76e9a4702a25","GO","6900","1","2725","2436","0.00"
"c747d5b92c7648417faea95d36d763e8","CE","13900","1","2468","2436","0.00"
"e1bed63d68ac36fe1f3061befe196af5","SP","19900","1","2278","2436","0.00"
"c3e2398fcc7e581cda2e546557bf6968","SP","1490","1","2945","2436","0.00"
"c87abc38c8ed3240861729e1aeadf221","SP","13300","1","2492","2436","0.00"
"c97aa4ee7420f937da13b7f9e2228b99","RS","2990","1","2880","2436","0.00"
"77128dec4bec4878c37ab7d6169d6f26","SP","650","1","2970","2436","0.00"
"c52c644cc0dc85121207a27013efc6af","MG","39780","1","1924","2436","0.00"
"c611f4ce9ce875bcc063fa97fd4d7d12","SP","31900","1","2041","2436","0.00"
"e5def42655b7490edac5a56fe8e9e603","SP","12990","1","2500","2436","0.00"
"9200e6ce317b67196b6b0bad4d4bd567","RJ","3690","1","2859","2436","0.00"
"933446e9a59dece7ae9175103820ca8f","PR","6499","1","2736","2436","0.00"
"cbbd5ae8f53de5f5097cd8217b529e24","SP","17590","1","2352","2436","0.00"
"6235903333ba7de1928c869e268e5964","SC","9406","1","2620","2436","0.00"
"94d76e96eedd976258cd3278ce56d5f2","SP","38561","1","1946","2436","0.00"
"630008e0f062605a415d694489f6f82e","SP","3535","1","2862","2436","0.00"
"d180e07dc1e58c31c3f0cd599dc4d945","MG","5880","1","2771","2436","0.00"
"98f52e1020fe788c10c0418de4393fec","RJ","2160","1","2918","2436","0.00"
"ec21206b7894c503788a684a7bc822a6","RJ","7500","1","2692","2436","0.00"
"d297f1055de2956aedfd3b04113dce3e","SP","5430","1","2784","2436","0.00"
"b6f52e346160519c24a23af05410ad32","SP","12990","1","2500","2436","0.00"
"d36b07fd3c5088e477a72d1fccfe29d4","SP","32890","1","2026","2436","0.00"
"80cfd480be3eb6d6267139f5cb793555","SP","9990","1","2593","2436","0.00"
"b7d5b4b87af9d42b601865d3f3810bff","SC","35000","1","1994","2436","0.00"
"ede2977fbaf3738583170735ca403f6c","PR","28990","1","2101","2436","0.00"
"efb628aa07c8ca93d7db0d85b91a4f5a","RJ","20400","1","2257","2436","0.00"
"b9de031b671cd48b28fae9d828cbf2b4","SP","15532","1","2410","2436","0.00"
"ba8e85df286308fe68a2ce83a8f8b2d6","SC","8090","1","2665","2436","0.00"
"9e94fa26a70ede4d26226e918e8706a2","SP","6280","1","2741","2436","0.00"
"baeda7047354773262ba2405f97038ba","SP","3500","1","2863","2436","0.00"
"d8b8f2cf9ff6ba0389072541cb42498c","GO","14900","1","2433","2436","0.00"
"9fe7c6641c79970ab48185498f547c09","SP","13000","1","2497","2436","0.00"
"f307937c1bb287c3efc2a514b94b0d1d","MG","18999","1","2303","2436","0.00"
"a150c540f572d0fb53992264bc5c10b5","SP","11990","1","2531","2436","0.00"
"f43827dd686be3a4a80e00aa299990fb","SP","9554","1","2612","2436","0.00"
"db6a4d4b5f1f5f98820ce6ce2619e2de","SP","13599","1","2480","2436","0.00"
"70c0fda4c313d87115644d39e62eec60","PE","2599","1","2898","2436","0.00"
"f5b84683a9bf9e1df748cf40f601b39c","SP","8390","1","2662","2436","0.00"
"a3fa18b3f688ec0fca3eb8bfcbd2d5b3","SP","4780","1","2817","2436","0.00"
"bee36b4f9a2b9fdcaff6ec05df202ed0","SP","1690","1","2941","2436","0.00"
"dcb7367a92f5ffb89f1e2152ed260285","SP","7990","1","2672","2436","0.00"
"a45765f8afb1e594b22bf9e974b46765","SP","7999","1","2668","2436","0.00"
"32e5635e63cb374eb63afdd242fb6134","RJ","91000","1","1443","2436","0.01"
"19a7c9f66ffa6452ff4b4c0cca71da27","PR","27900","1","2123","2436","0.00"
"00ab3eff1b5192e5f1a63bcecfee11c8","SP","9800","1","2601","2436","0.00"
"344223b2a90784f64136a8a5da012e7f","SC","1090","1","2962","2436","0.00"
"4dc2e811a1760953cb7c6a590b498943","SP","17500","1","2354","2436","0.00"
"4e2627090e6e5b9fabba883a37897683","MG","3990","1","2845","2436","0.00"
"3606774ec64634822d78dc2db6d37045","SP","17990","1","2336","2436","0.00"
"20f0aeea30bc3b8c4420be8ced4226c0","SP","1490","1","2945","2436","0.00"
"22a23e5ac7061fc538cc2a019afaaf16","MG","9500","1","2613","2436","0.00"
"3c88ed2e76a2247933a15daa7161eb1c","SP","15500","1","2411","2436","0.00"
"544863df86ed3b78a04e0820d41430ee","ES","2390","1","2908","2436","0.00"
"247587846358bb1d2e4c6522020b36fe","SP","9900","1","2596","2436","0.00"
"3ded4e2d5f135cb103e5949d7263d2dd","MG","4990","1","2798","2436","0.00"
"3ea08c48e851106d2f584349daba335f","MG","17000","1","2364","2436","0.00"
"0b46f784306be7200ca1700aa55d819f","MG","1990","1","2926","2436","0.00"
"4003520d80d0bad1d5623f7aa3c63cda","RJ","7000","1","2710","2436","0.00"
"28872dc528e978a639754bc8c2ce5a4c","RS","100990","1","1385","2436","0.01"
"41958cbd3335433c8740300e8cd600d5","SP","3299","1","2871","2436","0.00"
"5996cddab893a4652a15592fb58ab8db","SP","81000","1","1515","2436","0.01"
"5a32c398a06c345440bf2a683b017ad3","RJ","3490","1","2870","2436","0.00"
"42d4b7e70819438f5ada61c965e92d7e","GO","4960","1","2807","2436","0.00"
"443d880f15cbd3572885e1d44bf2c478","SP","9480","1","2617","2436","0.00"
"2c538755f1ca9540af144f266e70df6c","MG","33499","1","2021","2436","0.00"
"2d8cfba3fcd3170555941605edaa196a","SP","4500","1","2826","2436","0.00"
"5e063e85d44b0f5c3e6ec3131103a57e","SP","2290","1","2912","2436","0.00"
"483ca627d131e18f988349b1655c0acd","SP","26400","1","2143","2436","0.00"
"15b3b1b81484422eb41df68ac87f1f50","SP","4335","1","2835","2436","0.00"
"48e5ee06fb2dc74df1c711a9b6dfac2a","MG","5700","1","2775","2436","0.00"
"4965a7002cca77301c82d3f91b82e1a9","SP","849","1","2966","2436","0.00"
"49f8d2ea7b718d0ce587d34207caf2b4","SP","14990","1","2427","2436","0.00"
"c026ef0d72e9132d9fa112308090c8dc","RJ","52000","1","1773","2436","0.00"
"f7c31656c19db6275a8acadca289f426","SP","6156","1","2745","2436","0.00"
"c0f3eea2e14555b6faeea3dd58c1b1c3","SP","7999","1","2668","2436","0.00"
"a7c53f6b3b61adbdaa99dda97e8cbd56","SP","9900","1","2596","2436","0.00"
"c240c4061717ac1806ae6ee72be3533b","RJ","5990","1","2755","2436","0.00"
"c360e4787614ed31ac7a2f95d3b22dc6","SP","18890","1","2313","2436","0.00"
"fc0b214b59a83615fea981c6424a02ae","SP","15990","1","2394","2436","0.00"
"aadfe0417e61315688b6bd7043361e25","GO","28990","1","2101","2436","0.00"
"e3b4998c7a498169dc7bce44e6bb6277","SP","673500","1","441","2436","0.05"
"ab75b89cc49c9ab3160d0c91565a442a","SP","1899","1","2935","2436","0.00"
"c963a25b8671419c6ce9eebe8fd03218","RJ","4900","1","2809","2436","0.00"
"78813699ffac347fe27dba345a5f1551","RS","15242","1","2418","2436","0.00"
"791cfcfe22fe4a771ece27f90017da92","SP","29813","1","2090","2436","0.00"
"9315e491484b1b0081ca166fc164108d","PR","2999","1","2877","2436","0.00"
"e732329483fd5f27367dd997b47f598a","SC","10990","1","2568","2436","0.00"
"62de60d81c55c29d76a6bce418b31cef","SP","10300","1","2584","2436","0.00"
"9558aa23f77a9e0a0eca83540999f43b","PR","3900","1","2851","2436","0.00"
"e908c0f3646e8b60375734a350d95d71","SP","295100","1","810","2436","0.02"
"e9b6c33b71b67737693b4cfa68341c8d","SP","11990","1","2531","2436","0.00"
"eaaa46e98c9e61f6764dd1d7a2ab8b3e","RN","9800","1","2601","2436","0.00"
"668bf321538e5072858eaef6087ce027","PR","1990","1","2926","2436","0.00"
"b5dd7151a92ccaaa282cbe9681a05f44","SP","8500","1","2657","2436","0.00"
"9ac75591b69c3402684b6ce0310f22ee","SP","6050","1","2751","2436","0.00"
"80ceebb4ee9b31afb6c6a916a574a1e2","PR","672900","1","444","2436","0.05"
"820c7c9eaf76d2b226b6c242bcf3f34d","SP","55900","1","1743","2436","0.00"
"d598f929fc44e1e38678e7f47250ec04","GO","6990","1","2716","2436","0.00"
"d85efbc8eff2b7adf524e2820569adc8","SP","5500","1","2778","2436","0.00"
"a09a13f18ed27932d08438aa6f12756e","RS","2990","1","2880","2436","0.00"
"f3041c2e75ec683697a6a5ea82192210","MG","14500","1","2445","2436","0.00"
"6ebf4eceee4dd9847201c82e77ef8123","RJ","5990","1","2755","2436","0.00"
"87b4428a334b8f676fd9a7f3bf544fb5","SP","2999","1","2877","2436","0.00"
"f3862c2188522d89860c38a3ea8b550d","SP","1550","1","2944","2436","0.00"
"a213f1bd6458f4a158f3746cb2514559","PR","4152","1","2843","2436","0.00"
"dd5450b022b2d00a2145a66331e1aef6","SC","5900","1","2766","2436","0.00"
"4b90495391ac0bd181a80a459df1e718","RS","24800","1","2175","2436","0.00"
"3442033154be05bac582e173ef54fd12","SP","16100","1","2388","2436","0.00"
"1cbcd2ee0afb3fc09963b87eb65e7e4f","PR","9000","1","2626","2436","0.00"
"04ee0ec01589969663ba5967c0e0bdc0","RS","28949","1","2107","2436","0.00"
"1e47d8b6546eb3a77b1acddcc9406242","SP","14990","1","2427","2436","0.00"
"1f2eebc0e970fd3c463e4f5d9652687a","SP","4499","1","2828","2436","0.00"
"52831e5990d0771cb4951d6f12928167","SP","6500","1","2735","2436","0.00"
"3dc69bf2c42f0568a5c4791ec3fd3745","SP","15000","1","2422","2436","0.00"
"3fefda3299e6dfaea3466ef346a3571a","PR","20900","1","2247","2436","0.00"
"57a834594e1e9e9219603bfec184eadc","RS","13900","1","2468","2436","0.00"
"271b8923c6a549e02d3c9fd1f8c0422b","SP","10519","1","2581","2436","0.00"
"586a871d4f1221763fddb6ceefdeb95e","RS","19800","1","2286","2436","0.00"
"417a1e6c7321084d2a0ae0d023cfad93","RS","4890","1","2815","2436","0.00"
"0f94588695d71662beec8d883ffacf09","SC","900","1","2965","2436","0.00"
"5a9b3bcab695173c820e53934574ae80","SP","13900","1","2468","2436","0.00"
"2a73cba571d90c694b7caca072ccf6ce","SP","34278","1","2009","2436","0.00"
"43753b27d77860f1654aa72e251a7878","BA","2390","1","2908","2436","0.00"
"2bdb95a56a36ebbc6640337ac5eac174","SP","8990","1","2633","2436","0.00"
"2d20f1cd18725c91147da0791d498022","PR","9980","1","2595","2436","0.00"
"45a3d05fb00435e52a28859dd03703b3","SP","129900","1","1231","2436","0.01"
"13e85aac53340018b40c2af68001b7e0","SP","1780","1","2940","2436","0.00"
"48328ec9a579151d9cc6a86d4a59336c","RS","109900","1","1334","2436","0.01"
"164a5a8794e6d42e14f55e447b12a3bc","PR","7399","1","2703","2436","0.00"
"5f57db27027655e6c6a391601daa0258","ES","9800","1","2601","2436","0.00"
"1703bc09972dab9782e7a9194943b69f","MG","24990","1","2172","2436","0.00"
"dda37071807e404c5bb2a1590c66326f","SP","19999","1","2266","2436","0.00"
"723a46b89fd5c3ed78ccdf039e33ac63","RS","6664","1","2728","2436","0.00"
"c0e6839516f5398edc34adf5f1d53d1a","SP","3492","1","2869","2436","0.00"
"df683dfda87bf71ac3fc63063fba369d","RS","3990","1","2845","2436","0.00"
"a9ae440659f48b7849df83e82734150b","SP","28500","1","2113","2436","0.00"
"c7b7db6c8f3c64a7cc1afa634db21d50","SP","148900","1","1144","2436","0.01"
"c8771b1a10bb99bb34d3c459c5cffb53","SP","6490","1","2738","2436","0.00"
"8fd3b4468f6425810648177996c14cbd","SP","35490","1","1985","2436","0.00"
"fd435faa3c0422b60440ea3480d0e77c","PB","74900","1","1582","2436","0.01"
"e595809a6c31ec4314fd06ef198c244d","SC","3900","1","2851","2436","0.00"
"9140ef75cc8211c4035935e80e567204","PR","4990","1","2798","2436","0.00"
"feb793c88d836c3a75efa4b5a3465d70","SP","46600","1","1835","2436","0.00"
"ae45ad30c2d2e5913094769690a239d2","SP","25180","1","2166","2436","0.00"
"79b93a308a97792cf53ac75f46da00b5","RJ","9990","1","2593","2436","0.00"
"e72b4feb7abe210c52aa667abc25a3a2","SP","3820","1","2858","2436","0.00"
"63704069d9bd3a75c1cf59babe56004a","SP","5930","1","2764","2436","0.00"
"e8ff5a6ceb895583033fc2a0f314e3c2","SC","13989","1","2459","2436","0.00"
"ce4755084bc097113867e6454f8f5e52","SP","1890","1","2936","2436","0.00"
"7c462184585ae80bd6e5774c62ce50f2","SP","6000","1","2752","2436","0.00"
"7cf4ea70955b00d6b3c22542598e2715","SP","18990","1","2305","2436","0.00"
"7d81e74a4755b552267cd5e081563028","SP","3250","1","2873","2436","0.00"
"7f02656561b680def9986c0795a8a080","SP","4200","1","2838","2436","0.00"
"ebe3dabc4955c9b0d695e7bda38bf5c3","SP","5500","1","2778","2436","0.00"
"99a25c39b28a74d1151c35c18d178292","SP","17394","1","2360","2436","0.00"
"b5d034ac251546e25afe9067f05c1539","SP","6990","1","2716","2436","0.00"
"d263fa444c1504a75cbca5cc465f592a","SP","39900","1","1920","2436","0.00"
"b7ba853e9551f4558440881fd3e5c815","RS","13690","1","2479","2436","0.00"
"d4828feed4cda2cd9d6b37899a95a71e","CE","3990","1","2845","2436","0.00"
"82921991ff5b557b045605b8bbf08d49","SP","1890","1","2936","2436","0.00"
"f114dca2828bf718548db175ebe2cfcd","PR","13900","1","2468","2436","0.00"
"bac692d6c0ed08467878018e6cc9c26c","SC","47700","1","1822","2436","0.00"
"d7f1cfc638473be93baedbfd02208016","RJ","3000","1","2875","2436","0.00"
"850857dfac77488c307e2b1cbd84ab5a","PR","159900","1","1106","2436","0.01"
"9fbd5666d8618fa571c4230fafa09bd6","SP","7990","1","2672","2436","0.00"
"bcd2d7510d58e293f20fad6438c1b314","PR","2390","1","2908","2436","0.00"
"880ce4951cf857ab1d9e0b75c1d856f4","MG","17890","1","2342","2436","0.00"
"a2b911e9ad40dc7d61c142a4683e2d85","RJ","8590","1","2654","2436","0.00"
"bd43e172d599bed47a85da877172ca8c","SC","2392","1","2907","2436","0.00"
"a4fc6eadaff1576af888509a53420f6a","SP","10086","1","2591","2436","0.00"
"3296662b1331dea51e744505065ae889","SP","51780","1","1779","2436","0.00"
"4be9ae93c4fc0f41713d71a4194ee1b3","MG","10990","1","2568","2436","0.00"
"011b0eaba87386a2ae96a7d32bb531d1","SP","9998","1","2592","2436","0.00"
"4dab98ca6cd6d3df586203cefd28a042","RS","15490","1","2412","2436","0.00"
"0336182e1b3e92f029d5354832045fdf","SP","2980","1","2889","2436","0.00"
"37303482a42fb700d8d127e70a9cd6c8","SP","5890","1","2770","2436","0.00"
"1d953075c2f0dd990bacf27b83b330f1","MG","5900","1","2766","2436","0.00"
"398cb257329ef7af7f1943a8974a3cbc","BA","14590","1","2444","2436","0.00"
"20d53aad4fe5ee93a64f8839609d3586","MG","1450","1","2949","2436","0.00"
"3ac588cd562971392504a9e17130c40b","SP","1190","1","2959","2436","0.00"
"07a9bc7f61396b658ddf3ac534efe44c","SP","11990","1","2531","2436","0.00"
"52b53f7061969fe471d119b6195da864","SP","9000","1","2626","2436","0.00"
"0af2ab31141893d26aca5a404a537dab","SP","5900","1","2766","2436","0.00"
"0b36063d5818f81ccb94b54adfaebbf5","SC","76500","1","1567","2436","0.01"
"265fdc289dffa9f1ad801c74f7d0de47","SP","49500","1","1802","2436","0.00"
"585175ec331ea177fa47199e39a6170a","MG","354900","1","735","2436","0.03"
"0f80a40c312b2472dca482cf50f5186f","SP","12990","1","2500","2436","0.00"
"5ca5d579b5857ee8709479b1047cecc3","SP","16999","1","2367","2436","0.00"
"2cb98e27ce1c18abdb42209b34c382a7","SP","6249","1","2743","2436","0.00"
"491a5ada3aa1678414e990262c4bbdc1","SP","142000","1","1176","2436","0.01"
"16bdc8cefd0e32a6f0824d296c5ad14a","SP","4176","1","2842","2436","0.00"
"4a5b36211b1f51bf7eaa5c10a57fa483","RJ","13919","1","2467","2436","0.00"
"31e60bf8d103ce47932a85f5562deb16","GO","18100","1","2328","2436","0.00"
"c0e0b73d039eb9a99b6ce4cb7a429cd3","SC","2988","1","2888","2436","0.00"
"f9f68daa2af419d38f745478bcb3da1a","SP","1120","1","2961","2436","0.00"
"c7246702dc991a06d788120dc7544391","CE","5486","1","2781","2436","0.00"
"c2bda99904207edd1834f03e0022b007","SP","3990","1","2845","2436","0.00"
"fa8d335d68129e464e60c1826a683e96","RS","13990","1","2456","2436","0.00"
"a99504ac23ed125aaf5302af6cc30af9","SP","97800","1","1411","2436","0.01"
"749e7cdabbaf72f16677859e27874ba5","SP","4190","1","2839","2436","0.00"
"c8665a4dd081a2c436b1cd921079d0d9","SP","7939","1","2683","2436","0.00"
"c43d924a0f1688ee9fae0efcd6f539d4","RJ","2990","1","2880","2436","0.00"
"c9d2ba8dde44a275ae06475ed1d2fafc","MG","2879","1","2893","2436","0.00"
"fe9d9cf8631285d5982c6e2cf27fb114","MG","6990","1","2716","2436","0.00"
"cb162c8eef257253782d245c08d9097c","SP","3499","1","2867","2436","0.00"
"cb810bd318f51b3dc3c753944d61a1fa","RJ","175000","1","1057","2436","0.01"
"93bef6edaa84956e8e575016449b6351","SP","11500","1","2558","2436","0.00"
"61c36f0fc4a47f9532e5512b66668e62","SP","75000","1","1579","2436","0.01"
"7a704e63bb29c446869efde5d57524c8","PR","9449","1","2619","2436","0.00"
"ce3ad9de960102d0677a81f5d0bb7b2d","RJ","15800","1","2405","2436","0.00"
"e9874ae10b2d60d43917b6bbfa13a599","PR","19900","1","2278","2436","0.00"
"964ff64dc05b13811c6d0f41e0aa5f6b","SP","18000","1","2330","2436","0.00"
"6524b847b982cd56bb5d4b02b776ee42","SP","77980","1","1554","2436","0.01"
"7cb946b1ad19faebe28c3e86c2794ec3","MG","2500","1","2900","2436","0.00"
"6624bc09786f0e41ae48dfc5eeb1a9e2","MG","8954","1","2641","2436","0.00"
"eb4a59a06b3948e851a7d7a830bcbc42","BA","3200","1","2874","2436","0.00"
"698624c6632eeba1774924dbea24c700","SP","1990","1","2926","2436","0.00"
"b77a27b1864483e721dc831d5ba4afa0","RJ","2090","1","2920","2436","0.00"
"9bf11dfc0bec77e5a23028043c3c5a8f","MG","11500","1","2558","2436","0.00"
"d4f91e8be86b38da2ee35bc489645a9d","SP","4999","1","2795","2436","0.00"
"9c57bc60cfad5ee62d35d3f1ce4593a1","PR","18000","1","2330","2436","0.00"
"6b2612338467c08c9b25f0cc55b1578d","PR","9290","1","2624","2436","0.00"
"d63f306de130e0391d38a792541723b8","SP","4900","1","2809","2436","0.00"
"d6cd01c59123df02fc226eadbadb5f89","SP","6990","1","2716","2436","0.00"
"bac44fa8e13424950488659b5f765c41","SP","1990","1","2926","2436","0.00"
"d7d517afce974cd491b8d52bb5b5b1fc","SP","8999","1","2629","2436","0.00"
"f26d70155c2b6326fcfa1780c8c684e4","SC","20289","1","2259","2436","0.00"
"a1bea9970d8f65b240555f99c2214f7f","PR","7500","1","2692","2436","0.00"
"da3fede3469bf49b7293ce3fc45b294d","SP","4490","1","2831","2436","0.00"
"87f3e35268860433e13d577825aada95","SP","1990","1","2926","2436","0.00"
"dbc51f5e45d654ecc16cb68e6817ecea","SP","19999","1","2266","2436","0.00"
"70f7e8018e3d46c748c92f026aa2585a","SP","23980","1","2194","2436","0.00"
"dd9661d3cda1e6feb237f0c4d8b26f2e","SC","17400","1","2358","2436","0.00"
"003554e2dce176b5555353e4f3555ac8","GO","12000","1","2522","2436","0.00"
"010da0602d7774602cd1b3f5fb7b709e","SP","84950","1","1480","2436","0.01"
"4cc4fd4fdd406a85bbdc1f824b731bd7","PR","53998","1","1756","2436","0.00"
"028872bfa080090a9d0abd4f1af168f8","MG","7050","1","2709","2436","0.00"
"389e45560e33d2d0747f949dcddbc08e","SP","3900","1","2851","2436","0.00"
"1fa2d3def6adfa70e58c276bb64fe5bb","SP","690","1","2969","2436","0.00"
"3986c0b54f6b748b75e7bd4e092aa3e5","PR","2499","1","2902","2436","0.00"
"3a3c180dd702a725bd0ba4117689239e","PR","4190","1","2839","2436","0.00"
"5305693ffae2d3463377b1f6fe67b15a","SP","9356","1","2623","2436","0.00"
"535bf14f36346c7f59d87cece104d70c","RJ","5000","1","2794","2436","0.00"
"3d2400ac620cffa23ac81bd192f7f555","SP","10500","1","2582","2436","0.00"
"0936e1837d0c79253456bbb2ffaaef10","SP","3890","1","2855","2436","0.00"
"5415337f1863452476d42d9f14a16a61","MG","4490","1","2831","2436","0.00"
"0a198e95d32b1be2da9424c962a6ebfa","MG","6999","1","2715","2436","0.00"
"3e51f9cbe317bc3a88f2c76583811ee4","SP","7609","1","2690","2436","0.00"
"59de1d4c8c057c2a53acd4ca66531af2","PR","13500","1","2484","2436","0.00"
"29c322e3f09f886f8bacbe91dfbd979e","RS","4898","1","2814","2436","0.00"
"436bf27f2f18474fc6047702e9f8a866","SP","2990","1","2880","2436","0.00"
"134b867a0f7f8bbe6abf10f91874891e","SP","78989","1","1534","2436","0.01"
"13d95f0f6f73943d4ceffad0fc2cd32c","GO","24999","1","2171","2436","0.00"
"2f3d8b4c9e2ee165075331fea3f3095a","SC","13000","1","2497","2436","0.00"
"a663d9c3797e90eac99ff60939416a56","SP","23500","1","2203","2436","0.00"
"c13ef0cfbe42f190780f621ce81f2234","SP","39000","1","1935","2436","0.00"
"a72f15980dc3e9bfd1a49ac9b2f3af65","SP","8990","1","2633","2436","0.00"
"c1dde11f12d05c478f5de2d7319ad3b2","SP","1250","1","2954","2436","0.00"
"e0482f2c769468c3bbcd8a01e09d98c5","SP","18900","1","2309","2436","0.00"
"8cf21434553b02cbd37c0bbd07e041b0","SC","4999","1","2795","2436","0.00"
"c716e0b86ed568878475b60fbb6323ad","SP","3500","1","2863","2436","0.00"
"740205fedfe4e90ca6857bc77db0f2b4","SP","22990","1","2210","2436","0.00"
"c286ec035ee04ba81c97508f0b5df544","PR","29400","1","2096","2436","0.00"
"e0b162a693bc7f9eab00f783a31d60ea","RS","2000","1","2922","2436","0.00"
"8de8fe3af4449ed695d2434c933ed73e","SP","209000","1","974","2436","0.02"
"a9415cf907dfa12f9ed18693244f5329","MG","21000","1","2241","2436","0.00"
"7494d0dcba8551df6cf37f1b905dc2f7","SP","4590","1","2823","2436","0.00"
"aa8af66c623d7d544dfe4bb85b5ebe3b","MG","9900","1","2596","2436","0.00"
"c8143b3069f6746a77421b5ce30a450c","GO","14247","1","2450","2436","0.00"
"fc6295add6f51a0936407ead70c1001d","SP","16000","1","2391","2436","0.00"
"913fd0ebba70bb919f7254a02239173c","SC","15990","1","2394","2436","0.00"
"782f78b632a43875dd5b53e3e49c9564","SP","9734","1","2609","2436","0.00"
"aec99834ab5d38ead22766ada8497e87","PR","45900","1","1840","2436","0.00"
"b026643914f651e8371425e5b8a1e780","RJ","2790","1","2895","2436","0.00"
"ccbd753e6863fe7314dc6c0ca5a074e7","SC","49500","1","1802","2436","0.00"
"95cca791657aabeff15a07eb152d7841","PR","999","1","2963","2436","0.00"
"ce33c6211beaa8fef4cae8b52db39862","SP","4900","1","2809","2436","0.00"
"7c4402417d51474d4d0cda9557340e40","SP","11990","1","2531","2436","0.00"
"b2f4d63c7203f539a78252565ca32257","RJ","1490","1","2945","2436","0.00"
"cecd97bc34ed8330bd4cd15713eda670","SC","5799","1","2773","2436","0.00"
"7caa63f175b1cecbfaadd8b5ab9998c7","SP","1990","1","2926","2436","0.00"
"96f7c797de9ca20efbe14545bed63eec","SP","13860","1","2474","2436","0.00"
"b3809b8d4394588a47c8470ea331e135","SP","8900","1","2642","2436","0.00"
"97e50a621f8e801f4baf69e08687c192","SP","8990","1","2633","2436","0.00"
"ebd1417732defaf66c50b5a800eb293e","PR","30900","1","2059","2436","0.00"
"b5b800c4065bebf4d3442311c9857344","SP","7990","1","2672","2436","0.00"
"d2572f31e9023e9850ef986a636ff9bf","MG","27900","1","2123","2436","0.00"
"686886775c8f6b1191c7b953fb52708c","SP","18900","1","2309","2436","0.00"
"ed49da7cadefc454d6a67de249eab240","SP","2150","1","2919","2436","0.00"
"b76f4d90e85657a240495c876313adc5","SP","29900","1","2085","2436","0.00"
"d3e7d37c0df9aef383f3f2a15b0dddfb","PR","16100","1","2388","2436","0.00"
"f00f5b35d0abcacbdd863672f4bb2c1a","SP","29900","1","2085","2436","0.00"
"9da15f4a4ea758d9eeb49000dbe57e22","SP","19690","1","2289","2436","0.00"
"9e25199f6ef7e7c347120ff175652c3b","SP","1250","1","2954","2436","0.00"
"6c77cd583b36a13aacccf2b3ee23e233","SP","1890","1","2936","2436","0.00"
"babcc0ab201e4c60188427cae51a5b8b","SP","7900","1","2684","2436","0.00"
"f1fdf2d13186575751aa25876536d85c","SP","2630","1","2897","2436","0.00"
"6dd7dce75cd55c1ce255dc38d9f0cd46","SC","7500","1","2692","2436","0.00"
"bba8d0c234a52b87b3957037a215d1a4","GO","12000","1","2522","2436","0.00"
"d9c349beabc06aa6ff1c6d68b5e9e22e","SP","16810","1","2371","2436","0.00"
"da2782c804606d2a5d8e1760dbb3e7ec","SP","8900","1","2642","2436","0.00"
"88cd3681e0a2ba85e190f7d817629c4c","SC","18000","1","2330","2436","0.00"
"a353b1083c9863d756d9404695016d64","ES","12000","1","2522","2436","0.00"
"a3b42d266fa8afc874b909422ce88582","SP","83940","1","1491","2436","0.01"
"f5fea3ffed6c2e889bab72705557c63a","RJ","34500","1","2003","2436","0.00"
"a4b8d97cd5d3674eeff96abc99d8ed67","SP","21408","1","2237","2436","0.00"
"c004e5ea15737026cecaee0447e00b75","SP","235000","1","918","2436","0.02"
